# Polskie słowa: forma bez ogonków → forma z ogonkami (najczęstsza, jednoznaczna).
# Na podstawie FrequencyWords (hermitdave, OpenSubtitles 2018) — CC BY-SA 4.0.
aborcje	aborcję
absolwentow	absolwentów
abys	abyś
abyscie	abyście
abysmy	abyśmy
admiral	admirał
admirala	admirała
admiralem	admirałem
adopcje	adopcję
adoptowac	adoptować
adrenaline	adrenalinę
adresow	adresów
adwokatow	adwokatów
afere	aferę
afrykanski	afrykański
afrykanskie	afrykańskie
afryke	afrykę
agentke	agentkę
agentow	agentów
agresje	agresję
akademie	akademię
akceptacje	akceptację
akceptowac	akceptować
akceptuja	akceptują
akrow	akrów
aktorke	aktorkę
aktorow	aktorów
aktow	aktów
aktywnosc	aktywność
aktywnosci	aktywności
aktywowac	aktywować
alarmow	alarmów
alaske	alaskę
albumow	albumów
alergie	alergię
ales	aleś
alez	ależ
alfe	alfę
aliantow	aliantów
alicje	alicję
alimentow	alimentów
alkoholiczka	alkoholiczką
alternatywe	alternatywę
aluzje	aluzję
amande	amandę
amatorow	amatorów
ambasade	ambasadę
amerykanow	amerykanów
amerykanscy	amerykańscy
amerykanski	amerykański
amerykanskich	amerykańskich
amerykanskie	amerykańskie
amerykanskiego	amerykańskiego
amerykanskiej	amerykańskiej
amerykanskim	amerykańskim
amerykanskimi	amerykańskimi
ameryke	amerykę
amnezje	amnezję
amputowac	amputować
amunicje	amunicję
analize	analizę
analizowac	analizować
angazowac	angażować
angazuje	angażuje
angazujesz	angażujesz
angele	angelę
anglie	anglię
anglikow	anglików
aniol	anioł
aniola	anioła
aniolami	aniołami
aniolek	aniołek
aniolem	aniołem
aniolka	aniołka
aniolki	aniołki
aniolkiem	aniołkiem
aniolku	aniołku
aniolow	aniołów
aniolowie	aniołowie
anioly	anioły
anizeli	aniżeli
anonimowosc	anonimowość
antene	antenę
antybiotykow	antybiotyków
antykow	antyków
anulowac	anulować
aorte	aortę
apaczow	apaczów
apelacje	apelację
apokalipse	apokalipsę
apteczke	apteczkę
apteke	aptekę
arabow	arabów
archiwow	archiwów
arcydzielo	arcydzieło
arene	arenę
aresztowac	aresztować
aresztowal	aresztował
aresztowala	aresztowała
aresztowalem	aresztowałem
aresztowales	aresztowałeś
aresztowaliscie	aresztowaliście
aresztowalismy	aresztowaliśmy
aresztowan	aresztowań
aresztuja	aresztują
argumentow	argumentów
arke	arkę
armie	armię
arsenal	arsenał
artefaktow	artefaktów
artykul	artykuł
artykulem	artykułem
artykulow	artykułów
artykulu	artykułu
artykuly	artykuły
artysci	artyści
artyste	artystę
artystow	artystów
artystyczna	artystyczną
asow	asów
aspektow	aspektów
aspiryne	aspirynę
astme	astmę
astronautow	astronautów
asystentke	asystentkę
asystentow	asystentów
asystowac	asystować
atakow	ataków
atakowac	atakować
atakowal	atakował
atakuja	atakują
atakujac	atakując
atmosfere	atmosferę
atomow	atomów
auc	auć
audiencje	audiencję
audycje	audycję
aukcje	aukcję
aure	aurę
autentycznosc	autentyczność
autentycznosci	autentyczności
autobusow	autobusów
automatow	automatów
autopsje	autopsję
autorow	autorów
autostrade	autostradę
awansowac	awansować
awansowal	awansował
awanture	awanturę
awarie	awarię
azeby	ażeby
babcie	babcię
babeczke	babeczkę
babel	bąbel
babelkami	bąbelkami
babelki	bąbelki
babelkow	bąbelków
babke	babkę
bac	bać
bacznosc	baczność
bacznosci	baczności
badac	badać
badaja	badają
badajac	badając
badal	badał
badala	badała
badalem	badałem
badalismy	badaliśmy
badan	badań
badz	bądź
badzcie	bądźcie
badzmy	bądźmy
bagaz	bagaż
bagazami	bagażami
bagaze	bagaże
bagazem	bagażem
bagaznik	bagażnik
bagaznika	bagażnika
bagazniku	bagażniku
bagazu	bagażu
bagazy	bagaży
bajeczke	bajeczkę
bajke	bajkę
baki	bąki
baksow	baksów
bala	bała
balagan	bałagan
balaganem	bałaganem
balaganie	bałaganie
balaganu	bałaganu
balam	bałam
balas	bałaś
balem	bałem
bales	bałeś
balismy	baliśmy
balonow	balonów
balwan	bałwan
balwana	bałwana
banal	banał
bananow	bananów
bance	bańce
bandaz	bandaż
bandaze	bandaże
bandazy	bandaży
bande	bandę
bandyte	bandytę
bandytow	bandytów
bandziorow	bandziorów
banka	bańka
bankierow	bankierów
banknotow	banknotów
bankow	banków
barbare	barbarę
barbarzyncow	barbarzyńców
barbarzyncy	barbarzyńcy
barbarzynstwo	barbarzyństwo
bariere	barierę
barow	barów
basenow	basenów
bawelna	bawełna
bawelne	bawełnę
bawelny	bawełny
bawia	bawią
bawiac	bawiąc
bawic	bawić
bawie	bawię
bawil	bawił
bawila	bawiła
bawilam	bawiłam
bawilas	bawiłaś
bawilem	bawiłem
bawiles	bawiłeś
bawiliscie	bawiliście
bawilismy	bawiliśmy
bawilo	bawiło
bawily	bawiły
bawilysmy	bawiłyśmy
baze	bazę
bazujac	bazując
beatlesow	beatlesów
beben	bęben
bebny	bębny
beczke	beczkę
beda	będą
bedac	będąc
bedace	będące
bedacego	będącego
bedacy	będący
bedacych	będących
bede	będę
bedzie	będzie
bedziecie	będziecie
bedziemy	będziemy
bedziesz	będziesz
bekarcie	bękarcie
bekart	bękart
bekarta	bękarta
bekartem	bękartem
bekarty	bękarty
belkot	bełkot
benzyne	benzynę
berlo	berło
bezbolesnie	bezboleśnie
bezczelnosc	bezczelność
bezlitosnie	bezlitośnie
bezmyslne	bezmyślne
bezmyslnie	bezmyślnie
bezmyslny	bezmyślny
bezpieczenstwa	bezpieczeństwa
bezpieczenstwem	bezpieczeństwem
bezpieczenstwie	bezpieczeństwie
bezpieczenstwo	bezpieczeństwo
bezpieczenstwu	bezpieczeństwu
bezposredni	bezpośredni
bezposrednie	bezpośrednie
bezposredniego	bezpośredniego
bezposrednim	bezpośrednim
bezposrednio	bezpośrednio
bezsennosc	bezsenność
bezuzyteczna	bezużyteczna
bezuzyteczne	bezużyteczne
bezuzyteczni	bezużyteczni
bezuzyteczny	bezużyteczny
bezwartosciowa	bezwartościowa
bezwartosciowe	bezwartościowe
bezwartosciowy	bezwartościowy
bezwzgledna	bezwzględna
bezwzglednie	bezwzględnie
bezwzgledny	bezwzględny
bezzwlocznie	bezzwłocznie
bialaczke	białaczkę
bialas	białas
bialasa	białasa
bialasie	białasie
bialasow	białasów
biale	białe
bialego	białego
bialej	białej
bialek	białek
bialka	białka
bialko	białko
bialo	biało
bialy	biały
bialych	białych
bialym	białym
bialymi	białymi
biblie	biblię
biblioteke	bibliotekę
bic	bić
biedakow	biedaków
biegac	biegać
biegaja	biegają
biegal	biegał
biegala	biegała
biegalem	biegałem
biegl	biegł
biegla	biegła
bieglem	biegłem
biegly	biegły
biegna	biegną
biegne	biegnę
biegow	biegów
biegunke	biegunkę
bielizne	bieliznę
bieliznie	bieliźnie
biezaco	bieżąco
biezni	bieżni
bija	biją
bijace	bijące
bil	bił
bila	biła
bilem	biłem
biles	biłeś
biletow	biletów
bilionow	bilionów
bilo	biło
biografie	biografię
biologie	biologię
biopsje	biopsję
biora	biorą
biorac	biorąc
biore	biorę
bitwe	bitwę
biznesmenow	biznesmenów
bizuteria	biżuteria
bizuterie	biżuterię
bizuterii	biżuterii
blad	błąd
blaga	błaga
blagac	błagać
blagaj	błagaj
blagajac	błagając
blagal	błagał
blagala	błagała
blagalam	błagałam
blagalem	błagałem
blagam	błagam
blagamy	błagamy
blazen	błazen
blazna	błazna
bledach	błędach
bledem	błędem
bledna	błędna
bledne	błędne
blednie	błędnie
bledny	błędny
bledow	błędów
bledu	błędu
bledy	błędy
bledzie	błędzie
blekit	błękit
blekitna	błękitna
blekitne	błękitne
blekitnego	błękitnego
blekitny	błękitny
blekitnym	błękitnym
bliskosc	bliskość
bliskosci	bliskości
blizej	bliżej
blizne	bliznę
blizniacy	bliźniacy
blizniaczkami	bliźniaczkami
blizniaczki	bliźniaczki
blizniak	bliźniak
blizniaka	bliźniaka
blizniakami	bliźniakami
blizniaki	bliźniaki
blizniakow	bliźniaków
blizniat	bliźniąt
blizniego	bliźniego
bliznieta	bliźnięta
blizszy	bliższy
blocie	błocie
blogoslaw	błogosław
blogoslawi	błogosławi
blogoslawie	błogosławię
blogoslawieni	błogosławieni
blogoslawienstwa	błogosławieństwa
blogoslawienstwem	błogosławieństwem
blogoslawienstwo	błogosławieństwo
blogoslawiona	błogosławiona
blogoslawione	błogosławione
blogoslawiony	błogosławiony
blokade	blokadę
blokow	bloków
blokowac	blokować
blokuja	blokują
blondynke	blondynkę
blony	błony
blota	błota
blotem	błotem
bloto	błoto
bluze	bluzę
bluzke	bluzkę
bluznierstwo	bluźnierstwo
blysk	błysk
blyskawica	błyskawica
blyskawice	błyskawice
blyskawicy	błyskawicy
blyskawicznie	błyskawicznie
blyskotki	błyskotki
blyskotliwa	błyskotliwa
blyskotliwy	błyskotliwy
blyszcza	błyszczą
blyszczace	błyszczące
blyszczacy	błyszczący
blyszczec	błyszczeć
blyszczy	błyszczy
blyszczyk	błyszczyk
bobr	bóbr
bodzce	bodźce
bog	bóg
boginia	boginią
boginie	boginię
bogow	bogów
bohaterow	bohaterów
boj	bój
boja	boją
bojac	bojąc
bojce	bójce
bojcie	bójcie
boje	boję
bojek	bójek
bojka	bójka
bojke	bójkę
bojki	bójki
bojownikow	bojowników
bol	ból
bola	bolą
bolal	bolał
bolala	bolała
bolalo	bolało
bole	bóle
bolec	boleć
bolem	bólem
bolesnie	boleśnie
bolu	bólu
bombe	bombę
boska	boską
bosni	bośni
bostwo	bóstwo
boze	boże
bozego	bożego
bozej	bożej
bozy	boży
bozym	bożym
brac	brać
bracmi	braćmi
braklo	brakło
brakowac	brakować
brakowalo	brakowało
brakujace	brakujące
brakujacy	brakujący
brakujacych	brakujących
bral	brał
brala	brała
bralam	brałam
bralas	brałaś
bralem	brałem
brales	brałeś
bralismy	braliśmy
braly	brały
brame	bramę
bramke	bramkę
bransolete	bransoletę
bransoletke	bransoletkę
branza	branża
branzy	branży
braz	brąz
brazowe	brązowe
brazowego	brązowego
brazowy	brązowy
brazowych	brązowych
brazowym	brązowym
brazu	brązu
brnac	brnąć
brod	bród
brode	brodę
brokuly	brokuły
bron	broń
bronia	bronią
broniac	broniąc
bronic	bronić
bronil	bronił
bronila	broniła
bronilam	broniłam
bronilem	broniłem
broniles	broniłeś
brudow	brudów
brutalnosc	brutalność
brutalnosci	brutalności
brydza	brydża
bryke	brykę
brytyjczykow	brytyjczyków
brzeczenie	brzęczenie
brzegow	brzegów
brzemie	brzemię
brzmia	brzmią
brzmial	brzmiał
brzmiala	brzmiała
brzmialo	brzmiało
brzmialy	brzmiały
brzmie	brzmię
brzmiec	brzmieć
brzydze	brzydzę
bude	budę
budke	budkę
budowac	budować
budowal	budował
budowalem	budowałem
budowe	budowę
buduja	budują
budujac	budując
budyn	budyń
budynkow	budynków
budz	budź
budza	budzą
budze	budzę
budzecie	budżecie
budzet	budżet
budzetem	budżetem
budzetowe	budżetowe
budzetu	budżetu
budzic	budzić
budzil	budził
bujac	bujać
bujna	bujną
buleczki	bułeczki
bulka	bułka
bulke	bułkę
bulki	bułki
buntownikow	buntowników
burte	burtę
butelke	butelkę
butow	butów
buzie	buzię
buzka	buźka
buzke	buźkę
byc	być
bydla	bydła
bydle	bydlę
bydlo	bydło
bykow	byków
byl	był
byla	była
bylaby	byłaby
bylabym	byłabym
bylabys	byłabyś
bylam	byłam
bylas	byłaś
bylby	byłby
bylbym	byłbym
bylbys	byłbyś
bylego	byłego
bylej	byłej
bylem	byłem
bylemu	byłemu
byles	byłeś
bylibyscie	bylibyście
bylibysmy	bylibyśmy
byliscie	byliście
bylismy	byliśmy
bylo	było
byloby	byłoby
byly	były
bylyby	byłyby
bylych	byłych
bylym	byłym
bylymi	byłymi
bylyscie	byłyście
bylysmy	byłyśmy
bys	byś
byscie	byście
bysmy	byśmy
bywaja	bywają
bywal	bywał
bywalem	bywałem
bywalo	bywało
bzykac	bzykać
bzyknac	bzyknąć
cale	całe
calego	całego
calej	całej
calemu	całemu
calkiem	całkiem
calkowicie	całkowicie
calkowite	całkowite
calkowitego	całkowitego
calkowitej	całkowitej
calkowity	całkowity
calkowitym	całkowitym
calo	cało
calosc	całość
calosci	całości
calowac	całować
calowal	całował
calowala	całowała
calowalam	całowałam
calowalas	całowałaś
calowalem	całowałem
calowales	całowałeś
calowali	całowali
calowalismy	całowaliśmy
calowania	całowania
calowanie	całowanie
caluj	całuj
caluja	całują
calujemy	całujemy
calujesz	całujesz
calun	całun
calus	całus
calusa	całusa
calusy	całusy
caly	cały
calych	całych
calym	całym
calymi	całymi
cebule	cebulę
ceche	cechę
cegiel	cegieł
cegly	cegły
celebrytow	celebrytów
celow	celów
celowac	celować
celowal	celował
celuja	celują
cene	cenę
cenia	cenią
centow	centów
centrale	centralę
centymetrow	centymetrów
cere	cerę
ceremonie	ceremonię
chate	chatę
chatke	chatkę
chca	chcą
chcac	chcąc
chcacy	chcący
chcacych	chcących
chcial	chciał
chciala	chciała
chcialaby	chciałaby
chcialabym	chciałabym
chcialabys	chciałabyś
chcialam	chciałam
chcialas	chciałaś
chcialby	chciałby
chcialbym	chciałbym
chcialbys	chciałbyś
chcialem	chciałem
chciales	chciałeś
chcialo	chciało
chcialoby	chciałoby
chcialy	chciały
chcialyby	chciałyby
chcialybysmy	chciałybyśmy
chcialysmy	chciałyśmy
chciec	chcieć
chcielibyscie	chcielibyście
chcielibysmy	chcielibyśmy
chcieliscie	chcieliście
chcielismy	chcieliśmy
chciwosc	chciwość
chciwosci	chciwości
chec	chęć
checi	chęci
checia	chęcią
cheerleaderka	cheerleaderką
chemie	chemię
chemikaliow	chemikaliów
chemioterapie	chemioterapię
chetna	chętna
chetni	chętni
chetnie	chętnie
chetny	chętny
chetnych	chętnych
chinczycy	chińczycy
chinczyk	chińczyk
chinczyka	chińczyka
chinczykami	chińczykami
chinczykiem	chińczykiem
chinczykow	chińczyków
chinski	chiński
chinskich	chińskich
chinskie	chińskie
chinskiego	chińskiego
chinskiej	chińskiej
chinskim	chińskim
chinsku	chińsku
chinszczyzna	chińszczyzna
chinszczyzne	chińszczyznę
chipsow	chipsów
chirurgie	chirurgię
chirurgow	chirurgów
chlod	chłód
chlodna	chłodna
chlodne	chłodne
chlodni	chłodni
chlodniej	chłodniej
chlodno	chłodno
chlodny	chłodny
chlodzenia	chłodzenia
chlop	chłop
chlopa	chłopa
chlopacy	chłopacy
chlopak	chłopak
chlopaka	chłopaka
chlopakach	chłopakach
chlopakami	chłopakami
chlopaki	chłopaki
chlopakiem	chłopakiem
chlopakom	chłopakom
chlopakow	chłopaków
chlopakowi	chłopakowi
chlopaku	chłopaku
chlopca	chłopca
chlopcach	chłopcach
chlopcami	chłopcami
chlopcem	chłopcem
chlopcom	chłopcom
chlopcow	chłopców
chlopcu	chłopcu
chlopcy	chłopcy
chlopcze	chłopcze
chlopczyk	chłopczyk
chlopczyka	chłopczyka
chlopczyku	chłopczyku
chlopi	chłopi
chlopie	chłopie
chlopiec	chłopiec
chlopow	chłopów
chloptas	chłoptaś
chloptasia	chłoptasia
chloptasiu	chłoptasiu
chmure	chmurę
choc	choć
chocby	choćby
chocbym	choćbym
chocbys	choćbyś
chociaz	chociaż
chociazby	chociażby
chod	chód
chodz	chodź
chodza	chodzą
chodzac	chodząc
chodzace	chodzące
chodzacy	chodzący
chodzacym	chodzącym
chodzcie	chodźcie
chodze	chodzę
chodzic	chodzić
chodzil	chodził
chodzila	chodziła
chodzilam	chodziłam
chodzilas	chodziłaś
chodzilem	chodziłem
chodziles	chodziłeś
chodziliscie	chodziliście
chodzilismy	chodziliśmy
chodzilo	chodziło
chodzily	chodziły
chodzmy	chodźmy
choinke	choinkę
cholere	cholerę
chor	chór
chorazy	chorąży
chorob	chorób
chorobe	chorobę
chorowac	chorować
chorowal	chorował
chorowala	chorowała
choru	chóru
choruja	chorują
chorze	chórze
chowac	chować
chowaja	chowają
chowal	chował
chowalem	chowałem
chron	chroń
chroncie	chrońcie
chronia	chronią
chroniac	chroniąc
chronic	chronić
chronie	chronię
chronil	chronił
chronila	chroniła
chronilam	chroniłam
chronilem	chroniłem
chroniles	chroniłeś
chrupiace	chrupiące
chrzan	chrzań
chrzanic	chrzanić
chrzanie	chrzanię
chrzescijan	chrześcijan
chrzescijanie	chrześcijanie
chrzescijanin	chrześcijanin
chrzescijaninem	chrześcijaninem
chrzescijanka	chrześcijanką
chrzescijanski	chrześcijański
chrzescijanskie	chrześcijańskie
chrzescijanskiej	chrześcijańskiej
chrzescijanstwa	chrześcijaństwa
chrzescijanstwo	chrześcijaństwo
chrzestna	chrzestną
chusteczke	chusteczkę
chwala	chwała
chwalic	chwalić
chwalil	chwalił
chwaly	chwały
chwile	chwilę
chwileczke	chwileczkę
chwilke	chwilkę
chwyc	chwyć
chwycic	chwycić
chwycil	chwycił
chwycila	chwyciła
chwycilem	chwyciłem
chwytac	chwytać
chybil	chybił
ciac	ciąć
ciag	ciąg
ciagle	ciągle
ciaglego	ciągłego
ciaglej	ciągłej
ciagly	ciągły
ciaglych	ciągłych
ciaglym	ciągłym
ciagna	ciągną
ciagnac	ciągnąć
ciagnal	ciągnął
ciagne	ciągnę
ciagnelo	ciągnęło
ciagnie	ciągnie
ciagniesz	ciągniesz
ciagnij	ciągnij
ciagnijcie	ciągnijcie
ciagu	ciągu
cial	ciał
ciala	ciała
cialach	ciałach
cialami	ciałami
cialem	ciałem
cialko	ciałko
cialo	ciało
cialu	ciału
ciasniej	ciaśniej
ciaza	ciąża
ciaze	ciążę
ciazowy	ciążowy
ciazy	ciąży
cie	cię
ciec	cięć
ciecia	cięcia
ciecie	cięcie
ciekawosc	ciekawość
ciekawosci	ciekawości
ciemnosc	ciemność
ciemnosci	ciemności
ciemnoscia	ciemnością
ciemnosciach	ciemnościach
cien	cień
ciepla	ciepła
cieple	ciepłe
cieplego	ciepłego
cieplo	ciepło
cieply	ciepły
cieplych	ciepłych
cieplym	ciepłym
cierpia	cierpią
cierpial	cierpiał
cierpiala	cierpiała
cierpialam	cierpiałam
cierpialem	cierpiałem
cierpie	cierpię
cierpiec	cierpieć
cierpien	cierpień
cierpliwosc	cierpliwość
cierpliwosci	cierpliwości
ciescie	cieście
ciesza	cieszą
ciesze	cieszę
cieszyc	cieszyć
cieszyl	cieszył
cieszyla	cieszyła
cieszylam	cieszyłam
cieszylem	cieszyłem
ciezar	ciężar
ciezarem	ciężarem
ciezarnej	ciężarnej
ciezarowce	ciężarówce
ciezarowek	ciężarówek
ciezarowka	ciężarówka
ciezarowke	ciężarówkę
ciezarowki	ciężarówki
ciezaru	ciężaru
ciezej	ciężej
ciezka	ciężka
ciezki	ciężki
ciezkich	ciężkich
ciezkie	ciężkie
ciezkiego	ciężkiego
ciezkiej	ciężkiej
ciezkim	ciężkim
ciezko	ciężko
ciezsza	cięższa
ciezsze	cięższe
ciezszy	cięższy
ciocie	ciocię
ciosow	ciosów
ciotke	ciotkę
cipe	cipę
cipke	cipkę
cisnienia	ciśnienia
cisnienie	ciśnienie
cisnieniem	ciśnieniem
cisze	ciszę
ciuchow	ciuchów
cma	ćma
cmy	ćmy
cnot	cnót
cnote	cnotę
codzien	codzień
cofac	cofać
cofnac	cofnąć
cofnal	cofnął
cofne	cofnę
corce	córce
coreczka	córeczka
coreczke	córeczkę
coreczki	córeczki
coreczko	córeczko
corek	córek
corka	córka
corkami	córkami
corke	córkę
corki	córki
corko	córko
cos	coś
coscie	coście
coz	cóż
cpac	ćpać
cpun	ćpun
cpuna	ćpuna
cpunem	ćpunem
cpunow	ćpunów
cpuny	ćpuny
cudow	cudów
cudzolostwo	cudzołóstwo
cudzoziemcow	cudzoziemców
cukierkow	cukierków
cukrowa	cukrową
cukrzyce	cukrzycę
cwiartke	ćwiartkę
cwicz	ćwicz
cwicza	ćwiczą
cwicze	ćwiczę
cwiczen	ćwiczeń
cwiczenia	ćwiczenia
cwiczeniach	ćwiczeniach
cwiczenie	ćwiczenie
cwiczy	ćwiczy
cwiczyc	ćwiczyć
cwiczyl	ćwiczył
cwiczylam	ćwiczyłam
cwiczylem	ćwiczyłem
cwiczyles	ćwiczyłeś
cwiczylismy	ćwiczyliśmy
cwiczymy	ćwiczymy
cwiczysz	ćwiczysz
cwierc	ćwierć
cwoku	ćwoku
cyckow	cycków
cyganow	cyganów
cylonow	cylonów
cytowac	cytować
cytujac	cytując
cytuje	cytuję
cywilow	cywilów
czaja	czają
czaje	czaję
czapke	czapkę
czarnoksieznik	czarnoksiężnik
czarnoksieznika	czarnoksiężnika
czarnuchow	czarnuchów
czarow	czarów
czarowac	czarować
czarujaca	czarująca
czarujace	czarujące
czarujacy	czarujący
czarujacym	czarującym
czasopismie	czasopiśmie
czasow	czasów
czasteczek	cząsteczek
czasteczki	cząsteczki
czastek	cząstek
czastka	cząstka
czastke	cząstkę
czastki	cząstki
czaszke	czaszkę
czcic	czcić
czcza	czczą
czegos	czegoś
czegoz	czegóż
czekac	czekać
czekaja	czekają
czekajac	czekając
czekajace	czekające
czekajacy	czekający
czekajacych	czekających
czekal	czekał
czekala	czekała
czekalam	czekałam
czekalas	czekałaś
czekalem	czekałem
czekales	czekałeś
czekaliscie	czekaliście
czekalismy	czekaliśmy
czekalo	czekało
czekaly	czekały
czekolade	czekoladę
czekow	czeków
czekowa	czekową
czelnosc	czelność
czemus	czemuś
czemuz	czemuż
czepiac	czepiać
czern	czerń
czerpac	czerpać
czerpia	czerpią
czerwien	czerwień
czesc	cześć
czesci	części
czescia	częścią
czesciach	częściach
czesciami	częściami
czesciej	częściej
czesciowe	częściowe
czesciowo	częściowo
czesciowy	częściowy
czeste	częste
czesto	często
czestoskurcz	częstoskurcz
czestotliwosc	częstotliwość
czestotliwosci	częstotliwości
czestuj	częstuj
czestujcie	częstujcie
czlek	człek
czlonek	członek
czlonka	członka
czlonkami	członkami
czlonkiem	członkiem
czlonkom	członkom
czlonkostwo	członkostwo
czlonkow	członków
czlonkowie	członkowie
czlowieczek	człowieczek
czlowieczenstwa	człowieczeństwa
czlowieczenstwo	człowieczeństwo
czlowieczku	człowieczku
czlowiek	człowiek
czlowieka	człowieka
czlowiekiem	człowiekiem
czlowiekowi	człowiekowi
czlowieku	człowieku
czola	czoła
czolem	czołem
czolg	czołg
czolgac	czołgać
czolgi	czołgi
czolgow	czołgów
czolgu	czołgu
czolo	czoło
czolowy	czołowy
czolowych	czołowych
czolowym	czołowym
czterdziesci	czterdzieści
czternascie	czternaście
czubkow	czubków
czuc	czuć
czuja	czują
czujac	czując
czuje	czuję
czujnikow	czujników
czujnosc	czujność
czul	czuł
czula	czuła
czulabym	czułabym
czulam	czułam
czulas	czułaś
czulbym	czułbym
czulem	czułem
czules	czułeś
czulismy	czuliśmy
czulo	czuło
czulosc	czułość
czulosci	czułości
czuly	czuły
czuwac	czuwać
czuwal	czuwał
czworce	czwórce
czworka	czwórka
czworke	czwórkę
czworki	czwórki
czyichs	czyichś
czyims	czyimś
czyjas	czyjąś
czyjegos	czyjegoś
czyjejs	czyjejś
czyjes	czyjeś
czyjs	czyjś
czyms	czymś
czymze	czymże
czynia	czynią
czyniac	czyniąc
czynic	czynić
czynie	czynię
czynil	czynił
czynnikow	czynników
czynnosc	czynność
czynnosci	czynności
czynow	czynów
czys	czyś
czysccu	czyśćcu
czysci	czyści
czyscic	czyścić
czyscil	czyścił
czystosc	czystość
czystosci	czystości
czyszcze	czyszczę
czytac	czytać
czytaja	czytają
czytajac	czytając
czytal	czytał
czytala	czytała
czytalam	czytałam
czytalas	czytałaś
czytalem	czytałem
czytales	czytałeś
czytaliscie	czytaliście
czytalismy	czytaliśmy
czytelnikow	czytelników
czyz	czyż
czyzby	czyżby
czyzbym	czyżbym
czyzbys	czyżbyś
dab	dąb
dac	dać
dadza	dadzą
daja	dają
dajac	dając
dajze	dajże
dal	dał
dalaby	dałaby
dalabym	dałabym
dalabys	dałabyś
dalam	dałam
dalas	dałaś
dalby	dałby
dalbym	dałbym
dalbys	dałbyś
dalekow	daleków
dalem	dałem
dales	dałeś
dalibysmy	dalibyśmy
daliscie	daliście
dalismy	daliśmy
dalo	dało
daloby	dałoby
daly	dały
darow	darów
darowac	darować
darowizne	darowiznę
daruje	daruję
darze	darzę
date	datę
dawac	dawać
dawal	dawał
dawala	dawała
dawalam	dawałam
dawalas	dawałaś
dawalem	dawałem
dawales	dawałeś
dawalismy	dawaliśmy
dawalo	dawało
dawaly	dawały
dawce	dawcę
dawcow	dawców
dawke	dawkę
dazenie	dążenie
dazy	dąży
dazyc	dążyć
dazysz	dążysz
dbac	dbać
dbaja	dbają
dbal	dbał
dbala	dbała
dbalem	dbałem
debate	debatę
debu	dębu
deche	dechę
decydowac	decydować
decydowal	decydował
decyduja	decydują
decydujacy	decydujący
dedykuje	dedykuję
definicje	definicję
dekade	dekadę
deklaracje	deklarację
delektowac	delektować
delfinow	delfinów
demencje	demencję
demokracje	demokrację
demokratow	demokratów
demonow	demonów
demonstracje	demonstrację
denerwowac	denerwować
denerwowal	denerwował
denerwuja	denerwują
denerwujace	denerwujące
denerwujacy	denerwujący
dentyste	dentystę
dentystyczna	dentystyczną
depresje	depresję
desen	deseń
deske	deskę
detektywow	detektywów
determinacje	determinację
diabel	diabeł
diabla	diabła
diablem	diabłem
diablow	diabłów
diablu	diabłu
diably	diabły
diagnostyke	diagnostykę
diagnoze	diagnozę
diamentow	diamentów
diete	dietę
dietetyczna	dietetyczną
dilerow	dilerów
dinozaurow	dinozaurów
dlaczegoz	dlaczegóż
dlon	dłoń
dloni	dłoni
dlonia	dłonią
dloniach	dłoniach
dlonie	dłonie
dlonmi	dłońmi
dlug	dług
dluga	długa
dlugach	długach
dlugi	długi
dlugich	długich
dlugie	długie
dlugiego	długiego
dlugiej	długiej
dlugim	długim
dlugimi	długimi
dlugo	długo
dlugopis	długopis
dlugopisu	długopisu
dlugopisy	długopisy
dlugosc	długość
dlugosci	długości
dlugow	długów
dlugu	długu
dluzej	dłużej
dluzna	dłużna
dluzniczka	dłużniczką
dluznikiem	dłużnikiem
dluzny	dłużny
dluzsza	dłuższą
dluzsze	dłuższe
dluzszego	dłuższego
dluzszy	dłuższy
dmuchac	dmuchać
dobe	dobę
dobic	dobić
dobiegl	dobiegł
dobiegla	dobiegła
dobieglo	dobiegło
dobiegly	dobiegły
dobierac	dobierać
dobijaja	dobijają
dobiore	dobiorę
dobor	dobór
dobr	dóbr
dobrac	dobrać
dobral	dobrał
dobroc	dobroć
dobroczynnosc	dobroczynność
dobroczynnosci	dobroczynności
doceniac	doceniać
doceniaja	doceniają
docenic	docenić
docenil	docenił
docenilem	doceniłem
dochod	dochód
dochodow	dochodów
dochodza	dochodzą
dochodze	dochodzę
dochodzic	dochodzić
dochodzilo	dochodziło
dochowac	dochować
docieraja	docierają
doczekac	doczekać
dodac	dodać
dodaja	dodają
dodajac	dodając
dodal	dodał
dodala	dodała
dodalam	dodałam
dodalem	dodałem
dodales	dodałeś
dodatkow	dodatków
dodawac	dodawać
dodzwonic	dodzwonić
dodzwoniles	dodzwoniłeś
dogadac	dogadać
dogadalismy	dogadaliśmy
dogaduja	dogadują
dogadywac	dogadywać
dogladac	doglądać
doglebnie	dogłębnie
dogodzic	dogodzić
dogonic	dogonić
dogonie	dogonię
dojade	dojadę
dojda	dojdą
dojde	dojdę
dojechac	dojechać
dojechal	dojechał
dojechalismy	dojechaliśmy
dojezdzamy	dojeżdżamy
dojrzala	dojrzała
dojrzalosc	dojrzałość
dojrzalosci	dojrzałości
dojrzaly	dojrzały
dojrzec	dojrzeć
dojsc	dojść
dojscia	dojścia
dojscie	dojście
dokad	dokąd
dokadkolwiek	dokądkolwiek
dokads	dokądś
dokladke	dokładkę
dokladne	dokładne
dokladnego	dokładnego
dokladnej	dokładnej
dokladnie	dokładnie
dokladniej	dokładniej
dokladnosc	dokładność
dokladnoscia	dokładnością
dokladny	dokładny
dokladnych	dokładnych
dokladnym	dokładnym
dokola	dokoła
dokonac	dokonać
dokonal	dokonał
dokonala	dokonała
dokonalam	dokonałam
dokonalas	dokonałaś
dokonalem	dokonałem
dokonales	dokonałeś
dokonalismy	dokonaliśmy
dokonalo	dokonało
dokoncz	dokończ
dokoncze	dokończę
dokonczmy	dokończmy
dokonczy	dokończy
dokonczyc	dokończyć
dokonczyl	dokończył
dokonczymy	dokończymy
dokonczysz	dokończysz
dokonuja	dokonują
dokonywac	dokonywać
dokopac	dokopać
dokow	doków
doktorow	doktorów
dokuczac	dokuczać
dokuczaja	dokuczają
dokumentacje	dokumentację
dokumentow	dokumentów
dol	dół
dolac	dolać
dolacz	dołącz
dolaczcie	dołączcie
dolacze	dołączę
dolaczenie	dołączenie
dolaczy	dołączy
dolaczyc	dołączyć
dolaczycie	dołączycie
dolaczyl	dołączył
dolaczyla	dołączyła
dolaczylam	dołączyłam
dolaczylas	dołączyłaś
dolaczylem	dołączyłem
dolaczyles	dołączyłeś
dolaczyli	dołączyli
dolaczymy	dołączymy
dolaczysz	dołączysz
dolarow	dolarów
dolcow	dolców
doleciec	dolecieć
dolegliwosc	dolegliwość
dolegliwosci	dolegliwości
dolek	dołek
dolem	dołem
dolewke	dolewkę
doline	dolinę
dolka	dołka
dolku	dołku
doloz	dołóż
doloze	dołożę
dolozyc	dołożyć
dolu	dołu
dolujace	dołujące
domagac	domagać
domagaja	domagają
dominacje	dominację
domow	domów
domysl	domyśl
domyslac	domyślać
domyslam	domyślam
domyslasz	domyślasz
domyslec	domyśleć
domysli	domyśli
domyslic	domyślić
domyslil	domyślił
domyslila	domyśliła
domyslilam	domyśliłam
domyslilem	domyśliłem
domysliles	domyśliłeś
domysly	domysły
doniesc	donieść
doniesien	doniesień
donikad	donikąd
doniose	doniosę
doniosl	doniósł
donne	donnę
donosic	donosić
donosil	donosił
donosza	donoszą
dookola	dookoła
dopadl	dopadł
dopadla	dopadła
dopadlo	dopadło
dopadly	dopadły
dopadna	dopadną
dopadne	dopadnę
dopasc	dopaść
dopasowac	dopasować
dopasowal	dopasował
dopilnowac	dopilnować
dopilnuje	dopilnuję
dopisac	dopisać
doplynac	dopłynąć
doplyniemy	dopłyniemy
doplyw	dopływ
dopoki	dopóki
dopomoz	dopomóż
dopoty	dopóty
dopracowac	dopracować
doprowadz	doprowadź
doprowadzaja	doprowadzają
doprowadze	doprowadzę
doprowadzic	doprowadzić
doprowadzil	doprowadził
doprowadzila	doprowadziła
doprowadzilem	doprowadziłem
doprowadziles	doprowadziłeś
doprowadzilo	doprowadziło
doprowadzily	doprowadziły
dopusci	dopuści
dopuscic	dopuścić
dopuscil	dopuścił
dopuscili	dopuścili
dopuscimy	dopuścimy
dopuszcze	dopuszczę
doradce	doradcę
doradcow	doradców
doradzac	doradzać
doradzic	doradzić
dorastac	dorastać
dorastaja	dorastają
dorastajac	dorastając
dorastal	dorastał
dorastala	dorastała
dorastalam	dorastałam
dorastalas	dorastałaś
dorastalem	dorastałem
dorastales	dorastałeś
dorastalismy	dorastaliśmy
dorobic	dorobić
dorobil	dorobił
dorosl	dorósł
dorosla	dorosła
dorosle	dorosłe
doroslego	dorosłego
doroslem	dorosłem
dorosli	dorośli
dorosly	dorosły
doroslych	dorosłych
doroslym	dorosłym
doroslymi	dorosłymi
dorosna	dorosną
dorosnac	dorosnąć
dorosne	dorosnę
dorosnie	dorośnie
dorosniesz	dorośniesz
dorosnij	dorośnij
dorowna	dorówna
dorownac	dorównać
dorownuje	dorównuje
dorwa	dorwą
dorwac	dorwać
dorwal	dorwał
dorwalem	dorwałem
dorwales	dorwałeś
dorwalismy	dorwaliśmy
dorwe	dorwę
dorzuc	dorzuć
dorzuce	dorzucę
dorzucic	dorzucić
dosc	dość
dosiasc	dosiąść
dosiegnac	dosięgnąć
dosiegnie	dosięgnie
doskonala	doskonała
doskonalego	doskonałego
doskonalej	doskonałej
doskonalosc	doskonałość
doskonalosci	doskonałości
doskonaly	doskonały
doskonalym	doskonałym
doslownie	dosłownie
doslyszalem	dosłyszałem
dostac	dostać
dostaja	dostają
dostal	dostał
dostala	dostała
dostalam	dostałam
dostalas	dostałaś
dostalby	dostałby
dostalbym	dostałbym
dostalbys	dostałbyś
dostalem	dostałem
dostales	dostałeś
dostaliscie	dostaliście
dostalismy	dostaliśmy
dostalo	dostało
dostaly	dostały
dostalysmy	dostałyśmy
dostan	dostań
dostana	dostaną
dostane	dostanę
dostarczac	dostarczać
dostarczaja	dostarczają
dostarczal	dostarczał
dostarcze	dostarczę
dostarczyc	dostarczyć
dostarczyl	dostarczył
dostarczyla	dostarczyła
dostarczylem	dostarczyłem
dostarczyles	dostarczyłeś
dostawac	dostawać
dostawal	dostawał
dostawala	dostawała
dostawalem	dostawałem
dostawce	dostawcę
dostawcow	dostawców
dostawe	dostawę
dostep	dostęp
dostepem	dostępem
dostepna	dostępna
dostepne	dostępne
dostepny	dostępny
dostepnych	dostępnych
dostepu	dostępu
dostosowac	dostosować
dostrzegac	dostrzegać
dostrzegaja	dostrzegają
dostrzegl	dostrzegł
dostrzeglam	dostrzegłam
dostrzeglem	dostrzegłem
dostrzeze	dostrzeże
doswiadcza	doświadcza
doswiadczac	doświadczać
doswiadczalnym	doświadczalnym
doswiadczamy	doświadczamy
doswiadczasz	doświadczasz
doswiadczen	doświadczeń
doswiadczenia	doświadczenia
doswiadczeniach	doświadczeniach
doswiadczenie	doświadczenie
doswiadczeniem	doświadczeniem
doswiadczeniu	doświadczeniu
doswiadczonego	doświadczonego
doswiadczony	doświadczony
doswiadczonych	doświadczonych
doswiadczonym	doświadczonym
doswiadczyc	doświadczyć
doswiadczyl	doświadczył
doswiadczyla	doświadczyła
doswiadczylam	doświadczyłam
doswiadczylem	doświadczyłem
doswiadczyles	doświadczyłeś
doswiadczylismy	doświadczyliśmy
doswiadczysz	doświadczysz
dosyc	dosyć
doszczetnie	doszczętnie
doszedl	doszedł
doszedlem	doszedłem
doszedles	doszedłeś
doszla	doszła
doszlam	doszłam
doszlas	doszłaś
doszlismy	doszliśmy
doszlo	doszło
doszloby	doszłoby
doszly	doszły
dotad	dotąd
dotarl	dotarł
dotarla	dotarła
dotarlam	dotarłam
dotarlas	dotarłaś
dotarlem	dotarłem
dotarles	dotarłeś
dotarliscie	dotarliście
dotarlismy	dotarliśmy
dotarlo	dotarło
dotarly	dotarły
dotknac	dotknąć
dotknal	dotknął
dotknalem	dotknąłem
dotknales	dotknąłeś
dotkne	dotknę
dotknela	dotknęła
dotknelam	dotknęłam
dotknelo	dotknęło
dotkniecie	dotknięcie
dotkniety	dotknięty
dotra	dotrą
dotre	dotrę
dotrzec	dotrzeć
dotrzymac	dotrzymać
dotrzymal	dotrzymał
dotrzymalem	dotrzymałem
dotrzymales	dotrzymałeś
dotrzymywac	dotrzymywać
dotycza	dotyczą
dotyczace	dotyczące
dotyczacego	dotyczącego
dotyczacej	dotyczącej
dotyczacy	dotyczący
dotyczacych	dotyczących
dotyczacym	dotyczącym
dotyczyc	dotyczyć
dotyczyl	dotyczył
dotyczyla	dotyczyła
dotyczylo	dotyczyło
dotyczyly	dotyczyły
dotykac	dotykać
dotykaja	dotykają
dotykajac	dotykając
dotykal	dotykał
dotykala	dotykała
dotykalem	dotykałem
dotykales	dotykałeś
dowcipow	dowcipów
dowiadywac	dowiadywać
dowiedza	dowiedzą
dowiedzial	dowiedział
dowiedziala	dowiedziała
dowiedzialam	dowiedziałam
dowiedzialas	dowiedziałaś
dowiedzialem	dowiedziałem
dowiedziales	dowiedziałeś
dowiedzialy	dowiedziały
dowiedziec	dowiedzieć
dowiedzieliscie	dowiedzieliście
dowiedzielismy	dowiedzieliśmy
dowiesc	dowieść
dowiode	dowiodę
dowiodl	dowiódł
dowod	dowód
dowodce	dowódcę
dowodco	dowódco
dowodcow	dowódców
dowodcy	dowódcy
dowodow	dowodów
dowodza	dowodzą
dowodzacy	dowodzący
dowodze	dowodzę
dowodzic	dowodzić
dowodzil	dowodził
dowodztwa	dowództwa
dowodztwem	dowództwem
dowodztwo	dowództwo
dowolna	dowolną
doznac	doznać
doznal	doznał
doznala	doznała
doznalem	doznałem
dozyc	dożyć
dozyjesz	dożyjesz
dozylnie	dożylnie
dozywocia	dożywocia
dozywocie	dożywocie
drabine	drabinę
dragow	dragów
dramatow	dramatów
dramatyzowac	dramatyzować
dran	drań
drapac	drapać
drapieznik	drapieżnik
drapieznika	drapieżnika
drapiezniki	drapieżniki
drapieznikiem	drapieżnikiem
drapieznikow	drapieżników
drasniecie	draśnięcie
drazek	drążek
drazliwy	drażliwy
drazni	drażni
draznic	drażnić
draznij	drażnij
drazyc	drążyć
drecz	dręcz
drecza	dręczą
dreczy	dręczy
dreczyc	dręczyć
dreczyl	dręczył
drinkow	drinków
drobiazgow	drobiazgów
drocze	droczę
drog	dróg
droge	drogę
drogowa	drogową
drogowki	drogówki
dronow	dronów
drozsze	droższe
drukowac	drukować
druzba	drużbą
druzyn	drużyn
druzyna	drużyna
druzyne	drużynę
druzynie	drużynie
druzyno	drużyno
druzyny	drużyny
drza	drżą
drzec	drzeć
drzemke	drzemkę
drzenie	drżenie
drzy	drży
drzysz	drżysz
duchow	duchów
dume	dumę
dupe	dupę
dupkow	dupków
duren	dureń
dusic	dusić
dusil	dusił
duze	duże
duzego	dużego
duzej	dużej
duzo	dużo
duzy	duży
duzych	dużych
duzym	dużym
duzymi	dużymi
dwadziescia	dwadzieścia
dwanascie	dwanaście
dwiescie	dwieście
dwoch	dwóch
dwojce	dwójce
dwojka	dwójka
dwojke	dwójkę
dwojki	dwójki
dwom	dwóm
dwor	dwór
dyche	dychę
dyktowac	dyktować
dylizans	dyliżans
dymac	dymać
dynie	dynię
dyplomata	dyplomatą
dyplomatow	dyplomatów
dyplomow	dyplomów
dyrektorow	dyrektorów
dyscypline	dyscyplinę
dyskoteke	dyskotekę
dyskow	dysków
dyskrecje	dyskrecję
dyskutowac	dyskutować
dyskutowalismy	dyskutowaliśmy
dywanow	dywanów
dyzur	dyżur
dyzuru	dyżuru
dyzurze	dyżurze
dzem	dżem
dzemem	dżemem
dzentelmen	dżentelmen
dzentelmena	dżentelmena
dzentelmenem	dżentelmenem
dzentelmeni	dżentelmeni
dzentelmenow	dżentelmenów
dzgnac	dźgnąć
dzgnal	dźgnął
dzgnela	dźgnęła
dzgniety	dźgnięty
dziac	dziać
dziadkow	dziadków
dzial	dział
dziala	działa
dzialac	działać
dzialacie	działacie
dzialaj	działaj
dzialaja	działają
dzialajac	działając
dzialajace	działające
dzialajacy	działający
dzialajacych	działających
dzialal	działał
dzialala	działała
dzialalem	działałem
dzialali	działali
dzialalnosc	działalność
dzialalnosci	działalności
dzialalnoscia	działalnością
dzialalo	działało
dzialaly	działały
dzialam	działam
dzialamy	działamy
dzialan	działań
dzialania	działania
dzialaniach	działaniach
dzialanie	działanie
dzialaniem	działaniem
dzialaniu	działaniu
dzialasz	działasz
dzialce	działce
dzialek	działek
dzialem	działem
dzialka	działka
dzialke	działkę
dzialki	działki
dzialo	działo
dzialu	działu
dzialy	działy
dziasla	dziąsła
dzidzius	dzidziuś
dzieciakow	dzieciaków
dzieciatko	dzieciątko
dziecie	dziecię
dzieciece	dziecięce
dzieciecego	dziecięcego
dzieciecej	dziecięcej
dzieciecy	dziecięcy
dzieciecych	dziecięcych
dzieciecym	dziecięcym
dziecinstwa	dzieciństwa
dziecinstwie	dzieciństwie
dziecinstwo	dzieciństwo
dziecmi	dziećmi
dziedzincu	dziedzińcu
dzieja	dzieją
dziejow	dziejów
dziekczynienia	dziękczynienia
dziekczynienie	dziękczynienie
dzieki	dzięki
dziekowac	dziękować
dziekuj	dziękuj
dziekuja	dziękują
dziekuje	dziękuję
dziekujemy	dziękujemy
dziekujesz	dziękujesz
dziel	dzieł
dziela	dzieła
dzielac	dzieląc
dziele	dzielę
dzielem	dziełem
dzielic	dzielić
dzielil	dzielił
dzielila	dzieliła
dzielilismy	dzieliliśmy
dzielo	dzieło
dzien	dzień
dziendoberek	dzieńdoberek
dziendobry	dzieńdobry
dziesiatego	dziesiątego
dziesiatej	dziesiątej
dziesiatka	dziesiątka
dziesiatke	dziesiątkę
dziesiatki	dziesiątki
dziesiaty	dziesiąty
dziesiec	dziesięć
dziesieciu	dziesięciu
dziewczat	dziewcząt
dziewcze	dziewczę
dziewczece	dziewczęce
dziewczeta	dziewczęta
dziewczetami	dziewczętami
dziewczyne	dziewczynę
dziewczynke	dziewczynkę
dziewiata	dziewiąta
dziewiatego	dziewiątego
dziewiatej	dziewiątej
dziewiatka	dziewiątka
dziewiatki	dziewiątki
dziewiaty	dziewiąty
dziewiatym	dziewiątym
dziewiec	dziewięć
dziewiecdziesiat	dziewięćdziesiąt
dziewieciu	dziewięciu
dziewietnascie	dziewiętnaście
dzikusow	dzikusów
dzin	dżin
dzina	dżina
dzinsach	dżinsach
dzinsow	dżinsów
dzinsy	dżinsy
dziob	dziób
dzis	dziś
dziure	dziurę
dziurke	dziurkę
dziwadla	dziwadła
dziwadlem	dziwadłem
dziwadlo	dziwadło
dziwakow	dziwaków
dziwic	dziwić
dziwie	dziwię
dziwke	dziwkę
dziwolag	dziwoląg
dziwolagiem	dziwolągiem
dziwolagu	dziwolągu
dzoana	dżoana
dzungla	dżungla
dzungle	dżunglę
dzungli	dżungli
dzwiek	dźwięk
dzwieki	dźwięki
dzwiekiem	dźwiękiem
dzwiekow	dźwięków
dzwiekowe	dźwiękowe
dzwiekowy	dźwiękowy
dzwieku	dźwięku
dzwig	dźwig
dzwigac	dźwigać
dzwignia	dźwignia
dzwignie	dźwignię
dzwon	dzwoń
dzwoncie	dzwońcie
dzwonia	dzwonią
dzwoniac	dzwoniąc
dzwoniacy	dzwoniący
dzwonic	dzwonić
dzwonie	dzwonię
dzwonil	dzwonił
dzwonila	dzwoniła
dzwonilam	dzwoniłam
dzwonilas	dzwoniłaś
dzwonilem	dzwoniłem
dzwoniles	dzwoniłeś
dzwonilismy	dzwoniliśmy
dzwonow	dzwonów
dzyn	dzyń
edukacje	edukację
efektow	efektów
egoista	egoistą
egoistka	egoistką
egzaminow	egzaminów
egzekucje	egzekucję
ekipe	ekipę
ekonomie	ekonomię
ekscytujaca	ekscytująca
ekscytujace	ekscytujące
ekscytujacego	ekscytującego
ekscytujaco	ekscytująco
ekscytujacy	ekscytujący
ekspertow	ekspertów
eksperymentow	eksperymentów
eksperymentowac	eksperymentować
eksperymentowal	eksperymentował
eksplodowac	eksplodować
eksplodowal	eksplodował
eksplodowala	eksplodowała
eksploduja	eksplodują
elektrownie	elektrownię
elektrycznosc	elektryczność
elektrycznosci	elektryczności
elementow	elementów
elene	elenę
elfow	elfów
eliminowac	eliminować
elzbieta	elżbieta
elzbieto	elżbieto
elzbiety	elżbiety
emerytow	emerytów
emeryture	emeryturę
emigrantow	emigrantów
emisje	emisję
emme	emmę
energetyczna	energetyczną
energie	energię
epidemie	epidemię
ere	erę
erekcje	erekcję
eskorte	eskortę
eskortowac	eskortować
etyke	etykę
europe	europę
ewakuacje	ewakuację
ewakuowac	ewakuować
ewe	ewę
ewentualnosc	ewentualność
ewolucje	ewolucję
fabryke	fabrykę
fabula	fabuła
facetow	facetów
fajerwerkow	fajerwerków
fajke	fajkę
faktow	faktów
falsz	fałsz
falszerstwo	fałszerstwo
falszywe	fałszywe
falszywego	fałszywego
falszywej	fałszywej
falszywie	fałszywie
falszywka	fałszywka
falszywki	fałszywki
falszywy	fałszywy
falszywych	fałszywych
falszywym	fałszywym
falszywymi	fałszywymi
fanatykow	fanatyków
fanka	fanką
fanow	fanów
farbe	farbę
farme	farmę
farmerow	farmerów
fascynujaca	fascynująca
fascynujace	fascynujące
fascynujacy	fascynujący
fasole	fasolę
fasolke	fasolkę
faszysci	faszyści
faze	fazę
fazerow	fazerów
fidzi	fidżi
figure	figurę
figurke	figurkę
filizanka	filiżanka
filizanke	filiżankę
filizanki	filiżanki
filmow	filmów
filmowac	filmować
filozofie	filozofię
final	finał
finalow	finałów
finalowej	finałowej
finalu	finału
finaly	finały
finansow	finansów
finansowac	finansować
fiola	fioła
fiolke	fiolkę
firme	firmę
fizyke	fizykę
flage	flagę
flaszke	flaszkę
flirtowac	flirtować
flirtowal	flirtował
flirtowala	flirtowała
floryde	florydę
flote	flotę
folie	folię
fontanne	fontannę
formalnosc	formalność
formalnosci	formalności
forme	formę
formowac	formować
formula	formuła
formule	formułę
formuly	formuły
forse	forsę
fortune	fortunę
fotke	fotkę
fotograficzna	fotograficzną
fotografowac	fotografować
fragmentow	fragmentów
frajde	frajdę
frajerow	frajerów
francje	francję
francuzka	francuzką
francuzow	francuzów
frankow	franków
frustracje	frustrację
frustrujace	frustrujące
fryzure	fryzurę
fuche	fuchę
fundacje	fundację
funkcjonowac	funkcjonować
funkcjonuja	funkcjonują
funtow	funtów
fure	furę
furgonetke	furgonetkę
furie	furię
furtke	furtkę
gabka	gąbka
gabki	gąbki
gadac	gadać
gadaja	gadają
gadajac	gadając
gadajacy	gadający
gadal	gadał
gadala	gadała
gadalam	gadałam
gadalas	gadałaś
gadalem	gadałem
gadales	gadałeś
gadalismy	gadaliśmy
gadalo	gadało
gadke	gadkę
gadow	gadów
gadula	gaduła
gadzet	gadżet
gadzetow	gadżetów
gadzety	gadżety
galaktyke	galaktykę
galaretke	galaretkę
galaz	gałąź
galerie	galerię
galezi	gałęzi
galezie	gałęzie
galki	gałki
galonow	galonów
gangow	gangów
gangsterow	gangsterów
ganiac	ganiać
gape	gapę
gapia	gapią
gapiac	gapiąc
gapic	gapić
gapie	gapię
gapil	gapił
gapilem	gapiłem
garaz	garaż
garazem	garażem
garazu	garażu
garde	gardę
gardel	gardeł
garderobe	garderobę
gardla	gardła
gardlem	gardłem
gardlo	gardło
gardze	gardzę
garniturow	garniturów
garsc	garść
garsci	garści
gasic	gasić
gasnie	gaśnie
gatunkow	gatunków
gazete	gazetę
gaznik	gaźnik
gazow	gazów
gdybys	gdybyś
gdybyscie	gdybyście
gdybysmy	gdybyśmy
gdyz	gdyż
gdzies	gdzieś
gdziez	gdzież
gebe	gębę
gebie	gębie
geby	gęby
gejow	gejów
general	generał
generala	generała
generalem	generałem
generalow	generałów
generalowi	generałowi
generalowie	generałowie
genitaliow	genitaliów
genow	genów
ges	gęś
gesi	gęsi
gesia	gęsią
gesiej	gęsiej
gesta	gęsta
geste	gęste
gesto	gęsto
gestosc	gęstość
gielda	giełda
gielde	giełdę
gieldy	giełdy
gieldzie	giełdzie
gierke	gierkę
gigantow	gigantów
gimnastyczna	gimnastyczną
gimnastyke	gimnastykę
ginac	ginąć
gincie	gińcie
gine	ginę
gineli	ginęli
gitare	gitarę
glab	głąb
glabie	głąbie
gladka	gładka
gladki	gładki
gladkie	gładkie
gladko	gładko
glaz	głaz
glebe	glebę
glebi	głębi
glebiej	głębiej
glebin	głębin
gleboki	głęboki
glebokich	głębokich
glebokie	głębokie
glebokiego	głębokiego
glebokiej	głębokiej
glebokim	głębokim
gleboko	głęboko
glebokosc	głębokość
glebokosci	głębokości
glebsze	głębsze
glebszego	głębszego
glebszy	głębszy
glebszych	głębszych
gline	glinę
glod	głód
glodem	głodem
glodna	głodna
glodne	głodne
glodnego	głodnego
glodni	głodni
glodny	głodny
glodnych	głodnych
glodowac	głodować
glodu	głodu
gloduja	głodują
glodzie	głodzie
glos	głos
glosami	głosami
glosem	głosem
glosi	głosi
glosic	głosić
glosie	głosie
glosna	głośna
glosne	głośne
glosniej	głośniej
glosnik	głośnik
glosniki	głośniki
glosno	głośno
glosny	głośny
glosow	głosów
glosowac	głosować
glosowal	głosował
glosowala	głosowała
glosowalem	głosowałem
glosowali	głosowali
glosowania	głosowania
glosowanie	głosowanie
glosowaniu	głosowaniu
glosowe	głosowe
glosowej	głosowej
glosu	głosu
glosuj	głosuj
glosuja	głosują
glosujcie	głosujcie
glosujemy	głosujemy
glosujmy	głosujmy
glosy	głosy
glosza	głoszą
glow	głów
glowach	głowach
glowami	głowami
glowe	głowę
glowic	głowic
glowica	głowica
glowie	głowie
glowka	główka
glowke	główkę
glowki	główki
glowne	główne
glownego	głównego
glownej	głównej
glownie	głównie
glowny	główny
glownych	głównych
glownym	głównym
glownymi	głównymi
glowy	głowy
glucha	głucha
gluchy	głuchy
glupca	głupca
glupcami	głupcami
glupcem	głupcem
glupcow	głupców
glupcy	głupcy
glupcze	głupcze
glupek	głupek
glupi	głupi
glupia	głupia
glupich	głupich
glupie	głupie
glupiec	głupiec
glupiego	głupiego
glupiej	głupiej
glupim	głupim
glupimi	głupimi
glupio	głupio
glupiutka	głupiutka
glupka	głupka
glupki	głupki
glupkiem	głupkiem
glupkow	głupków
glupku	głupku
glupolu	głupolu
glupot	głupot
glupota	głupota
glupote	głupotę
glupoty	głupoty
glupstw	głupstw
glupstwa	głupstwa
glupstwo	głupstwo
glupszy	głupszy
gluptas	głuptas
gluptasie	głuptasie
gluptasku	głuptasku
glusi	głusi
gnebi	gnębi
gnic	gnić
gniewac	gniewać
gniezdzie	gnieździe
gnoj	gnój
gnojkow	gnojków
godnosc	godność
godnosci	godności
godnoscia	godnością
godze	godzę
godzic	godzić
godzine	godzinę
godzinke	godzinkę
goja	goją
golab	gołąb
gole	gołe
golebi	gołębi
golebia	gołębia
golebie	gołębie
golej	gołej
golic	golić
goly	goły
golym	gołym
golymi	gołymi
gonca	gońca
gonczy	gończy
gonia	gonią
gonic	gonić
gonie	gonię
gonil	gonił
gonilem	goniłem
gor	gór
gora	góra
goraca	gorąca
gorace	gorące
goracego	gorącego
goracej	gorącej
gorach	górach
goraco	gorąco
goracy	gorący
goracych	gorących
goracym	gorącym
goracymi	gorącymi
goraczka	gorączka
goraczke	gorączkę
goraczki	gorączki
gorami	górami
gore	górę
gorke	górkę
gorki	górki
gorne	górne
gornej	górnej
gornicy	górnicy
gornikow	górników
gorny	górny
gornym	górnym
gorski	górski
gorskie	górskie
gorskiej	górskiej
gory	góry
gorzala	gorzała
gorzale	gorzałę
gorzaly	gorzały
gorze	górze
gosc	gość
gosci	gości
goscia	gościa
gosciach	gościach
goscic	gościć
goscie	goście
gosciem	gościem
goscimy	gościmy
goscine	gościnę
goscinnego	gościnnego
goscinnosc	gościnność
goscinnosci	gościnności
goscinny	gościnny
goscinnym	gościnnym
gosciom	gościom
gosciowi	gościowi
gosciu	gościu
goscmi	gośćmi
gospodarke	gospodarkę
gospodynia	gospodynią
gotow	gotów
gotowac	gotować
gotowal	gotował
gotowala	gotowała
gotowce	gotówce
gotowke	gotówkę
gotowki	gotówki
gotowosc	gotowość
gotowosci	gotowości
gotuja	gotują
gowna	gówna
gownem	gównem
gowniane	gówniane
gownianego	gównianego
gownianej	gównianej
gownianie	gównianie
gowniany	gówniany
gownianych	gównianych
gownianym	gównianym
gowniarz	gówniarz
gowniarze	gówniarze
gowniarzu	gówniarzu
gownie	gównie
gowno	gówno
grac	grać
graja	grają
grajac	grając
grajaca	grającą
grajacego	grającego
grajacy	grający
grajacych	grających
gral	grał
grala	grała
gralam	grałam
gralas	grałaś
gralem	grałem
grales	grałeś
graliscie	graliście
gralismy	graliśmy
gralo	grało
graly	grały
gramow	gramów
granatow	granatów
gratow	gratów
gratuluje	gratuluję
grawitacje	grawitację
gre	grę
grekow	greków
grob	grób
grobow	grobów
gromadza	gromadzą
gromadzic	gromadzić
groza	grożą
grozac	grożąc
grozb	gróźb
grozba	groźba
grozbami	groźbami
grozbe	groźbę
grozby	groźby
groze	grozę
grozenie	grożenie
grozic	grozić
grozil	groził
grozila	groziła
groziles	groziłeś
grozilo	groziło
grozna	groźna
grozne	groźne
groznego	groźnego
groznie	groźnie
grozny	groźny
grozono	grożono
grubasow	grubasów
grubosci	grubości
grudzien	grudzień
grupe	grupę
gruzlice	gruźlicę
grype	grypę
gryz	gryź
gryzc	gryźć
gryze	gryzę
grzebac	grzebać
grzebal	grzebał
grzebien	grzebień
grzechow	grzechów
grzecznosc	grzeczność
grzecznosci	grzeczności
grzesznikow	grzeszników
grzybow	grzybów
grzywne	grzywnę
gubia	gubią
gubie	gubię
gume	gumę
gumke	gumkę
guscie	guście
guzikow	guzików
gwalci	gwałci
gwalciciel	gwałciciel
gwalciciela	gwałciciela
gwalcicielem	gwałcicielem
gwalcicieli	gwałcicieli
gwalcie	gwałcie
gwalcil	gwałcił
gwalt	gwałt
gwaltem	gwałtem
gwaltow	gwałtów
gwaltowna	gwałtowna
gwaltowne	gwałtowne
gwaltownie	gwałtownie
gwaltowny	gwałtowny
gwaltownych	gwałtownych
gwaltu	gwałtu
gwalty	gwałty
gwarancje	gwarancję
gwardie	gwardię
gwiazde	gwiazdę
gwiazdke	gwiazdkę
gwiezdzie	gwieździe
gwizdac	gwizdać
gwozdz	gwóźdź
gwozdzi	gwoździ
gwozdzie	gwoździe
hakerow	hakerów
halas	hałas
halasowac	hałasować
halasu	hałasu
halasuje	hałasuje
halasy	hałasy
hamburgerow	hamburgerów
hamowac	hamować
hamulcow	hamulców
hanbe	hańbę
hanby	hańby
handlowac	handlować
handlowal	handlował
handluja	handlują
hanne	hannę
harmonie	harmonię
hasel	haseł
hasla	hasła
haslem	hasłem
haslo	hasło
hawajow	hawajów
helikopterow	helikopterów
helm	hełm
helmu	hełmu
helmy	hełmy
herbate	herbatę
herbatke	herbatkę
heroine	heroinę
hindusow	hindusów
hipisow	hipisów
hipokrytka	hipokrytką
hipoteke	hipotekę
hipoteze	hipotezę
histerie	histerię
historie	historię
historyjke	historyjkę
hiszpanska	hiszpańska
hiszpanski	hiszpański
hiszpanskie	hiszpańskie
hiszpanskiego	hiszpańskiego
hiszpanskiej	hiszpańskiej
hiszpanskim	hiszpańskim
hiszpansku	hiszpańsku
hodowac	hodować
hojnosc	hojność
hojnosci	hojności
homoseksualista	homoseksualistą
homoseksualistow	homoseksualistów
hormonow	hormonów
horrorow	horrorów
hustawki	huśtawki
ida	idą
idac	idąc
idacy	idący
ide	idę
ideal	ideał
idealem	ideałem
idealow	ideałów
idealu	ideału
idealy	ideały
identyfikacje	identyfikację
idiote	idiotę
idiotke	idiotkę
idiotow	idiotów
idz	idź
idzcie	idźcie
idzmy	idźmy
igiel	igieł
igla	igła
igle	igłę
igly	igły
ignorowac	ignorować
ignorowal	ignorował
ignoruja	ignorują
igrac	igrać
ilekroc	ilekroć
ilez	ileż
ilosc	ilość
ilosci	ilości
iloscia	ilością
ilosciach	ilościach
iluzje	iluzję
imie	imię
imigrantow	imigrantów
implantow	implantów
imponujaca	imponująca
imponujace	imponujące
imponujacy	imponujący
impreze	imprezę
imprezke	imprezkę
imprezowac	imprezować
improwizowac	improwizować
impulsow	impulsów
incydentow	incydentów
indianskie	indiańskie
informatorow	informatorów
informowac	informować
informowal	informował
ingerowac	ingerować
inicjaly	inicjały
inicjatywe	inicjatywę
insektow	insektów
inspekcje	inspekcję
inspiracje	inspirację
inspirujaca	inspirująca
inspirujace	inspirujące
inspirujacy	inspirujący
instalacje	instalację
instrumentow	instrumentów
insuline	insulinę
integralnosc	integralność
inteligencje	inteligencję
intercyze	intercyzę
interesow	interesów
interesowac	interesować
interesowal	interesował
interesowala	interesowała
interesowalo	interesowało
interesowaly	interesowały
interesuja	interesują
interesujaca	interesująca
interesujace	interesujące
interesujacego	interesującego
interesujaco	interesująco
interesujacy	interesujący
interesujacych	interesujących
interesujacym	interesującym
interpretowac	interpretować
interwencje	interwencję
interweniowac	interweniować
intruzow	intruzów
intrygujace	intrygujące
intubowac	intubować
intuicje	intuicję
intymnosc	intymność
intymnosci	intymności
inwazje	inwazję
inwestorow	inwestorów
inwestowac	inwestować
inzynier	inżynier
inzyniera	inżyniera
inzynierem	inżynierem
inzynieria	inżynieria
inzynierii	inżynierii
inzynierow	inżynierów
inzynierowie	inżynierowie
irlandczykow	irlandczyków
ironie	ironię
irytujaca	irytująca
irytujace	irytujące
irytujacy	irytujący
isc	iść
iskre	iskrę
istnial	istniał
istniala	istniała
istnialo	istniało
istnialy	istniały
istniec	istnieć
istnieja	istnieją
istniejacych	istniejących
istnien	istnień
istote	istotę
izbe	izbę
jablek	jabłek
jablka	jabłka
jablko	jabłko
jablkowy	jabłkowy
jabloni	jabłoni
jacys	jacyś
jada	jadą
jadac	jadąc
jadacego	jadącego
jadacy	jadący
jadaczke	jadaczkę
jade	jadę
jader	jąder
jadl	jadł
jadla	jadła
jadlam	jadłam
jadlas	jadłaś
jadlem	jadłem
jadles	jadłeś
jadlodajni	jadłodajni
jadly	jadły
jadra	jądra
jadro	jądro
jadrowej	jądrowej
jadrowych	jądrowych
jagod	jagód
jajecznice	jajecznicę
jakaz	jakaż
jakbys	jakbyś
jakbyscie	jakbyście
jakbysmy	jakbyśmy
jakichs	jakichś
jakiegos	jakiegoś
jakiejs	jakiejś
jakiemus	jakiemuś
jakies	jakieś
jakiez	jakież
jakimis	jakimiś
jakims	jakimś
jakis	jakiś
jakiz	jakiż
jakos	jakoś
jakosc	jakość
jakosci	jakości
jakze	jakże
jankesow	jankesów
jape	japę
japonce	japońce
japonczycy	japończycy
japonczyk	japończyk
japonczykow	japończyków
japonie	japonię
japonski	japoński
japonskich	japońskich
japonskie	japońskie
japonskiego	japońskiego
japonskiej	japońskiej
japonskim	japońskim
japonsku	japońsku
jardow	jardów
jaskin	jaskiń
jasnie	jaśnie
jasniej	jaśniej
jasniejsze	jaśniejsze
jasnosc	jasność
jasnosci	jasności
jastrzab	jastrząb
jastrzebia	jastrzębia
jastrzebie	jastrzębie
jazde	jazdę
jazni	jaźni
jebac	jebać
jechac	jechać
jechal	jechał
jechala	jechała
jechalam	jechałam
jechalas	jechałaś
jechalem	jechałem
jechales	jechałeś
jechalismy	jechaliśmy
jeczec	jęczeć
jeczy	jęczy
jedenascie	jedenaście
jedliscie	jedliście
jedlismy	jedliśmy
jednakze	jednakże
jednoczesnie	jednocześnie
jednoreczny	jednoręczny
jednorozca	jednorożca
jednorozec	jednorożec
jednosc	jedność
jednosci	jedności
jednoscia	jednością
jednostke	jednostkę
jedynke	jedynkę
jedza	jedzą
jedzac	jedząc
jedzmy	jedźmy
jeki	jęki
jelen	jeleń
jencow	jeńców
jenne	jennę
jenow	jenów
jesc	jeść
jesien	jesień
jesienia	jesienią
jesii	jeśii
jesli	jeśli
jesliby	jeśliby
jeslibym	jeślibym
jeslibys	jeślibyś
jestes	jesteś
jestescie	jesteście
jestesmy	jesteśmy
jeza	jeża
jezdza	jeżdżą
jezdzac	jeżdżąc
jezdzca	jeźdźca
jezdzcem	jeźdźcem
jezdzcow	jeźdźców
jezdzcy	jeźdźcy
jezdze	jeżdżę
jezdzenie	jeżdżenie
jezdzi	jeździ
jezdzic	jeździć
jezdzie	jeździe
jezdziec	jeździec
jezdzil	jeździł
jezdzila	jeździła
jezdzilam	jeździłam
jezdzilem	jeździłem
jezdziles	jeździłeś
jezdzili	jeździli
jezdzilismy	jeździliśmy
jezdzimy	jeździmy
jezdzisz	jeździsz
jezeli	jeżeli
jezor	jęzor
jezyczkiem	języczkiem
jezyk	język
jezyka	języka
jezykach	językach
jezykami	językami
jezyki	języki
jezykiem	językiem
jezykow	języków
jezyku	języku
joge	jogę
jol	joł
jozef	józef
jozefa	józefa
jozefie	józefie
jozek	józek
juniorow	juniorów
jurysdykcje	jurysdykcję
jutrzejsza	jutrzejszą
juz	już
kabine	kabinę
kablowce	kablówce
kablowka	kablówka
kablowke	kablówkę
kablowki	kablówki
kacie	kącie
kacik	kącik
kaczke	kaczkę
kadetow	kadetów
kadlub	kadłub
kadluba	kadłuba
kadlubie	kadłubie
kaluza	kałuża
kaluzy	kałuży
kambodzy	kambodży
kamere	kamerę
kamien	kamień
kamizelke	kamizelkę
kampanie	kampanię
kamuflaz	kamuflaż
kamuflazu	kamuflażu
kanal	kanał
kanalach	kanałach
kanalami	kanałami
kanalem	kanałem
kanalow	kanałów
kanalu	kanału
kanaly	kanały
kanape	kanapę
kanapke	kanapkę
kancelarie	kancelarię
kandydatka	kandydatką
kandydatow	kandydatów
kandydature	kandydaturę
kandydowac	kandydować
kandydowal	kandydował
kapac	kąpać
kapele	kapelę
kapiel	kąpiel
kapiele	kąpiele
kapieli	kąpieli
kapielowki	kąpielówki
kapielowy	kąpielowy
kapital	kapitał
kapitalu	kapitału
kapitanow	kapitanów
kapitanski	kapitański
kaplana	kapłana
kaplanem	kapłanem
kaplani	kapłani
kaplanie	kapłanie
kaplanow	kapłanów
kapsul	kapsuł
kapsula	kapsuła
kapsuly	kapsuły
kapuje	kapuję
kapus	kapuś
kapuste	kapustę
karabinow	karabinów
karac	karać
karaluchow	karaluchów
kardynal	kardynał
kardynala	kardynała
kare	karę
karetke	karetkę
kariere	karierę
karlem	karłem
karly	karły
karme	karmę
karmia	karmią
karmic	karmić
karmie	karmię
karmil	karmił
karmila	karmiła
karnawal	karnawał
karte	kartę
karteczke	karteczkę
kartke	kartkę
kartonow	kartonów
kartoteke	kartotekę
karzel	karzeł
kase	kasę
kasek	kąsek
kasete	kasetę
katach	kątach
katastrofe	katastrofę
katem	kątem
katoliczka	katoliczką
katolikow	katolików
kaucje	kaucję
kawal	kawał
kawaleczek	kawałeczek
kawaleczki	kawałeczki
kawalek	kawałek
kawalerie	kawalerię
kawalerow	kawalerów
kawalka	kawałka
kawalkach	kawałkach
kawalkami	kawałkami
kawalki	kawałki
kawalkiem	kawałkiem
kawalkow	kawałków
kawalku	kawałku
kawalow	kawałów
kawaly	kawały
kawe	kawę
kawiarnie	kawiarnię
kaz	każ
kaza	każą
kazac	kazać
kazal	kazał
kazala	kazała
kazalam	kazałam
kazalas	kazałaś
kazalem	kazałem
kazales	kazałeś
kazalismy	kazaliśmy
kazalo	kazało
kazan	kazań
kazcie	każcie
kazde	każde
kazdego	każdego
kazdej	każdej
kazdemu	każdemu
kazdy	każdy
kazdych	każdych
kazdym	każdym
kazemy	każemy
kazesz	każesz
kelnerke	kelnerkę
kelnerow	kelnerów
kibicow	kibiców
kiecke	kieckę
kiedys	kiedyś
kielbase	kiełbasę
kielbasek	kiełbasek
kielbaske	kiełbaskę
kielbaski	kiełbaski
kielbasy	kiełbasy
kieliszkow	kieliszków
kierowac	kierować
kierowal	kierował
kierowala	kierowała
kierowce	kierowcę
kierowcow	kierowców
kierownica	kierownicą
kierownice	kierownicę
kieruja	kierują
kierujac	kierując
kieszen	kieszeń
kijow	kijów
kilkadziesiat	kilkadziesiąt
kilkanascie	kilkanaście
kilogramow	kilogramów
kilometrow	kilometrów
kims	kimś
kimze	kimże
kire	kirę
klada	kładą
klade	kładę
kladl	kładł
kladz	kładź
kladzie	kładzie
kladziemy	kładziemy
kladziesz	kładziesz
klam	kłam
klamac	kłamać
klamal	kłamał
klamala	kłamała
klamalam	kłamałam
klamalas	kłamałaś
klamalem	kłamałem
klamales	kłamałeś
klamali	kłamali
klamanie	kłamanie
klamcami	kłamcami
klamce	kłamcę
klamco	kłamco
klamcow	kłamców
klamcy	kłamcy
klamczuch	kłamczuch
klamia	kłamią
klamie	kłamie
klamiecie	kłamiecie
klamiemy	kłamiemy
klamiesz	kłamiesz
klamke	klamkę
klamliwa	kłamliwa
klamliwy	kłamliwy
klamstw	kłamstw
klamstwa	kłamstwa
klamstwach	kłamstwach
klamstwami	kłamstwami
klamstwem	kłamstwem
klamstwie	kłamstwie
klamstwo	kłamstwo
klape	klapę
klasc	kłaść
klase	klasę
klate	klatę
klatke	klatkę
klatwa	klątwa
klatwe	klątwę
klatwy	klątwy
klaunow	klaunów
klaustrofobie	klaustrofobię
klauzule	klauzulę
klebek	kłębek
klejnotow	klejnotów
kleska	klęska
kleske	klęskę
kleski	klęski
klientke	klientkę
klientow	klientów
klimatyzacje	klimatyzację
klingonow	klingonów
klinike	klinikę
klne	klnę
kloc	kłóć
kloca	kłócą
kloccie	kłóćcie
kloci	kłóci
klocic	kłócić
klocicie	kłócicie
klocil	kłócił
klocili	kłócili
klociliscie	kłóciliście
klocilismy	kłóciliśmy
klocimy	kłócimy
klocisz	kłócisz
klocmy	kłóćmy
kloda	kłoda
klodke	kłódkę
klody	kłody
klonow	klonów
klopocie	kłopocie
klopocz	kłopocz
klopot	kłopot
klopotac	kłopotać
klopotach	kłopotach
klopotami	kłopotami
klopotem	kłopotem
klopotliwa	kłopotliwa
klopotliwe	kłopotliwe
klopotliwy	kłopotliwy
klopotow	kłopotów
klopotu	kłopotu
klopoty	kłopoty
klotni	kłótni
klotnia	kłótnia
klow	kłów
klubow	klubów
kluczykow	kluczyków
klute	kłute
klutych	kłutych
kly	kły
knajpe	knajpę
knuja	knują
kobiete	kobietę
kochac	kochać
kochaja	kochają
kochajac	kochając
kochajacego	kochającego
kochajacy	kochający
kochajacych	kochających
kochajacym	kochającym
kochal	kochał
kochala	kochała
kochalam	kochałam
kochalas	kochałaś
kochalem	kochałem
kochales	kochałeś
kochalismy	kochaliśmy
kochanke	kochankę
kochankow	kochanków
kochas	kochaś
kociol	kocioł
kodow	kodów
kogos	kogoś
kogutow	kogutów
kojarze	kojarzę
kokaine	kokainę
koke	kokę
kokosow	kokosów
kola	koła
kolach	kołach
kolacje	kolację
kolami	kołami
kolczykow	kolczyków
koldre	kołdrę
koledz	koledż
koledzu	koledżu
kolege	kolegę
kolegow	kolegów
kolejke	kolejkę
kolejnosc	kolejność
kolejnosci	kolejności
kolek	kołek
kolekcje	kolekcję
kolem	kołem
koles	koleś
kolezance	koleżance
kolezanek	koleżanek
kolezanka	koleżanka
kolezankami	koleżankami
kolezanke	koleżankę
kolezanki	koleżanki
kolezanko	koleżanko
kolezka	koleżka
kolezko	koleżko
kolka	kółka
kolkach	kółkach
kolkiem	kółkiem
kolko	kółko
kolku	kółku
kolnierz	kołnierz
kolnierzyk	kołnierzyk
kolo	koło
kolonskiej	kolońskiej
kolorow	kolorów
kolumne	kolumnę
kolyski	kołyski
kolysze	kołysze
komandosow	komandosów
komarow	komarów
kombinacje	kombinację
kombinowac	kombinować
kombinuja	kombinują
komende	komendę
komentowac	komentować
komiksow	komiksów
komisje	komisję
komor	komór
komorce	komórce
komore	komorę
komorek	komórek
komorka	komórka
komorkach	komórkach
komorkami	komórkami
komorke	komórkę
komorki	komórki
komorkowe	komórkowe
komorkowego	komórkowego
komorkowy	komórkowy
komorkowych	komórkowych
komplementow	komplementów
komplikowac	komplikować
komputerow	komputerów
komunikacje	komunikację
komunikowac	komunikować
komunikuja	komunikują
komunisci	komuniści
komunista	komunistą
komunistow	komunistów
komus	komuś
kon	koń
konca	końca
konce	końce
koncem	końcem
koncentracje	koncentrację
koncepcje	koncepcję
koncertow	koncertów
koncow	końców
koncowe	końcowe
koncowej	końcowej
koncowi	końcowi
koncowka	końcówka
koncowke	końcówkę
koncowki	końcówki
koncowy	końcowy
koncowych	końcowych
koncowym	końcowym
koncu	końcu
koncz	kończ
koncza	kończą
konczac	kończąc
koncze	kończę
konczmy	kończmy
konczy	kończy
konczyc	kończyć
konczyl	kończył
konczyla	kończyła
konczylem	kończyłem
konczylo	kończyło
konczyly	kończyły
konczymy	kończymy
konczyn	kończyn
konczyny	kończyny
konczysz	kończysz
kondomow	kondomów
kondycje	kondycję
konferencje	konferencję
konfliktow	konfliktów
koniecznosc	konieczność
koniecznosci	konieczności
konkretow	konkretów
konkurencje	konkurencję
konkurowac	konkurować
konmi	końmi
konski	koński
konskie	końskie
konstrukcje	konstrukcję
konstytucje	konstytucję
kontaktow	kontaktów
kontaktowac	kontaktować
kontaktowal	kontaktował
kontaktowala	kontaktowała
kontekscie	kontekście
kontraktow	kontraktów
kontrole	kontrolę
kontrolowac	kontrolować
kontrolowal	kontrolował
kontroluja	kontrolują
kontuzje	kontuzję
kontynuowac	kontynuować
kontynuowal	kontynuował
kontynuujac	kontynuując
konwersacje	konwersację
konwoj	konwój
kopac	kopać
kopal	kopał
kope	kopę
koperte	kopertę
kopnac	kopnąć
kopnal	kopnął
kopne	kopnę
kopniecie	kopnięcie
kopule	kopułę
kopuly	kopuły
koreanczycy	koreańczycy
koreanski	koreański
korespondencje	korespondencję
korkociag	korkociąg
korkow	korków
korone	koronę
korupcje	korupcję
korzen	korzeń
korzysc	korzyść
korzysci	korzyści
korzyscia	korzyścią
korzystac	korzystać
korzystaja	korzystają
korzystajac	korzystając
korzystal	korzystał
korzystala	korzystała
kosc	kość
kosci	kości
koscia	kością
kosciach	kościach
kosciele	kościele
koscielne	kościelne
koscielny	kościelny
kosciol	kościół
kosciola	kościoła
kosciolem	kościołem
kosciolow	kościołów
kosciolowi	kościołowi
koscioly	kościoły
koscmi	kośćmi
kose	kosę
kosmetykow	kosmetyków
kosmite	kosmitę
kosmitow	kosmitów
kostiumow	kostiumów
kostke	kostkę
koszmarow	koszmarów
kosztow	kosztów
kosztowac	kosztować
kosztowal	kosztował
kosztowala	kosztowała
kosztowalo	kosztowało
kosztowaly	kosztowały
kosztownosci	kosztowności
kosztuja	kosztują
koszule	koszulę
koszulke	koszulkę
koszykowce	koszykówce
koszykowka	koszykówka
koszykowke	koszykówkę
koszykowki	koszykówki
kotlowni	kotłowni
kotow	kotów
kotwice	kotwicę
kowbojow	kowbojów
koz	kóz
koze	kozę
koziol	kozioł
kozla	kozła
kozlem	kozłem
kpic	kpić
krabow	krabów
kradl	kradł
kradla	kradła
kradlem	kradłem
kradna	kradną
kradnac	kradnąc
kradne	kradnę
kradziez	kradzież
kradzieza	kradzieżą
kradzieze	kradzieże
kradziezy	kradzieży
krag	krąg
kraine	krainę
krajow	krajów
krakersow	krakersów
krancu	krańcu
krasc	kraść
krate	kratę
krawedz	krawędź
krawedzi	krawędzi
krawedzie	krawędzie
kraweznik	krawężnik
kraza	krążą
krazek	krążek
krazenia	krążenia
krazenie	krążenie
krazki	krążki
krazownik	krążownik
krazy	krąży
krazyc	krążyć
krazyly	krążyły
kreatywnosc	kreatywność
kreatywnosci	kreatywności
krec	kręć
kreca	kręcą
krecac	kręcąc
krece	kręcę
krecenia	kręcenia
krecenie	kręcenie
kreci	kręci
krecic	kręcić
krecil	kręcił
krecila	kręciła
krecilem	kręciłem
krecili	kręcili
krecilismy	kręciliśmy
krecilo	kręciło
krecimy	kręcimy
krecisz	kręcisz
krecone	kręcone
kredytow	kredytów
kregach	kręgach
kregi	kręgi
kregielni	kręgielni
kregle	kręgle
kregli	kręgli
kregoslup	kręgosłup
kregoslupa	kręgosłupa
kregow	kręgów
kregowego	kręgowego
kregowy	kręgowy
kregu	kręgu
krepowac	krępować
krepuj	krępuj
krepujace	krępujące
krepuje	krępuje
kreske	kreskę
kreskowek	kreskówek
kreskowki	kreskówki
kretynow	kretynów
krewna	krewną
krocej	krócej
kroczyc	kroczyć
kroic	kroić
krokow	kroków
krol	król
krola	króla
krolami	królami
krolem	królem
krolestw	królestw
krolestwa	królestwa
krolestwem	królestwem
krolestwie	królestwie
krolestwo	królestwo
krolewna	królewna
krolewno	królewno
krolewska	królewska
krolewski	królewski
krolewskich	królewskich
krolewskie	królewskie
krolewskiego	królewskiego
krolewskiej	królewskiej
krolewskim	królewskim
kroliczek	króliczek
kroliczka	króliczka
kroliczki	króliczki
kroliczku	króliczku
krolik	królik
krolika	królika
kroliki	króliki
krolikiem	królikiem
krolikow	królików
kroliku	króliku
krolow	królów
krolowe	królowe
krolowej	królowej
krolowi	królowi
krolowie	królowie
krolowo	królowo
krolu	królu
kropke	kropkę
kroplowka	kroplówka
kroplowke	kroplówkę
kroplowki	kroplówki
krotki	krótki
krotkich	krótkich
krotkie	krótkie
krotkiego	krótkiego
krotkiej	krótkiej
krotkim	krótkim
krotko	krótko
krotkofalowke	krótkofalówkę
krotsza	krótsza
krotsze	krótsze
krotszy	krótszy
krow	krów
krowe	krowę
krucjate	krucjatę
krwawia	krwawią
krwawic	krwawić
krwawie	krwawię
krwawil	krwawił
krwawila	krwawiła
krwia	krwią
krwionosne	krwionośne
kryc	kryć
kryja	kryją
kryjowce	kryjówce
kryjowek	kryjówek
kryjowka	kryjówka
kryjowke	kryjówkę
kryjowki	kryjówki
kryl	krył
kryla	kryła
kryminalisci	kryminaliści
kryminaliste	kryminalistę
kryminalistow	kryminalistów
krysztal	kryształ
krysztalow	kryształów
krysztalu	kryształu
krysztaly	kryształy
krytyke	krytykę
krytykow	krytyków
krytykowac	krytykować
krzakow	krzaków
krzesel	krzeseł
krzesla	krzesła
krzesle	krześle
krzeslem	krzesłem
krzeslo	krzesło
krzycza	krzyczą
krzyczac	krzycząc
krzyczal	krzyczał
krzyczala	krzyczała
krzyczalam	krzyczałam
krzyczalas	krzyczałaś
krzyczalem	krzyczałem
krzyczales	krzyczałeś
krzycze	krzyczę
krzyczec	krzyczeć
krzyknac	krzyknąć
krzyknal	krzyknął
krzykow	krzyków
krzywde	krzywdę
krzywdz	krzywdź
krzywdza	krzywdzą
krzywdzcie	krzywdźcie
krzywdze	krzywdzę
krzywdzic	krzywdzić
krzywdzil	krzywdził
krzywoprzysiestwo	krzywoprzysięstwo
krzyz	krzyż
krzyza	krzyża
krzyze	krzyże
krzyzem	krzyżem
krzyzowka	krzyżówka
krzyzowki	krzyżówki
krzyzowy	krzyżowy
krzyzu	krzyżu
krzyzyk	krzyżyk
ksiadz	ksiądz
ksiag	ksiąg
ksiazat	książąt
ksiazce	książce
ksiaze	książę
ksiazeczka	książeczka
ksiazeczke	książeczkę
ksiazeczki	książeczki
ksiazek	książek
ksiazeta	książęta
ksiazka	książka
ksiazkach	książkach
ksiazkami	książkami
ksiazke	książkę
ksiazki	książki
ksiecia	księcia
ksieciem	księciem
ksieciu	księciu
ksiedza	księdza
ksiedze	księdze
ksiedzem	księdzem
ksiedzu	księdzu
ksiega	księga
ksiegach	księgach
ksiegarni	księgarni
ksiege	księgę
ksiegi	księgi
ksiegowego	księgowego
ksiegowosc	księgowość
ksiegowosci	księgowości
ksiegowy	księgowy
ksiegowych	księgowych
ksiegowym	księgowym
ksieza	księża
ksieze	księże
ksiezna	księżna
ksieznej	księżnej
ksiezniczce	księżniczce
ksiezniczka	księżniczka
ksiezniczke	księżniczkę
ksiezniczki	księżniczki
ksiezniczko	księżniczko
ksiezno	księżno
ksiezy	księży
ksiezyc	księżyc
ksiezyca	księżyca
ksiezyce	księżyce
ksiezycem	księżycem
ksiezycow	księżyców
ksiezycowa	księżycowa
ksiezycowe	księżycowe
ksiezycowy	księżycowy
ksiezycu	księżycu
ksywe	ksywę
ksywke	ksywkę
ksztalcie	kształcie
ksztalt	kształt
ksztaltow	kształtów
ksztaltu	kształtu
ksztaltuje	kształtuje
ksztalty	kształty
ktore	które
ktoredy	którędy
ktorego	którego
ktoregokolwiek	któregokolwiek
ktoregos	któregoś
ktorej	której
ktorejs	którejś
ktorekolwiek	którekolwiek
ktoremu	któremu
ktoremus	któremuś
ktores	któreś
ktory	który
ktorych	których
ktorykolwiek	którykolwiek
ktorym	którym
ktorymi	którymi
ktoryms	którymś
ktorys	któryś
ktorzy	którzy
ktos	ktoś
ktoz	któż
kubanskie	kubańskie
kube	kubę
kubel	kubeł
kubkow	kubków
kuchenke	kuchenkę
kuchnie	kuchnię
kujonow	kujonów
kukurydze	kukurydzę
kulke	kulkę
kuloodporna	kuloodporną
kulture	kulturę
kupcow	kupców
kupe	kupę
kupia	kupią
kupic	kupić
kupie	kupię
kupil	kupił
kupila	kupiła
kupilam	kupiłam
kupilas	kupiłaś
kupilbym	kupiłbym
kupilem	kupiłem
kupiles	kupiłeś
kupiliscie	kupiliście
kupilismy	kupiliśmy
kupke	kupkę
kuponow	kuponów
kupowac	kupować
kupowal	kupował
kupowala	kupowała
kupowalam	kupowałam
kupowalem	kupowałem
kupuja	kupują
kupujac	kupując
kuracje	kurację
kurczakow	kurczaków
kure	kurę
kursow	kursów
kurtke	kurtkę
kurtyne	kurtynę
kurwe	kurwę
kus	kuś
kusic	kusić
kusilo	kusiło
kuszaca	kusząca
kuszace	kuszące
kutasow	kutasów
kuzwa	kuźwa
kuzynke	kuzynkę
kuzynow	kuzynów
kwalifikacyjna	kwalifikacyjną
kwarantanne	kwarantannę
kwartal	kwartał
kwasne	kwaśne
kwatere	kwaterę
kwestionowac	kwestionować
kwiatkow	kwiatków
kwiatow	kwiatów
kwiecien	kwiecień
kwitna	kwitną
kwote	kwotę
labedz	łabędź
labedzia	łabędzia
labedzie	łabędzie
laboratoriow	laboratoriów
lac	lać
lace	łące
lachociag	lachociąg
lacina	łacina
lacine	łacinę
lacinie	łacinie
lacinskiej	łacińskiej
laciny	łaciny
lacz	łącz
lacza	łączą
laczac	łącząc
laczace	łączące
laczacy	łączący
laczenie	łączenie
lacznie	łącznie
lacznik	łącznik
lacznika	łącznika
lacznikiem	łącznikiem
lacznosc	łączność
lacznosci	łączności
laczy	łączy
laczyc	łączyć
laczyl	łączył
laczyla	łączyła
laczylo	łączyło
laczyly	łączyły
laczymy	łączymy
lad	ląd
ladem	lądem
ladna	ładna
ladne	ładne
ladnego	ładnego
ladnej	ładnej
ladnie	ładnie
ladniej	ładniej
ladniejsza	ładniejsza
ladniejsze	ładniejsze
ladniejszy	ładniejszy
ladniutka	ładniutka
ladny	ładny
ladnych	ładnych
ladnym	ładnym
ladowania	lądowania
ladowanie	lądowanie
ladowaniu	lądowaniu
ladowisko	lądowisko
ladowni	ładowni
laduj	ładuj
laduje	ląduje
ladujemy	lądujemy
ladunek	ładunek
ladunki	ładunki
ladunkiem	ładunkiem
ladunkow	ładunków
ladunku	ładunku
lagodna	łagodna
lagodne	łagodne
lagodnie	łagodnie
lagodny	łagodny
lagodnym	łagodnym
lajdak	łajdak
lajdaka	łajdaka
lajdakiem	łajdakiem
lajdaku	łajdaku
lajna	łajna
lajno	łajno
lajza	łajza
lajzo	łajzo
lal	łał
lalke	lalkę
lamac	łamać
lamania	łamania
lamanie	łamanie
lamia	łamią
lamiac	łamiąc
lamie	łamie
lamiemy	łamiemy
lamiesz	łamiesz
lampe	lampę
lampke	lampkę
lancuch	łańcuch
lancucha	łańcucha
lancuchami	łańcuchami
lancuchem	łańcuchem
lancuchow	łańcuchów
lancuchowa	łańcuchową
lancuchu	łańcuchu
lancuchy	łańcuchy
lancuszek	łańcuszek
lap	łap
lapac	łapać
lapach	łapach
lapal	łapał
lapami	łapami
lapania	łapania
lapanie	łapanie
lapcie	łapcie
lape	łapę
lapia	łapią
lapiecie	łapiecie
lapiemy	łapiemy
lapiesz	łapiesz
lapki	łapki
lapowek	łapówek
lapowka	łapówka
lapowke	łapówkę
lapowki	łapówki
lapska	łapska
lapy	łapy
lasica	łasica
lask	łask
laskaw	łaskaw
laskawa	łaskawa
laskawie	łaskawie
laskawosc	łaskawość
laskawy	łaskawy
laskocze	łaskocze
laskotki	łaskotki
lasow	lasów
latac	latać
lataja	latają
latajaca	latająca
latajace	latające
latajacego	latającego
latajacy	latający
latajacych	latających
latajacym	latającym
latal	latał
latalem	latałem
lataly	latały
latarke	latarkę
latwa	łatwa
latwe	łatwe
latwego	łatwego
latwiej	łatwiej
latwiejsza	łatwiejsza
latwiejsze	łatwiejsze
latwiejszy	łatwiejszy
latwizna	łatwizna
latwizne	łatwiznę
latwo	łatwo
latwoscia	łatwością
latwy	łatwy
latwych	łatwych
latwym	łatwym
latynosow	latynosów
laure	laurę
lawa	ława
lawce	ławce
lawe	ławę
lawie	ławie
lawka	ławka
lawke	ławkę
lawki	ławki
lawnicy	ławnicy
lawnikow	ławników
lawy	ławy
lazi	łazi
lazic	łazić
lazience	łazience
lazienka	łazienka
lazienke	łazienkę
lazienki	łazienki
lazil	łaził
lazisz	łazisz
lazni	łaźni
laznia	łaźnia
lba	łba
lbie	łbie
lby	łby
lde	ldę
ldz	ldź
leb	łeb
lec	leć
leca	lecą
lecac	lecąc
leccie	lećcie
lece	lecę
lecial	leciał
leciala	leciała
lecialem	leciałem
lecialo	leciało
leciec	lecieć
lecielismy	lecieliśmy
lecmy	lećmy
lecza	leczą
lecze	leczę
leczyc	leczyć
leczyl	leczył
leczylem	leczyłem
legende	legendę
legitymacje	legitymację
lekaj	lękaj
lekam	lękam
lekcewaz	lekceważ
lekcewazyc	lekceważyć
lekkomyslne	lekkomyślne
lekkomyslnie	lekkomyślnie
lekkomyslny	lekkomyślny
lekow	leków
lemoniade	lemoniadę
lesbijka	lesbijką
leworeczny	leworęczny
leza	leżą
lezac	leżąc
lezaca	leżącą
lezace	leżące
lezacego	leżącego
lezal	leżał
lezala	leżała
lezalam	leżałam
lezalem	leżałem
lezales	leżałeś
lezalo	leżało
lezaly	leżały
leze	leżę
lezec	leżeć
lezy	leży
lezymy	leżymy
lezysz	leżysz
licencje	licencję
licytacje	licytację
licza	liczą
liczac	licząc
liczbe	liczbę
licze	liczę
liczebna	liczebną
liczebnosc	liczebność
liczyc	liczyć
liczyl	liczył
liczyla	liczyła
liczylam	liczyłam
liczylbym	liczyłbym
liczylem	liczyłem
liczyles	liczyłeś
liczylismy	liczyliśmy
liczylo	liczyło
liderow	liderów
lige	ligę
limuzyne	limuzynę
linde	lindę
line	linę
linke	linkę
lirow	lirów
lisc	liść
lisci	liści
liscia	liścia
liscie	liście
liscik	liścik
liste	listę
listow	listów
literature	literaturę
litere	literę
litosc	litość
litosci	litości
litrow	litrów
lizac	lizać
lize	liże
lobuz	łobuz
lobuzie	łobuzie
lobuzy	łobuzy
lochow	lochów
lod	lód
lodce	łódce
lodke	łódkę
lodki	łódki
lodow	lodów
lodowce	lodówce
lodowka	lodówka
lodowke	lodówkę
lodowki	lodówki
lodz	łódź
lodzi	łodzi
lodzia	łodzią
lodziach	łodziach
logike	logikę
lojalnosc	lojalność
lojalnosci	lojalności
lokalizacje	lokalizację
lokatorow	lokatorów
lokcia	łokcia
lokcie	łokcie
lokciem	łokciem
lokiec	łokieć
lom	łom
lomot	łomot
lona	łona
lonie	łonie
lono	łono
lonowe	łonowe
lopata	łopatą
lopate	łopatę
lopatki	łopatki
lopaty	łopaty
lordow	lordów
lornetke	lornetkę
losia	łosia
losos	łosoś
lososia	łososia
loterie	loterię
lotow	lotów
lotr	łotr
lotra	łotra
lotrem	łotrem
lotrow	łotrów
lotrze	łotrze
lowcami	łowcami
lowce	łowcę
lowcow	łowców
lowcy	łowcy
lowi	łowi
lowic	łowić
lowienia	łowienia
lowienie	łowienie
lowow	łowów
lowy	łowy
loza	łoża
loze	łoże
lozeczka	łóżeczka
lozeczko	łóżeczko
lozeczku	łóżeczku
lozek	łóżek
lozka	łóżka
lozkach	łóżkach
lozkiem	łóżkiem
lozko	łóżko
lozku	łóżku
lozu	łożu
lozy	loży
lozyska	łożyska
lozysko	łożysko
lsni	lśni
lsnia	lśnią
lsniace	lśniące
lsniacej	lśniącej
lsniacy	lśniący
lubia	lubią
lubic	lubić
lubie	lubię
lubil	lubił
lubila	lubiła
lubilam	lubiłam
lubilas	lubiłaś
lubilem	lubiłem
lubiles	lubiłeś
lubilismy	lubiliśmy
lucznicy	łucznicy
ludnosc	ludność
ludnosci	ludności
ludobojstwo	ludobójstwo
ludzkosc	ludzkość
ludzkosci	ludzkości
ludzmi	ludźmi
lufe	lufę
lup	łup
lupem	łupem
lupy	łupy
lusek	łusek
luska	łuska
luske	łuskę
luski	łuski
luzna	luźna
luzne	luźne
luzno	luźno
luzny	luźny
lwow	lwów
lyczek	łyczek
lydki	łydki
lyk	łyk
lyka	łyka
lysa	łysa
lysy	łysy
lyzeczke	łyżeczkę
lyzeczki	łyżeczki
lyzke	łyżkę
lyzki	łyżki
lyzwach	łyżwach
lyzwy	łyżwy
lza	łza
lzach	łzach
lzami	łzami
lzawiacy	łzawiący
lze	łzę
lzej	lżej
lzejsze	lżejsze
lzejszy	lżejszy
lzesz	łżesz
lzy	łzy
machac	machać
macice	macicę
macierzynski	macierzyński
macierzynstwo	macierzyństwo
maczal	maczał
maczete	maczetę
madra	mądra
madrala	mądrala
madralo	mądralo
madre	mądre
madrego	mądrego
madrosc	mądrość
madrosci	mądrości
madroscia	mądrością
madry	mądry
madrych	mądrych
madrym	mądrym
madrze	mądrze
madrzejsi	mądrzejsi
madrzejsza	mądrzejsza
madrzejsze	mądrzejsze
madrzejszy	mądrzejszy
madrzy	mądrzy
mafie	mafię
magazynow	magazynów
magie	magię
magow	magów
maja	mają
majac	mając
majace	mające
majacego	mającego
majacy	mający
majacych	mających
majacym	mającym
majatek	majątek
majatkiem	majątkiem
majatku	majątku
majow	majów
majstrowal	majstrował
maka	mąka
maki	mąki
makijaz	makijaż
makijazem	makijażem
makijazu	makijażu
male	małe
malego	małego
malej	małej
malemu	małemu
malenka	maleńka
malenki	maleńki
malenkie	maleńkie
malenstwa	maleństwa
malenstwo	maleństwo
malgorzata	małgorzata
malgorzato	małgorzato
malo	mało
malowac	malować
malowal	malował
malowidla	malowidła
malp	małp
malpa	małpa
malpami	małpami
malpe	małpę
malpi	małpi
malpie	małpie
malpka	małpka
malpke	małpkę
malpki	małpki
malpko	małpko
malpo	małpo
malpy	małpy
maluja	malują
maly	mały
malych	małych
malym	małym
malymi	małymi
malze	małże
malzenski	małżeński
malzenskich	małżeńskich
malzenskie	małżeńskie
malzenskiego	małżeńskiego
malzenskiej	małżeńskiej
malzenskim	małżeńskim
malzenstw	małżeństw
malzenstwa	małżeństwa
malzenstwem	małżeństwem
malzenstwie	małżeństwie
malzenstwo	małżeństwo
malzenstwu	małżeństwu
malzonek	małżonek
malzonka	małżonka
mame	mamę
mamus	mamuś
mamusie	mamusię
mamuska	mamuśka
mamuski	mamuśki
mandatow	mandatów
manipulowac	manipulować
manipulowal	manipulował
mape	mapę
marchewke	marchewkę
marihuane	marihuanę
marionetka	marionetką
marke	markę
marnowac	marnować
marnowal	marnował
marnuja	marnują
marszalek	marszałek
martwia	martwią
martwiac	martwiąc
martwic	martwić
martwie	martwię
martwil	martwił
martwila	martwiła
martwilam	martwiłam
martwilas	martwiłaś
martwilbym	martwiłbym
martwilem	martwiłem
martwiles	martwiłeś
martwilismy	martwiliśmy
martwilo	martwiło
marudz	marudź
marudzic	marudzić
marynarke	marynarkę
marza	marzą
marzac	marząc
marze	marzę
marzen	marzeń
marzyc	marzyć
marzyl	marzył
marzyla	marzyła
marzylam	marzyłam
marzylas	marzyłaś
marzylem	marzyłem
marzyles	marzyłeś
marzylismy	marzyliśmy
masakre	masakrę
masaz	masaż
masaze	masaże
masazu	masażu
masc	maść
masci	maści
mase	masę
maske	maskę
maskotke	maskotkę
masla	masła
masle	maśle
maslem	masłem
maslo	masło
masowa	masową
maszerowac	maszerować
maszyne	maszynę
maszynke	maszynkę
mate	matę
matematyke	matematykę
material	materiał
materialach	materiałach
materialami	materiałami
materialem	materiałem
materialow	materiałów
materialu	materiału
materialy	materiały
materie	materię
matke	matkę
matme	matmę
matol	matoł
mature	maturę
mawiac	mawiać
mawiaja	mawiają
mawial	mawiał
mawiala	mawiała
maye	mayę
maz	mąż
mdlosci	mdłości
mechaniczna	mechaniczną
mecza	męczą
meczaca	męcząca
meczace	męczące
meczacy	męczący
meczennika	męczennika
meczennikiem	męczennikiem
meczennikow	męczenników
meczow	meczów
meczy	męczy
meczyc	męczyć
meczyl	męczył
meczysz	męczysz
mediow	mediów
medrzec	mędrzec
medycyne	medycynę
meka	męka
meki	męki
meksykanow	meksykanów
meksykanska	meksykańska
meksykanski	meksykański
meksykanskie	meksykańskie
meksykanskiego	meksykańskiego
meksykanskiej	meksykańskiej
meksykanskim	meksykańskim
meldowac	meldować
melisse	melissę
menadzer	menadżer
menadzera	menadżera
menadzerem	menadżerem
menedzer	menedżer
menedzera	menedżera
menedzerem	menedżerem
mentalnosc	mentalność
meski	męski
meskich	męskich
meskie	męskie
meskiego	męskiego
meskiej	męskiej
meskim	męskim
meskosc	męskość
meskosci	męskości
mestwo	męstwo
mete	metę
meteorytow	meteorytów
metlik	mętlik
metode	metodę
metrow	metrów
meza	męża
mezatka	mężatką
mezczyzn	mężczyzn
mezczyznach	mężczyznach
mezczyznami	mężczyznami
mezczyzne	mężczyznę
mezczyzni	mężczyźni
mezczyznie	mężczyźnie
mezczyznom	mężczyznom
mezczyzny	mężczyzny
mezem	mężem
mezow	mężów
mezowi	mężowi
mezowie	mężowie
mezu	mężu
mgla	mgła
mglawicy	mgławicy
mgly	mgły
mial	miał
miala	miała
mialaby	miałaby
mialabym	miałabym
mialabys	miałabyś
mialam	miałam
mialas	miałaś
mialby	miałby
mialbym	miałbym
mialbys	miałbyś
mialem	miałem
miales	miałeś
mialo	miało
mialoby	miałoby
mialy	miały
mialyby	miałyby
mialyscie	miałyście
mialysmy	miałyśmy
mianowac	mianować
mianowal	mianował
mianuje	mianuję
miara	miarą
miare	miarę
miazge	miazgę
michal	michał
michala	michała
miec	mieć
mieczak	mięczak
mieczaka	mięczaka
mieczaki	mięczaki
mieczakiem	mięczakiem
mieczakow	mięczaków
mieczaku	mięczaku
miednice	miednicę
miedz	miedź
miedzy	między
miedzyczasie	międzyczasie
miedzynarodowe	międzynarodowe
miedzynarodowego	międzynarodowego
miedzynarodowej	międzynarodowej
miedzynarodowy	międzynarodowy
miedzynarodowych	międzynarodowych
miedzynarodowym	międzynarodowym
miejscowka	miejscówka
miejscowke	miejscówkę
miejscowosci	miejscowości
miekka	miękka
miekki	miękki
miekkie	miękkie
miekkim	miękkim
miekko	miękko
mielibyscie	mielibyście
mielibysmy	mielibyśmy
mieliscie	mieliście
mielismy	mieliśmy
mierzyc	mierzyć
mierzyl	mierzył
miesa	mięsa
miesci	mieści
miescie	mieście
miesem	mięsem
miesiac	miesiąc
miesiaca	miesiąca
miesiacach	miesiącach
miesiacami	miesiącami
miesiace	miesiące
miesiacem	miesiącem
miesiacu	miesiącu
miesiecy	miesięcy
miesieczne	miesięczne
miesiecznie	miesięcznie
miesieczny	miesięczny
miesien	mięsień
miesko	mięsko
miesni	mięśni
miesnia	mięśnia
miesniak	mięśniak
miesniami	mięśniami
miesnie	mięśnie
mieso	mięso
mieszac	mieszać
mieszaja	mieszają
mieszal	mieszał
mieszanke	mieszankę
mieszkac	mieszkać
mieszkaja	mieszkają
mieszkajac	mieszkając
mieszkajacy	mieszkający
mieszkajacych	mieszkających
mieszkal	mieszkał
mieszkala	mieszkała
mieszkalam	mieszkałam
mieszkalas	mieszkałaś
mieszkalem	mieszkałem
mieszkales	mieszkałeś
mieszkalismy	mieszkaliśmy
mieszkaly	mieszkały
mieszkan	mieszkań
mieszkanca	mieszkańca
mieszkancami	mieszkańcami
mieszkancom	mieszkańcom
mieszkancow	mieszkańców
mieszkancy	mieszkańcy
mietowki	miętówki
miewaja	miewają
miewal	miewał
migdaly	migdały
migrene	migrenę
mijaja	mijają
mijal	mijał
mijalismy	mijaliśmy
mijaly	mijały
mikolaj	mikołaj
mikolaja	mikołaja
mikolajem	mikołajem
mikolaju	mikołaju
mikrofalowki	mikrofalówki
miksture	miksturę
mila	miła
milcza	milczą
milczacy	milczący
milczal	milczał
milczec	milczeć
milego	miłego
milej	miłej
miliardow	miliardów
miligramow	miligramów
milimetrow	milimetrów
milionow	milionów
milkon	miłkon
millionow	millionów
milo	miło
milosc	miłość
milosci	miłości
miloscia	miłością
milosierdzia	miłosierdzia
milosierdzie	miłosierdzie
milosierny	miłosierny
milosne	miłosne
milosnego	miłosnego
milosnej	miłosnej
milosnik	miłośnik
milosnikiem	miłośnikiem
milosny	miłosny
milosnych	miłosnych
milosnym	miłosnym
mily	miły
milych	miłych
milym	miłym
milymi	miłymi
minac	minąć
minal	minął
minalem	minąłem
minales	minąłeś
mine	minę
minela	minęła
minelismy	minęliśmy
minelo	minęło
minely	minęły
mineralna	mineralną
mineralow	minerałów
mineraly	minerały
ministrow	ministrów
minute	minutę
minutke	minutkę
miod	miód
miotle	miotłę
miotly	miotły
mirande	mirandę
mis	miś
misje	misję
miske	miskę
mistrzow	mistrzów
mistrzynia	mistrzynią
mitow	mitów
mloda	młoda
mlode	młode
mlodego	młodego
mlodej	młodej
mlodemu	młodemu
mlodo	młodo
mlodosc	młodość
mlodosci	młodości
mlodsi	młodsi
mlodsza	młodsza
mlodsze	młodsze
mlodszego	młodszego
mlodszej	młodszej
mlodszy	młodszy
mlodszych	młodszych
mlodszym	młodszym
mlodu	młodu
mlody	młody
mlodych	młodych
mlodym	młodym
mlodymi	młodymi
mlodzi	młodzi
mlodziej	młodziej
mlodzienca	młodzieńca
mlodziencem	młodzieńcem
mlodziencze	młodzieńcze
mlodzieniec	młodzieniec
mlodziez	młodzież
mlodziezy	młodzieży
mlot	młot
mlotek	młotek
mlotem	młotem
mlotka	młotka
mlotkiem	młotkiem
mlyn	młyn
mlynie	młynie
mna	mną
mnichow	mnichów
mniejszosci	mniejszości
mnostwa	mnóstwa
mnostwem	mnóstwem
mnostwo	mnóstwo
moca	mocą
mode	modę
modelke	modelkę
modl	módl
modla	modlą
modlac	modląc
modlcie	módlcie
modle	modlę
modlic	modlić
modlil	modlił
modlila	modliła
modlilam	modliłam
modlilem	modliłem
modlilismy	modliliśmy
modlitwe	modlitwę
modlmy	módlmy
modly	modły
modul	moduł
modulu	modułu
moga	mogą
mogac	mogąc
moge	mogę
mogl	mógł
mogla	mogła
moglaby	mogłaby
moglabym	mogłabym
moglabys	mogłabyś
moglam	mogłam
moglas	mogłaś
moglby	mógłby
moglbym	mógłbym
moglbys	mógłbyś
moglem	mogłem
mogles	mogłeś
moglibyscie	moglibyście
moglibysmy	moglibyśmy
mogliscie	mogliście
moglismy	mogliśmy
moglo	mogło
mogloby	mogłoby
mogly	mogły
moglyby	mogłyby
moglybyscie	mogłybyście
moglybysmy	mogłybyśmy
moglysmy	mogłyśmy
moj	mój
mojzesz	mojżesz
mojzesza	mojżesza
mojzeszu	mojżeszu
molekuly	molekuły
molestowal	molestował
momentow	momentów
monete	monetę
monitorowac	monitorować
montaz	montaż
montazu	montażu
moral	morał
moralnosc	moralność
moralnosci	moralności
morde	mordę
morderce	mordercę
mordercow	morderców
morderczynia	morderczynią
mordowac	mordować
mordowal	mordował
morduja	mordują
morfine	morfinę
morz	mórz
mosc	mość
mosci	mości
moscie	moście
mostow	mostów
motloch	motłoch
motocyklistow	motocyklistów
motywacje	motywację
motywow	motywów
mow	mów
mowca	mówcą
mowcie	mówcie
mowe	mowę
mowi	mówi
mowia	mówią
mowiac	mówiąc
mowiace	mówiące
mowiacego	mówiącego
mowiacy	mówiący
mowiacych	mówiących
mowic	mówić
mowicie	mówicie
mowie	mówię
mowienia	mówienia
mowienie	mówienie
mowieniem	mówieniem
mowieniu	mówieniu
mowil	mówił
mowila	mówiła
mowilam	mówiłam
mowilas	mówiłaś
mowilem	mówiłem
mowiles	mówiłeś
mowili	mówili
mowiliscie	mówiliście
mowilismy	mówiliśmy
mowilo	mówiło
mowily	mówiły
mowilysmy	mówiłyśmy
mowimy	mówimy
mowiono	mówiono
mowisz	mówisz
mowmy	mówmy
mozdzek	móżdżek
mozdzku	móżdżku
moze	może
mozecie	możecie
mozemy	możemy
mozesz	możesz
mozg	mózg
mozgi	mózgi
mozgiem	mózgiem
mozgow	mózgów
mozgowe	mózgowe
mozgowej	mózgowej
mozgowych	mózgowych
mozgu	mózgu
mozliwe	możliwe
mozliwego	możliwego
mozliwej	możliwej
mozliwie	możliwie
mozliwosc	możliwość
mozliwosci	możliwości
mozliwoscia	możliwością
mozliwosciach	możliwościach
mozliwosciami	możliwościami
mozliwy	możliwy
mozliwych	możliwych
mozliwym	możliwym
mozna	można
moznaby	możnaby
mrowek	mrówek
mrowka	mrówka
mrowki	mrówki
mroz	mróz
mrozone	mrożone
mrozonej	mrożonej
mrozony	mrożony
mrugniecia	mrugnięcia
msci	mści
mscic	mścić
msciciel	mściciel
msze	mszę
muche	muchę
mul	muł
mula	muła
mundurow	mundurów
murow	murów
murzynow	murzynów
musial	musiał
musiala	musiała
musialaby	musiałaby
musialabym	musiałabym
musialabys	musiałabyś
musialam	musiałam
musialas	musiałaś
musialby	musiałby
musialbym	musiałbym
musialbys	musiałbyś
musialem	musiałem
musiales	musiałeś
musialo	musiało
musialoby	musiałoby
musialy	musiały
musialysmy	musiałyśmy
musiec	musieć
musielibysmy	musielibyśmy
musieliscie	musieliście
musielismy	musieliśmy
muskuly	muskuły
musza	muszą
musze	muszę
muszke	muszkę
muszkieterow	muszkieterów
musztarde	musztardę
mutacje	mutację
mutantow	mutantów
muze	muzę
muzulmanie	muzułmanie
muzulmaninem	muzułmaninem
muzulmanow	muzułmanów
muzyke	muzykę
muzykow	muzyków
myc	myć
mydla	mydła
mydlem	mydłem
mydlo	mydło
myl	mył
myla	mylą
mylace	mylące
myle	mylę
mylem	myłem
mylic	mylić
mylil	mylił
mylila	myliła
mylilam	myliłam
mylilas	myliłaś
mylilem	myliłem
myliles	myliłeś
mylilismy	myliliśmy
mysie	myśię
mysiisz	myśiisz
mysl	myśl
mysla	myślą
myslac	myśląc
myslach	myślach
myslal	myślał
myslala	myślała
myslalam	myślałam
myslalas	myślałaś
myslalem	myślałem
myslales	myślałeś
myslalo	myślało
myslaly	myślały
myslalysmy	myślałyśmy
myslami	myślami
myslcie	myślcie
mysle	myślę
myslec	myśleć
mysleli	myśleli
mysleliscie	myśleliście
myslelismy	myśleliśmy
myslenia	myślenia
myslenie	myślenie
mysleniem	myśleniem
mysleniu	myśleniu
mysli	myśli
myslicie	myślicie
myslimy	myślimy
myslisz	myślisz
mysliwca	myśliwca
mysliwce	myśliwce
mysliwcow	myśliwców
mysliwego	myśliwego
mysliwi	myśliwi
mysliwiec	myśliwiec
mysliwski	myśliwski
mysliwy	myśliwy
mysliwych	myśliwych
mysliwym	myśliwym
myslmy	myślmy
mysmy	myśmy
mysza	myszą
myszke	myszkę
nabierac	nabierać
nabieraja	nabierają
nabijac	nabijać
nabiore	nabiorę
naboj	nabój
nabojow	nabojów
nabozenstwo	nabożeństwo
nabrac	nabrać
nabral	nabrał
nabrala	nabrała
nabralam	nabrałam
nabralas	nabrałaś
nabralem	nabrałem
nabrales	nabrałeś
nabralo	nabrało
nabrzeze	nabrzeże
nabrzezu	nabrzeżu
nabyc	nabyć
nachodze	nachodzę
nachodzic	nachodzić
naciagane	naciągane
naciagnac	naciągnąć
naciecia	nacięcia
naciecie	nacięcie
nacieszyc	nacieszyć
naciskac	naciskać
naciskaja	naciskają
naciskal	naciskał
naciskalem	naciskałem
nacisnac	nacisnąć
nacisne	nacisnę
nacisniesz	naciśniesz
nacisnij	naciśnij
nacpac	naćpać
nacpales	naćpałeś
nacpana	naćpana
nacpany	naćpany
naczyn	naczyń
nadac	nadać
nadaja	nadają
nadawac	nadawać
nadawal	nadawał
nadazam	nadążam
nadazasz	nadążasz
nadazyc	nadążyć
nadchodza	nadchodzą
nadchodzace	nadchodzące
nadchodzacej	nadchodzącej
nadchodzacy	nadchodzący
nadchodzacych	nadchodzących
nadchodzacym	nadchodzącym
nadchodze	nadchodzę
nadciaga	nadciąga
nadciagaja	nadciągają
nadcisnienie	nadciśnienie
nadejda	nadejdą
nadejsc	nadejść
nadejscie	nadejście
nadeszla	nadeszła
nadeszlo	nadeszło
nadeszly	nadeszły
nadety	nadęty
nadjezdza	nadjeżdża
nadjezdzaja	nadjeżdżają
nadlatuja	nadlatują
nadopiekunczy	nadopiekuńczy
nadrobic	nadrobić
nadszedl	nadszedł
naduzycia	nadużycia
naduzycie	nadużycie
nadzieje	nadzieję
nadzor	nadzór
nadzorowac	nadzorować
nadzorowal	nadzorował
nagadal	nagadał
nagiac	nagiąć
nagla	nagła
naglego	nagłego
naglej	nagłej
naglowek	nagłówek
naglowki	nagłówki
nagly	nagły
naglych	nagłych
naglym	nagłym
nagosc	nagość
nagosci	nagości
nagrac	nagrać
nagral	nagrał
nagrala	nagrała
nagralam	nagrałam
nagralem	nagrałem
nagrales	nagrałeś
nagralismy	nagraliśmy
nagran	nagrań
nagrod	nagród
nagrode	nagrodę
nagrywac	nagrywać
nagrywaja	nagrywają
nagrywal	nagrywał
najblizej	najbliżej
najblizsi	najbliżsi
najblizsze	najbliższe
najblizszego	najbliższego
najblizszej	najbliższej
najblizszy	najbliższy
najblizszych	najbliższych
najblizszym	najbliższym
najchetniej	najchętniej
najczesciej	najczęściej
najdluzej	najdłużej
najdluzsza	najdłuższa
najdluzszy	najdłuższy
najdrozsza	najdroższa
najdrozsze	najdroższe
najdrozszy	najdroższy
najemnikow	najemników
najesc	najeść
najezdzcy	najeźdźcy
najglebsze	najgłębsze
najglupsza	najgłupsza
najglupszy	najgłupszy
najlatwiej	najłatwiej
najmadrzejsza	najmądrzejszą
najmadrzejszy	najmądrzejszy
najmadrzejszym	najmądrzejszym
najmlodsza	najmłodsza
najmlodszy	najmłodszy
najmlodszym	najmłodszym
najnizszy	najniższy
najpiekniejsze	najpiękniejsze
najpiekniejszy	najpiękniejszy
najpiekniejszych	najpiękniejszych
najpiekniejszym	najpiękniejszym
najpotezniejsza	najpotężniejszą
najpotezniejszy	najpotężniejszy
najpotezniejszych	najpotężniejszych
najpotezniejszym	najpotężniejszym
najpozniej	najpóźniej
najpredzej	najprędzej
najprosciej	najprościej
najscie	najście
najsilniejsza	najsilniejszą
najslodsza	najsłodsza
najsmieszniejsze	najśmieszniejsze
najswiezsze	najświeższe
najszczesliwsza	najszczęśliwszą
najszczesliwsze	najszczęśliwsze
najszczesliwszy	najszczęśliwszy
najszczesliwszym	najszczęśliwszym
najwazniejsi	najważniejsi
najwazniejsze	najważniejsze
najwazniejszego	najważniejszego
najwazniejszej	najważniejszej
najwazniejszy	najważniejszy
najwazniejszych	najważniejszych
najwazniejszym	najważniejszym
najwczesniej	najwcześniej
najwiecej	najwięcej
najwieksi	najwięksi
najwieksze	największe
najwiekszego	największego
najwiekszej	największej
najwiekszy	największy
najwiekszych	największych
najwiekszym	największym
najwiekszymi	największymi
najwyrazniej	najwyraźniej
najwyzej	najwyżej
najwyzsze	najwyższe
najwyzszego	najwyższego
najwyzszej	najwyższej
najwyzszy	najwyższy
najwyzszych	najwyższych
najwyzszym	najwyższym
nakarmic	nakarmić
nakarmie	nakarmię
nakarmil	nakarmił
nakazal	nakazał
nakazow	nakazów
naklejke	naklejkę
naklonic	nakłonić
nakreca	nakręca
nakrecic	nakręcić
nakrecil	nakręcił
nakrecilem	nakręciłem
nakrecimy	nakręcimy
nakrecony	nakręcony
nakryc	nakryć
nakryl	nakrył
nalac	nalać
naladowac	naładować
naladowana	naładowana
naladowane	naładowane
naladowany	naładowany
nalegac	nalegać
nalegal	nalegał
nalegala	nalegała
naleje	naleję
nalesnik	naleśnik
nalesniki	naleśniki
nalesnikow	naleśników
naleza	należą
nalezace	należące
nalezacy	należący
nalezacych	należących
nalezal	należał
nalezala	należała
nalezalo	należało
nalezaloby	należałoby
nalezaly	należały
naleze	należę
nalezec	należeć
nalezne	należne
naleznosci	należności
nalezy	należy
nalezycie	należycie
nalezymy	należymy
nalezysz	należysz
naliczylem	naliczyłem
nalog	nałóg
nalogu	nałogu
naloz	nałóż
naloze	nałożę
nalozyc	nałożyć
namalowac	namalować
namalowal	namalował
namalowalem	namalowałem
namawiac	namawiać
namierzac	namierzać
namierzaja	namierzają
namierzyc	namierzyć
namierzyl	namierzył
namierzyla	namierzyła
namierzylam	namierzyłam
namierzylem	namierzyłem
namierzylismy	namierzyliśmy
namieszac	namieszać
namieszal	namieszał
namietnie	namiętnie
namietnosc	namiętność
namietnosci	namiętności
namietny	namiętny
namowic	namówić
namowie	namówię
namowil	namówił
namowila	namówiła
namowilas	namówiłaś
namowilem	namówiłem
namowiles	namówiłeś
namysle	namyśle
namysli	namyśli
namyslu	namysłu
naokolo	naokoło
napadl	napadł
napadlo	napadło
napadnieta	napadnięta
napadnieto	napadnięto
napadniety	napadnięty
napadow	napadów
napasc	napaść
napasci	napaści
napastnikow	napastników
napawac	napawać
naped	napęd
napedem	napędem
napedu	napędu
napedza	napędza
napelnia	napełnia
napelnic	napełnić
napelnij	napełnij
napic	napić
napiecia	napięcia
napiecie	napięcie
napieciem	napięciem
napieciu	napięciu
napieta	napięta
napiete	napięte
napiety	napięty
napil	napił
napilbym	napiłbym
napisac	napisać
napisal	napisał
napisala	napisała
napisalam	napisałam
napisalas	napisałaś
napisalem	napisałem
napisales	napisałeś
napisalismy	napisaliśmy
napisow	napisów
napisza	napiszą
napiwkow	napiwków
naplywaja	napływają
napoj	napój
napojow	napojów
naprawde	naprawdę
naprawe	naprawę
naprawiac	naprawiać
naprawial	naprawiał
naprawic	naprawić
naprawie	naprawię
naprawil	naprawił
naprawilem	naprawiłem
naprawiles	naprawiłeś
naprostowac	naprostować
naprzod	naprzód
narade	naradę
naraza	naraża
narazac	narażać
narazajac	narażając
narazam	narażam
narazasz	narażasz
naraze	narażę
narazeni	narażeni
narazic	narazić
narazil	naraził
narazilem	naraziłem
naraziles	naraziłeś
narazona	narażona
narazone	narażone
narazony	narażony
narkomanka	narkomanką
narkomanow	narkomanów
narkotykow	narkotyków
narobic	narobić
narobil	narobił
narobila	narobiła
narobilam	narobiłam
narobilas	narobiłaś
narobilem	narobiłem
narobiles	narobiłeś
narod	naród
narodow	narodów
narodowosci	narodowości
narodzic	narodzić
narodzil	narodził
narodzila	narodziła
naroznika	narożnika
narozniku	narożniku
naruszyc	naruszyć
naruszyl	naruszył
narysowac	narysować
narysowal	narysował
narysowala	narysowała
narysowalem	narysowałem
narysowales	narysowałeś
narzadow	narządów
narzady	narządy
narzedzi	narzędzi
narzedzia	narzędzia
narzedziami	narzędziami
narzedzie	narzędzie
narzedziem	narzędziem
narzedziu	narzędziu
narzekac	narzekać
narzekaja	narzekają
narzekal	narzekał
narzekala	narzekała
narzekan	narzekań
narzucac	narzucać
naskorek	naskórek
nasladowac	naśladować
nasladowania	naśladowania
nasladowca	naśladowca
nasladuje	naśladuje
naslal	nasłał
nastal	nastał
nastala	nastała
nastaly	nastały
nastapi	nastąpi
nastapic	nastąpić
nastapil	nastąpił
nastapila	nastąpiła
nastapilo	nastąpiło
nastapily	nastąpiły
nastawic	nastawić
nastawie	nastawię
nastepce	następcę
nastepcy	następcy
nastepne	następne
nastepnego	następnego
nastepnej	następnej
nastepni	następni
nastepnie	następnie
nastepny	następny
nastepnych	następnych
nastepnym	następnym
nastepstwa	następstwa
nastepujace	następujące
nastepujacy	następujący
nastepuje	następuje
nastolatkow	nastolatków
nastraszyc	nastraszyć
nastroj	nastrój
nastrojow	nastrojów
naszlo	naszło
natknal	natknął
natknalem	natknąłem
natknelismy	natknęliśmy
nature	naturę
naucza	nauczą
nauczac	nauczać
naucze	nauczę
nauczke	nauczkę
nauczyc	nauczyć
nauczycielke	nauczycielkę
nauczyl	nauczył
nauczyla	nauczyła
nauczylam	nauczyłam
nauczylas	nauczyłaś
nauczylem	nauczyłem
nauczyles	nauczyłeś
nauczyliscie	nauczyliście
nauczylismy	nauczyliśmy
nauczylo	nauczyło
nauczyly	nauczyły
nauke	naukę
naukowcow	naukowców
nawalic	nawalić
nawalil	nawalił
nawalilam	nawaliłam
nawalilem	nawaliłem
nawaliles	nawaliłeś
nawial	nawiał
nawiazac	nawiązać
nawiazal	nawiązał
nawiazalem	nawiązałem
nawiazalismy	nawiązaliśmy
nawiazanie	nawiązanie
nawiazuje	nawiązuje
nawidze	nawidzę
nawiedzac	nawiedzać
nawoz	nawóz
nawrocic	nawrócić
nawrot	nawrót
nawykow	nawyków
nazisci	naziści
nazista	nazistą
nazistow	nazistów
nazwac	nazwać
nazwal	nazwał
nazwala	nazwała
nazwalabym	nazwałabym
nazwalam	nazwałam
nazwalas	nazwałaś
nazwalbym	nazwałbym
nazwalem	nazwałem
nazwales	nazwałeś
nazwalismy	nazwaliśmy
nazwe	nazwę
nazywac	nazywać
nazywaja	nazywają
nazywajac	nazywając
nazywal	nazywał
nazywala	nazywała
nazywalem	nazywałem
nazywales	nazywałeś
nazywalismy	nazywaliśmy
nazywalo	nazywało
nedzne	nędzne
nedznego	nędznego
nedzny	nędzny
nedznym	nędznym
nedzy	nędzy
negocjowac	negocjować
negocjowal	negocjował
neka	nęka
nekac	nękać
nekal	nękał
nekanie	nękanie
nerke	nerkę
nerwow	nerwów
nia	nią
nianczyc	niańczyć
nianie	nianię
nianka	niańką
nianke	niańkę
nianki	niańki
nicosc	nicość
nicosci	nicości
niebezpieczenstw	niebezpieczeństw
niebezpieczenstwa	niebezpieczeństwa
niebezpieczenstwem	niebezpieczeństwem
niebezpieczenstwie	niebezpieczeństwie
niebezpieczenstwo	niebezpieczeństwo
niebianski	niebiański
niebianskie	niebiańskie
niecala	niecałą
niecale	niecałe
niecaly	niecały
niechcacy	niechcący
niechec	niechęć
niecheci	niechęci
niechetnie	niechętnie
niechze	niechże
niecierpliwoscia	niecierpliwością
nieczesto	nieczęsto
nieczula	nieczuła
nieczuly	nieczuły
niedlugo	niedługo
niedobor	niedobór
niedogodnosci	niedogodności
niedojrzale	niedojrzałe
niedojrzaly	niedojrzały
niedokladnie	niedokładnie
niedokonczone	niedokończone
niedorzecznosc	niedorzeczność
niedoskonalosci	niedoskonałości
niedostepna	niedostępna
niedostepne	niedostępne
niedostepny	niedostępny
nieduzo	niedużo
niedziele	niedzielę
niedzwiedz	niedźwiedź
niedzwiedzi	niedźwiedzi
niedzwiedzia	niedźwiedzia
niedzwiedzie	niedźwiedzie
niedzwiedziem	niedźwiedziem
niedzwiedziu	niedźwiedziu
niegdys	niegdyś
niegrozny	niegroźny
niekonczace	niekończące
niekorzysc	niekorzyść
niektore	niektóre
niektorych	niektórych
niektorym	niektórym
niektorymi	niektórymi
niektorzy	niektórzy
nieladnie	nieładnie
nielatwe	niełatwe
nielatwo	niełatwo
niemadra	niemądra
niemadre	niemądre
niemadry	niemądry
niemalze	niemalże
niemcow	niemców
niemila	niemiła
niemile	niemiłe
niemily	niemiły
niemowlat	niemowląt
niemowle	niemowlę
niemozliwa	niemożliwa
niemozliwe	niemożliwe
niemozliwego	niemożliwego
niemozliwy	niemożliwy
niemozliwych	niemożliwych
niemozliwym	niemożliwym
nienawidza	nienawidzą
nienawidze	nienawidzę
nienawidzic	nienawidzić
nienawidziec	nienawidzieć
nienawidzil	nienawidził
nienawidzila	nienawidziła
nienawidzilam	nienawidziłam
nienawidzilas	nienawidziłaś
nienawidzilem	nienawidziłem
nienawidziles	nienawidziłeś
nienawisc	nienawiść
nienawisci	nienawiści
nienawiscia	nienawiścią
nieobecnosc	nieobecność
nieobecnosci	nieobecności
nieokreslony	nieokreślony
nieosiagalny	nieosiągalny
nieostrozny	nieostrożny
niepamiec	niepamięć
niepelnosprawnych	niepełnosprawnych
niepewnosc	niepewność
niepewnosci	niepewności
niepoczytalnosc	niepoczytalność
niepodleglosc	niepodległość
niepodleglosci	niepodległości
niepodwazalne	niepodważalne
niepokoic	niepokoić
niepokoil	niepokoił
niepokoj	niepokój
niepokoja	niepokoją
niepokojace	niepokojące
niepokojacego	niepokojącego
niepokojacy	niepokojący
niepokoje	niepokoję
nieporozumien	nieporozumień
nieposluszenstwo	nieposłuszeństwo
niepostrzezenie	niepostrzeżenie
niepowolane	niepowołane
nieprawdaz	nieprawdaż
nieprawidlowosci	nieprawidłowości
niepredko	nieprędko
nieprzyjemnosci	nieprzyjemności
nieprzytomnosci	nieprzytomności
nierowno	nierówno
nierozlaczni	nierozłączni
nierozsadne	nierozsądne
nierozwiazane	nierozwiązane
nierozwiazanych	nierozwiązanych
nieruchomosc	nieruchomość
nieruchomosci	nieruchomości
nieruchomosciach	nieruchomościach
nieruchomosciami	nieruchomościami
niesc	nieść
niescislosci	nieścisłości
nieskonczenie	nieskończenie
nieskonczone	nieskończone
nieskonczonej	nieskończonej
nieskonczonosc	nieskończoność
nieskonczonosci	nieskończoności
nieskonczony	nieskończony
nieslusznie	niesłusznie
nieslychane	niesłychane
niesmiala	nieśmiała
niesmialy	nieśmiały
niesmiertelna	nieśmiertelna
niesmiertelni	nieśmiertelni
niesmiertelnosc	nieśmiertelność
niesmiertelnosci	nieśmiertelności
niesmiertelny	nieśmiertelny
niesmiertelnym	nieśmiertelnym
niespelna	niespełna
niespodzianke	niespodziankę
niesprawiedliwosc	niesprawiedliwość
niesprawiedliwosci	niesprawiedliwości
niestrawnosc	niestrawność
nieswiadoma	nieświadoma
nieswiadomie	nieświadomie
nieswiadomosci	nieświadomości
nieswiadomy	nieświadomy
nieszczegolnie	nieszczególnie
nieszczesc	nieszczęść
nieszczescia	nieszczęścia
nieszczescie	nieszczęście
nieszczesciem	nieszczęściem
nieszczesciu	nieszczęściu
nieszczesliwa	nieszczęśliwa
nieszczesliwe	nieszczęśliwe
nieszczesliwi	nieszczęśliwi
nieszczesliwie	nieszczęśliwie
nieszczesliwy	nieszczęśliwy
nieszczesliwym	nieszczęśliwym
nieszczesny	nieszczęsny
nietknieta	nietknięta
nietkniete	nietknięte
nietkniety	nietknięty
nietykalnosc	nietykalność
nietykalnosci	nietykalności
nieudacznikow	nieudaczników
nieugiety	nieugięty
nieumyslne	nieumyślne
nieumyslnie	nieumyślnie
niewatpliwie	niewątpliwie
niewazna	nieważna
niewazne	nieważne
niewazny	nieważny
niewdzieczna	niewdzięczna
niewdzieczny	niewdzięczny
niewiernosc	niewierność
niewiniatka	niewiniątka
niewinnosc	niewinność
niewinnosci	niewinności
niewlasciwa	niewłaściwą
niewlasciwe	niewłaściwe
niewlasciwego	niewłaściwego
niewlasciwej	niewłaściwej
niewlasciwie	niewłaściwie
niewlasciwy	niewłaściwy
niewlasciwych	niewłaściwych
niewlasciwym	niewłaściwym
niewole	niewolę
niewolnikow	niewolników
niewydolnosc	niewydolność
niewydolnosci	niewydolności
niewyjasnione	niewyjaśnione
niewyjasnionych	niewyjaśnionych
niewyobrazalne	niewyobrażalne
niewyobrazalnie	niewyobrażalnie
niewypal	niewypał
niewyparzona	niewyparzoną
niewyrazne	niewyraźne
niewyraznie	niewyraźnie
niewystarczajace	niewystarczające
niewystarczajaco	niewystarczająco
niezalezne	niezależne
niezaleznego	niezależnego
niezaleznie	niezależnie
niezaleznosc	niezależność
niezaleznosci	niezależności
niezalezny	niezależny
niezaleznych	niezależnych
niezaleznym	niezależnym
niezamezna	niezamężna
niezastapiony	niezastąpiony
niezauwazony	niezauważony
niezbedna	niezbędna
niezbedne	niezbędne
niezbedny	niezbędny
niezbednych	niezbędnych
niezla	niezła
niezle	nieźle
niezlego	niezłego
niezlej	niezłej
niezli	nieźli
niezliczona	niezliczoną
niezly	niezły
niezlych	niezłych
niezlym	niezłym
nieznosna	nieznośna
nieznosne	nieznośne
nieznosny	nieznośny
niezreczna	niezręczna
niezreczne	niezręczne
niezrecznej	niezręcznej
niezrecznie	niezręcznie
niezrownowazona	niezrównoważona
niezrownowazony	niezrównoważony
niezrozumiale	niezrozumiałe
niezupelnie	niezupełnie
niezwlocznie	niezwłocznie
niezwyciezony	niezwyciężony
niezwyklego	niezwykłego
niezwyklej	niezwykłej
niezwykly	niezwykły
niezwyklych	niezwykłych
niezwyklym	niezwykłym
nikad	nikąd
nikle	nikłe
niosa	niosą
niosac	niosąc
niose	niosę
niosl	niósł
niszcza	niszczą
niszczac	niszcząc
niszcze	niszczę
niszczyc	niszczyć
niszczyl	niszczył
niz	niż
nizej	niżej
nizsza	niższa
nizsze	niższe
nizszej	niższej
nizszy	niższy
nizszych	niższych
noca	nocą
nocke	nockę
nocowac	nocować
nocowal	nocował
nog	nóg
noge	nogę
nominacje	nominację
nore	norę
normalnosc	normalność
normalnosci	normalności
norme	normę
nosic	nosić
nosil	nosił
nosila	nosiła
nosilam	nosiłam
nosilas	nosiłaś
nosilem	nosiłem
nosiles	nosiłeś
nosorozca	nosorożca
nosorozec	nosorożec
nosza	noszą
noszac	nosząc
nosze	noszę
notatke	notatkę
notke	notkę
nowine	nowinę
nowosc	nowość
nowosci	nowości
nowotwor	nowotwór
nowozencow	nowożeńców
nowozency	nowożeńcy
noz	nóż
noza	noża
nozami	nożami
noze	noże
nozem	nożem
nozki	nóżki
noznej	nożnej
nozu	nożu
nozy	noży
nozyce	nożyce
nozyczek	nożyczek
nozyczkami	nożyczkami
nozyczki	nożyczki
nude	nudę
nudnosci	nudności
nudow	nudów
nudza	nudzą
nudze	nudzę
nudzic	nudzić
numerow	numerów
nurkow	nurków
nurkowac	nurkować
nute	nutę
obalic	obalić
obawiac	obawiać
obawiaja	obawiają
obawial	obawiał
obawiala	obawiała
obawialam	obawiałam
obawialem	obawiałem
obchod	obchód
obchodza	obchodzą
obchodze	obchodzę
obchodzic	obchodzić
obchodzil	obchodził
obchodzilo	obchodziło
obciac	obciąć
obciagnac	obciągnąć
obcial	obciął
obciaza	obciąża
obciazac	obciążać
obciazajace	obciążające
obciazenia	obciążenia
obciazenie	obciążenie
obciazyc	obciążyć
obcisle	obcisłe
obcokrajowcow	obcokrajowców
obdarzyl	obdarzył
obecnosc	obecność
obecnosci	obecności
obecnoscia	obecnością
obejmuja	obejmują
obejrzal	obejrzał
obejrzala	obejrzała
obejrzalam	obejrzałam
obejrzalem	obejrzałem
obejrze	obejrzę
obejrzec	obejrzeć
obejrzelismy	obejrzeliśmy
obejsc	obejść
obejscie	obejście
oberwac	oberwać
oberwal	oberwał
oberwalem	oberwałem
oberwales	oberwałeś
obetne	obetnę
obezwladnic	obezwładnić
obgadac	obgadać
obiecac	obiecać
obiecal	obiecał
obiecala	obiecała
obiecalam	obiecałam
obiecalas	obiecałaś
obiecalem	obiecałem
obiecales	obiecałeś
obiecalismy	obiecaliśmy
obiecujace	obiecujące
obiecujaco	obiecująco
obiecujacy	obiecujący
obiecuje	obiecuję
obiecywal	obiecywał
obiecywalem	obiecywałem
obiektow	obiektów
obijac	obijać
objac	objąć
objal	objął
objawow	objawów
objecia	objęcia
objeciach	objęciach
objety	objęty
oblac	oblać
oblakana	obłąkana
oblakany	obłąkany
oblakanych	obłąkanych
oblal	oblał
oblalam	oblałam
oblalem	oblałem
oblales	oblałeś
oblawe	obławę
obled	obłęd
obledu	obłędu
obleje	obleję
oblesne	obleśne
oblesny	obleśny
oblezenia	oblężenia
oblezenie	oblężenie
obliczen	obliczeń
obliczyc	obliczyć
oblokach	obłokach
obniza	obniża
obnizenie	obniżenie
obnizyc	obniżyć
obojetne	obojętne
obojetnie	obojętnie
obojetnosc	obojętność
obojetny	obojętny
obolaly	obolały
obowiazek	obowiązek
obowiazkach	obowiązkach
obowiazkami	obowiązkami
obowiazki	obowiązki
obowiazkiem	obowiązkiem
obowiazkow	obowiązków
obowiazkowa	obowiązkowa
obowiazkowe	obowiązkowe
obowiazku	obowiązku
obowiazuja	obowiązują
obowiazuje	obowiązuje
oboz	obóz
obozow	obozów
obrabowac	obrabować
obrabowal	obrabował
obrac	obrać
obracac	obracać
obracaja	obracają
obraczka	obrączka
obraczke	obrączkę
obraczki	obrączki
obral	obrał
obrazac	obrażać
obrazaj	obrażaj
obrazasz	obrażasz
obraze	obrazę
obrazen	obrażeń
obrazenia	obrażenia
obrazeniami	obrażeniami
obrazic	obrazić
obrazil	obraził
obrazilem	obraziłem
obraziles	obraziłeś
obrazkow	obrazków
obrazliwe	obraźliwe
obrazona	obrażona
obrazony	obrażony
obrazow	obrazów
obrebie	obrębie
obrecz	obręcz
obrobic	obrobić
obrobil	obrobił
obroc	obróć
obroce	obrócę
obroci	obróci
obrocic	obrócić
obrocil	obrócił
obrocisz	obrócisz
obronce	obrońcę
obroncow	obrońców
obroncy	obrońcy
obrone	obronę
obronic	obronić
obronna	obronną
obrot	obrót
obrotow	obrotów
obroze	obrożę
obrozy	obroży
obrzek	obrzęk
obrzezach	obrzeżach
obrzydliwosc	obrzydliwość
obserwatorow	obserwatorów
obserwowac	obserwować
obserwowal	obserwował
obserwowala	obserwowała
obserwowalam	obserwowałam
obserwowalem	obserwowałem
obserwowales	obserwowałeś
obserwowalismy	obserwowaliśmy
obserwuja	obserwują
obserwujac	obserwując
obsesje	obsesję
obsludze	obsłudze
obsluga	obsługa
obsluge	obsługę
obslugi	obsługi
obslugiwac	obsługiwać
obsluguje	obsługuje
obsluz	obsłuż
obsluzyc	obsłużyć
obstawiac	obstawiać
obstawic	obstawić
obszarow	obszarów
obudz	obudź
obudza	obudzą
obudzcie	obudźcie
obudze	obudzę
obudzic	obudzić
obudzil	obudził
obudzila	obudziła
obudzilam	obudziłam
obudzilas	obudziłaś
obudzilem	obudziłem
obudziles	obudziłeś
obudzilismy	obudziliśmy
obudzilo	obudziło
oburzajace	oburzające
obwiniac	obwiniać
obwiniaja	obwiniają
obwinial	obwiniał
obwinic	obwinić
obwod	obwód
obwodow	obwodów
obys	obyś
obyscie	obyście
obysmy	obyśmy
ocalal	ocalał
ocalalego	ocalałego
ocalaly	ocalały
ocalalych	ocalałych
ocalalym	ocalałym
ocale	ocalę
ocalic	ocalić
ocalil	ocalił
ocalila	ocaliła
ocalilam	ocaliłam
ocalilas	ocaliłaś
ocalilem	ocaliłem
ocaliles	ocaliłeś
ocalilismy	ocaliliśmy
oceanow	oceanów
ocene	ocenę
oceniac	oceniać
oceniaja	oceniają
ocenial	oceniał
ocenic	ocenić
ocenil	ocenił
ocenilem	oceniłem
ochlodzic	ochłodzić
ochlon	ochłoń
ochlonac	ochłonąć
ochote	ochotę
ochotnikow	ochotników
ochraniac	ochraniać
ochranial	ochraniał
ochrone	ochronę
ochronia	ochronią
ochronic	ochronić
ochronil	ochronił
ochronna	ochronną
oczarowac	oczarować
oczekiwac	oczekiwać
oczekiwal	oczekiwał
oczekiwala	oczekiwała
oczekiwalam	oczekiwałam
oczekiwalas	oczekiwałaś
oczekiwalem	oczekiwałem
oczekiwales	oczekiwałeś
oczekiwalismy	oczekiwaliśmy
oczekiwan	oczekiwań
oczekuja	oczekują
oczekujac	oczekując
oczekujacych	oczekujących
oczysc	oczyść
oczysci	oczyści
oczyscic	oczyścić
oczyscil	oczyścił
oczyscimy	oczyścimy
oczyszcze	oczyszczę
oczywiscie	oczywiście
odbeda	odbędą
odbedzie	odbędzie
odbic	odbić
odbierac	odbierać
odbieraja	odbierają
odbierajac	odbierając
odbieral	odbierał
odbierala	odbierała
odbieralas	odbierałaś
odbieralem	odbierałem
odbierales	odbierałeś
odbijac	odbijać
odbijaja	odbijają
odbil	odbił
odbila	odbiła
odbilo	odbiło
odbior	odbiór
odbiora	odbiorą
odbiore	odbiorę
odblokowac	odblokować
odbudowac	odbudować
odbyc	odbyć
odbyl	odbył
odbyla	odbyła
odbylem	odbyłem
odbylismy	odbyliśmy
odbylo	odbyło
odbywac	odbywać
odbywaja	odbywają
odchodz	odchodź
odchodza	odchodzą
odchodzac	odchodząc
odchodzcie	odchodźcie
odchodze	odchodzę
odchodzic	odchodzić
odchodzil	odchodził
odchodzila	odchodziła
odciac	odciąć
odciagnac	odciągnąć
odciagne	odciągnę
odcial	odciął
odcialem	odciąłem
odciales	odciąłeś
odcieci	odcięci
odciecie	odcięcie
odciela	odcięła
odcieli	odcięli
odcien	odcień
odcieta	odcięta
odciete	odcięte
odcieto	odcięto
odciety	odcięty
odcinkow	odcinków
odciskow	odcisków
odczepic	odczepić
odczepil	odczepił
odczuc	odczuć
odczuwac	odczuwać
odczuwaja	odczuwają
odczuwal	odczuwał
odczytac	odczytać
odczytow	odczytów
oddac	oddać
oddadza	oddadzą
oddaja	oddają
oddajac	oddając
oddal	oddał
oddalabym	oddałabym
oddalac	oddalać
oddalas	oddałaś
oddalby	oddałby
oddalbym	oddałbym
oddalem	oddałem
oddales	oddałeś
oddalic	oddalić
oddalil	oddalił
oddalismy	oddaliśmy
oddawac	oddawać
oddawal	oddawał
oddychac	oddychać
oddychaja	oddychają
oddychal	oddychał
oddzial	oddział
oddzialem	oddziałem
oddzialow	oddziałów
oddzialu	oddziału
oddzialuje	oddziałuje
oddzialy	oddziały
oddzielic	oddzielić
oddzwon	oddzwoń
oddzwonic	oddzwonić
oddzwonie	oddzwonię
oddzwonil	oddzwonił
oddzwonila	oddzwoniła
oddzwoniles	oddzwoniłeś
odebrac	odebrać
odebral	odebrał
odebrala	odebrała
odebralam	odebrałam
odebralas	odebrałaś
odebralem	odebrałem
odebrales	odebrałeś
odebralismy	odebraliśmy
odebralo	odebrało
odegrac	odegrać
odegral	odegrał
odejda	odejdą
odejde	odejdę
odejdz	odejdź
odejdzcie	odejdźcie
odejsc	odejść
odejscia	odejścia
odejscie	odejście
odejsciem	odejściem
odejsciu	odejściu
odepchnac	odepchnąć
odeprzec	odeprzeć
oderwac	oderwać
odesla	odeślą
odeslac	odesłać
odeslal	odesłał
odeslala	odesłała
odeslalem	odesłałem
odeslali	odesłali
odeslany	odesłany
odesle	odeślę
odeslemy	odeślemy
odeslij	odeślij
odeszla	odeszła
odeszlam	odeszłam
odeszlas	odeszłaś
odeszlo	odeszło
odeszly	odeszły
odetchnac	odetchnąć
odetne	odetnę
odezwac	odezwać
odezwal	odezwał
odezwala	odezwała
odezwales	odezwałeś
odezwe	odezwę
odgadnac	odgadnąć
odglos	odgłos
odglosow	odgłosów
odglosy	odgłosy
odgrywac	odgrywać
odgryzc	odgryźć
odgryzl	odgryzł
odizolowac	odizolować
odjac	odjąć
odjade	odjadę
odjebalo	odjebało
odjechac	odjechać
odjechal	odjechał
odjechala	odjechała
odjezdza	odjeżdża
odjezdzaja	odjeżdżają
odjezdzamy	odjeżdżamy
odkad	odkąd
odkladac	odkładać
odkladaj	odkładaj
odkladam	odkładam
odkrecic	odkręcić
odkryc	odkryć
odkryja	odkryją
odkryl	odkrył
odkryla	odkryła
odkrylam	odkryłam
odkrylas	odkryłaś
odkrylem	odkryłem
odkryles	odkryłeś
odkrylismy	odkryliśmy
odkrywac	odkrywać
odkupic	odkupić
odlac	odlać
odlacz	odłącz
odlaczony	odłączony
odlaczyc	odłączyć
odlamek	odłamek
odlamki	odłamki
odlamkow	odłamków
odlatuja	odlatują
odlece	odlecę
odlecial	odleciał
odleciala	odleciała
odleciec	odlecieć
odlegla	odległa
odlegle	odległe
odleglego	odległego
odleglej	odległej
odleglosc	odległość
odleglosci	odległości
odlegly	odległy
odleglych	odległych
odleglym	odległym
odliczac	odliczać
odloz	odłóż
odlozcie	odłóżcie
odloze	odłożę
odlozmy	odłóżmy
odlozy	odłoży
odlozyc	odłożyć
odlozyl	odłożył
odlozylem	odłożyłem
odlozymy	odłożymy
odlozysz	odłożysz
odmaszerowac	odmaszerować
odmawiac	odmawiać
odmawiaja	odmawiają
odmiane	odmianę
odmienic	odmienić
odmienil	odmienił
odmienilo	odmieniło
odmow	odmów
odmowe	odmowę
odmowi	odmówi
odmowic	odmówić
odmowie	odmówię
odmowil	odmówił
odmowila	odmówiła
odmowilam	odmówiłam
odmowilas	odmówiłaś
odmowilem	odmówiłem
odmowiles	odmówiłeś
odmowili	odmówili
odmowiono	odmówiono
odmowisz	odmówisz
odnajda	odnajdą
odnajde	odnajdę
odnajdz	odnajdź
odnalazl	odnalazł
odnalazla	odnalazła
odnalazlam	odnalazłam
odnalazlas	odnalazłaś
odnalazlem	odnalazłem
odnalazles	odnalazłeś
odnalezc	odnaleźć
odnalezli	odnaleźli
odnalezlismy	odnaleźliśmy
odniesc	odnieść
odnieslismy	odnieśliśmy
odniose	odniosę
odniosl	odniósł
odniosla	odniosła
odnioslam	odniosłam
odnioslem	odniosłem
odniosles	odniosłeś
odnosic	odnosić
odnosnie	odnośnie
odnosza	odnoszą
odnosze	odnoszę
odnowic	odnowić
odor	odór
odpadaja	odpadają
odpadl	odpadł
odpadla	odpadła
odpadna	odpadną
odpadow	odpadów
odpalac	odpalać
odpale	odpalę
odpalic	odpalić
odpalil	odpalił
odparl	odparł
odpasc	odpaść
odpisac	odpisać
odpisal	odpisał
odplacasz	odpłacasz
odplace	odpłacę
odplacic	odpłacić
odplynac	odpłynąć
odplynal	odpłynął
odplyw	odpływ
odplywa	odpływa
odplywamy	odpływamy
odpoczac	odpocząć
odpoczne	odpocznę
odpoczywac	odpoczywać
odpokutowac	odpokutować
odpornosc	odporność
odpornosci	odporności
odpornosciowy	odpornościowy
odpowiadac	odpowiadać
odpowiadaja	odpowiadają
odpowiadajac	odpowiadając
odpowiadal	odpowiadał
odpowiadala	odpowiadała
odpowiadalem	odpowiadałem
odpowiadalo	odpowiadało
odpowiedza	odpowiedzą
odpowiedzia	odpowiedzią
odpowiedzial	odpowiedział
odpowiedziala	odpowiedziała
odpowiedzialam	odpowiedziałam
odpowiedzialas	odpowiedziałaś
odpowiedzialem	odpowiedziałem
odpowiedziales	odpowiedziałeś
odpowiedzialnosc	odpowiedzialność
odpowiedzialnosci	odpowiedzialności
odpowiedzialnoscia	odpowiedzialnością
odpowiedziec	odpowiedzieć
odprawe	odprawę
odprawic	odprawić
odprez	odpręż
odprezyc	odprężyć
odprowadz	odprowadź
odprowadze	odprowadzę
odprowadzic	odprowadzić
odprowadzil	odprowadził
odpusc	odpuść
odpusci	odpuści
odpuscic	odpuścić
odpuscil	odpuścił
odpuscila	odpuściła
odpuscilem	odpuściłem
odpuscimy	odpuścimy
odpuscisz	odpuścisz
odpuscmy	odpuśćmy
odpuszcze	odpuszczę
odrabiac	odrabiać
odrazajaca	odrażająca
odrazajace	odrażające
odrazajacy	odrażający
odrobic	odrobić
odrobine	odrobinę
odrobinke	odrobinkę
odrodzic	odrodzić
odroznia	odróżnia
odroznic	odróżnić
odroznieniu	odróżnieniu
odrzuc	odrzuć
odrzucac	odrzucać
odrzucaja	odrzucają
odrzucic	odrzucić
odrzucil	odrzucił
odrzucila	odrzuciła
odrzucilam	odrzuciłam
odrzucilas	odrzuciłaś
odrzucilem	odrzuciłem
odrzuciles	odrzuciłeś
odsiadke	odsiadkę
odsiedzial	odsiedział
odsiedzialem	odsiedziałem
odslonic	odsłonić
odsluchasz	odsłuchasz
odstawic	odstawić
odstawie	odstawię
odstawil	odstawił
odstepach	odstępach
odstraszyc	odstraszyć
odstrzele	odstrzelę
odstrzelic	odstrzelić
odstrzelil	odstrzelił
odsun	odsuń
odsunac	odsunąć
odsunal	odsunął
odsuncie	odsuńcie
odsuniety	odsunięty
odswieze	odświeżę
odswiezy	odświeży
odswiezyc	odświeżyć
odszedl	odszedł
odszedlem	odszedłem
odszedles	odszedłeś
odszukac	odszukać
odtad	odtąd
odtworz	odtwórz
odtworzyc	odtworzyć
odwage	odwagę
odwalac	odwalać
odwalic	odwalić
odwalil	odwalił
odwaliles	odwaliłeś
odwalilo	odwaliło
odwazna	odważna
odwazne	odważne
odwaznego	odważnego
odwazni	odważni
odwaznie	odważnie
odwazny	odważny
odwaznych	odważnych
odwaznym	odważnym
odwazy	odważy
odwazyl	odważył
odwazysz	odważysz
odwdziecze	odwdzięczę
odwdzieczyc	odwdzięczyć
odwiedz	odwiedź
odwiedzac	odwiedzać
odwiedzaja	odwiedzają
odwiedzajacych	odwiedzających
odwiedzal	odwiedzał
odwiedzala	odwiedzała
odwiedzalem	odwiedzałem
odwiedze	odwiedzę
odwiedzic	odwiedzić
odwiedzil	odwiedził
odwiedzila	odwiedziła
odwiedzilam	odwiedziłam
odwiedzilem	odwiedziłem
odwiedziles	odwiedziłeś
odwiesc	odwieść
odwiez	odwieź
odwiezc	odwieźć
odwioze	odwiozę
odwiozl	odwiózł
odwiozlem	odwiozłem
odwola	odwoła
odwolac	odwołać
odwolaj	odwołaj
odwolal	odwołał
odwolala	odwołała
odwolalam	odwołałam
odwolalem	odwołałem
odwolali	odwołali
odwolam	odwołam
odwolana	odwołana
odwolane	odwołane
odwolania	odwołania
odwolanie	odwołanie
odwolano	odwołano
odwolany	odwołany
odwoluje	odwołuję
odwolujemy	odwołujemy
odwolywac	odwoływać
odwracac	odwracać
odwracaja	odwracają
odwroc	odwróć
odwroccie	odwróćcie
odwroce	odwrócę
odwrocenia	odwrócenia
odwrocenie	odwrócenie
odwroci	odwróci
odwrocic	odwrócić
odwrocil	odwrócił
odwrocila	odwróciła
odwrocilam	odwróciłam
odwrocilem	odwróciłem
odwrociles	odwróciłeś
odwrocili	odwrócili
odwrocily	odwróciły
odwrocimy	odwrócimy
odwrocisz	odwrócisz
odwrocona	odwrócona
odwrocone	odwrócone
odwrocony	odwrócony
odwrot	odwrót
odziedziczyc	odziedziczyć
odziedziczyl	odziedziczył
odziedziczyla	odziedziczyła
odziedziczylem	odziedziczyłem
odziez	odzież
odziezy	odzieży
odznake	odznakę
odzyskac	odzyskać
odzyskal	odzyskał
odzyskala	odzyskała
odzyskalam	odzyskałam
odzyskalas	odzyskałaś
odzyskalem	odzyskałem
odzyskales	odzyskałeś
odzyskalismy	odzyskaliśmy
odzywac	odzywać
odzywal	odzywał
odzywala	odzywała
odzywales	odzywałeś
oferowac	oferować
oferowal	oferował
oferte	ofertę
oferuja	oferują
oferujac	oferując
ofiare	ofiarę
ofiarowac	ofiarować
ofiarowal	ofiarował
ofiaruje	ofiaruję
oficerow	oficerów
ogarnac	ogarnąć
ogarnal	ogarnął
ogarne	ogarnę
ogarnela	ogarnęła
ogien	ogień
oglada	ogląda
ogladac	oglądać
ogladacie	oglądacie
ogladaj	oglądaj
ogladaja	oglądają
ogladajac	oglądając
ogladajcie	oglądajcie
ogladal	oglądał
ogladala	oglądała
ogladalam	oglądałam
ogladalas	oglądałaś
ogladalem	oglądałem
ogladales	oglądałeś
ogladali	oglądali
ogladaliscie	oglądaliście
ogladalismy	oglądaliśmy
ogladalnosc	oglądalność
ogladalnosci	oglądalności
ogladam	oglądam
ogladamy	oglądamy
ogladania	oglądania
ogladanie	oglądanie
ogladaniu	oglądaniu
ogladasz	oglądasz
ogladnac	oglądnąć
oglasza	ogłasza
oglaszam	ogłaszam
ogledziny	oględziny
oglos	ogłoś
oglosi	ogłosi
oglosic	ogłosić
oglosil	ogłosił
oglosila	ogłosiła
oglosili	ogłosili
oglosimy	ogłosimy
oglosza	ogłoszą
oglosze	ogłoszę
ogloszen	ogłoszeń
ogloszenia	ogłoszenia
ogloszenie	ogłoszenie
ogloszeniu	ogłoszeniu
ogloszono	ogłoszono
ogluchles	ogłuchłeś
ogol	ogół
ogole	ogóle
ogolic	ogolić
ogolna	ogólna
ogolne	ogólne
ogolnego	ogólnego
ogolnej	ogólnej
ogolniaka	ogólniaka
ogolniaku	ogólniaku
ogolnie	ogólnie
ogolny	ogólny
ogolnym	ogólnym
ogolu	ogółu
ogorek	ogórek
ogorki	ogórki
ograniczac	ograniczać
ograniczen	ograniczeń
ograniczyc	ograniczyć
ogrod	ogród
ogrodek	ogródek
ogrodka	ogródka
ogrodku	ogródku
ogrodow	ogrodów
ogrzac	ogrzać
ojcow	ojców
ojczyzne	ojczyznę
ojczyznie	ojczyźnie
okaza	okażą
okazac	okazać
okazal	okazał
okazala	okazała
okazales	okazałeś
okazalo	okazało
okazaly	okazały
okazcie	okażcie
okaze	okaże
okazesz	okażesz
okazje	okazję
okazuja	okazują
okazywac	okazywać
okazywal	okazywał
okielznac	okiełznać
okladce	okładce
okladka	okładka
okladke	okładkę
okladki	okładki
oklamac	okłamać
oklamal	okłamał
oklamala	okłamała
oklamalam	okłamałam
oklamalas	okłamałaś
oklamalem	okłamałem
oklamales	okłamałeś
oklamali	okłamali
oklamiesz	okłamiesz
oklamuj	okłamuj
oklamuja	okłamują
oklamujesz	okłamujesz
oklamywac	okłamywać
oklamywal	okłamywał
oklamywala	okłamywała
oklamywalas	okłamywałaś
oklamywales	okłamywałeś
oklamywanie	okłamywanie
okolicznosc	okoliczność
okolicznosci	okoliczności
okolicznosciach	okolicznościach
okolo	około
okradac	okradać
okradaja	okradają
okradal	okradał
okradl	okradł
okradles	okradłeś
okrag	okrąg
okragla	okrągła
okragle	okrągłe
okraglego	okrągłego
okraglo	okrągło
okragly	okrągły
okrasc	okraść
okrazen	okrążeń
okrazenia	okrążenia
okrazenie	okrążenie
okrecie	okręcie
okreg	okręg
okregowego	okręgowego
okregowy	okręgowy
okregowym	okręgowym
okregu	okręgu
okresla	określa
okreslaja	określają
okreslenia	określenia
okreslenie	określenie
okreslic	określić
okreslil	określił
okreslona	określoną
okreslone	określone
okreslonego	określonego
okreslonej	określonej
okreslony	określony
okreslonych	określonych
okreslonym	określonym
okret	okręt
okretem	okrętem
okretow	okrętów
okretu	okrętu
okrety	okręty
okreznicy	okrężnicy
okropienstwo	okropieństwo
okropnosc	okropność
okropnosci	okropności
okrucienstwa	okrucieństwa
okrucienstwo	okrucieństwo
okularow	okularów
olac	olać
olal	olał
olales	olałeś
olbrzymow	olbrzymów
olimpiade	olimpiadę
olivie	olivię
olow	ołów
olowek	ołówek
olowiem	ołowiem
olowiu	ołowiu
olowka	ołówka
olowki	ołówki
olowkiem	ołówkiem
olsniewajaca	olśniewająca
olsniewajaco	olśniewająco
olsnilo	olśniło
oltarz	ołtarz
oltarza	ołtarza
oltarzem	ołtarzem
oltarzu	ołtarzu
omawiac	omawiać
omawialismy	omawialiśmy
omijac	omijać
ominac	ominąć
ominal	ominął
ominales	ominąłeś
ominela	ominęła
ominelo	ominęło
omowic	omówić
omowienia	omówienia
omowilismy	omówiliśmy
omowimy	omówimy
omowmy	omówmy
opadaja	opadają
opadl	opadł
opadla	opadła
opadly	opadły
opalach	opałach
opanowac	opanować
opanowal	opanował
oparl	oparł
oparzen	oparzeń
opaske	opaskę
opatrznosci	opatrzności
opatrzyc	opatrzyć
opchnac	opchnąć
operacje	operację
opere	operę
operowac	operować
operowal	operował
operuja	operują
opetal	opętał
opetalo	opętało
opetana	opętana
opetanie	opętanie
opetany	opętany
opieke	opiekę
opiekowac	opiekować
opiekowal	opiekował
opiekowala	opiekowała
opiekowalam	opiekowałam
opiekowalem	opiekowałem
opiekuja	opiekują
opiekunczy	opiekuńczy
opiekunke	opiekunkę
opiekunow	opiekunów
opierac	opierać
opieraja	opierają
opierajac	opierając
opieral	opierał
opisac	opisać
opisal	opisał
opisala	opisała
opisalem	opisałem
opisales	opisałeś
opisuja	opisują
opisze	opiszę
oplaca	opłaca
oplacac	opłacać
oplaci	opłaci
oplacic	opłacić
oplacil	opłacił
oplacila	opłaciła
oplacilo	opłaciło
oplacone	opłacone
oplacony	opłacony
oplakiwac	opłakiwać
oplat	opłat
oplata	opłata
oplate	opłatę
oplaty	opłaty
opone	oponę
opor	opór
opowiadac	opowiadać
opowiadaja	opowiadają
opowiadajac	opowiadając
opowiadal	opowiadał
opowiadala	opowiadała
opowiadalam	opowiadałam
opowiadalas	opowiadałaś
opowiadalem	opowiadałem
opowiadales	opowiadałeś
opowiadan	opowiadań
opowiedzial	opowiedział
opowiedziala	opowiedziała
opowiedzialam	opowiedziałam
opowiedzialas	opowiedziałaś
opowiedzialem	opowiedziałem
opowiedziales	opowiedziałeś
opowiedziec	opowiedzieć
opowiesc	opowieść
opowiesci	opowieści
opowiescia	opowieścią
opowiesciami	opowieściami
opozni	opóźni
opoznia	opóźnia
opoznic	opóźnić
opoznienia	opóźnienia
opoznienie	opóźnienie
opoznieniem	opóźnieniem
opozniona	opóźniona
opozniony	opóźniony
opracowac	opracować
opracowal	opracował
opracowalem	opracowałem
opracowalismy	opracowaliśmy
oprocz	oprócz
oprowadze	oprowadzę
oprowadzic	oprowadzić
oproznic	opróżnić
oproznij	opróżnij
opryszczke	opryszczkę
oprzec	oprzeć
optymista	optymistą
opublikowac	opublikować
opublikowal	opublikował
opusc	opuść
opusccie	opuśćcie
opusci	opuści
opuscic	opuścić
opuscicie	opuścicie
opuscie	opuście
opuscil	opuścił
opuscila	opuściła
opuscilam	opuściłam
opuscilas	opuściłaś
opuscilem	opuściłem
opusciles	opuściłeś
opuscili	opuścili
opuscilismy	opuściliśmy
opuscilo	opuściło
opuscily	opuściły
opuscimy	opuścimy
opuscisz	opuścisz
opuszczac	opuszczać
opuszczaja	opuszczają
opuszczajac	opuszczając
opuszczal	opuszczał
opuszczala	opuszczała
opuszcze	opuszczę
orbite	orbitę
organizmow	organizmów
organizowac	organizować
organizuja	organizują
organow	organów
orgie	orgię
orientacje	orientację
orkiestre	orkiestrę
orla	orła
orlem	orłem
orly	orły
oryginal	oryginał
oryginalu	oryginału
oryginaly	oryginały
orzechow	orzechów
orzekl	orzekł
orzel	orzeł
orzeszkow	orzeszków
osad	osąd
osadnikow	osadników
osadu	osądu
osadza	osądza
osadzac	osądzać
osadzaj	osądzaj
osadzam	osądzam
osadzasz	osądzasz
osadzi	osądzi
osadzic	osądzić
osadzony	osądzony
osemka	ósemka
osemke	ósemkę
osemki	ósemki
osiaga	osiąga
osiagaja	osiągają
osiagna	osiągną
osiagnac	osiągnąć
osiagnal	osiągnął
osiagnalem	osiągnąłem
osiagnales	osiągnąłeś
osiagne	osiągnę
osiagnela	osiągnęła
osiagnelam	osiągnęłam
osiagnelas	osiągnęłaś
osiagneli	osiągnęli
osiagnelismy	osiągnęliśmy
osiagnie	osiągnie
osiagniec	osiągnięć
osiagniecia	osiągnięcia
osiagniecie	osiągnięcie
osiagnieciem	osiągnięciem
osiagniemy	osiągniemy
osiagniesz	osiągniesz
osiemdziesiat	osiemdziesiąt
osiemnascie	osiemnaście
osiol	osioł
oskarza	oskarża
oskarzac	oskarżać
oskarzacie	oskarżacie
oskarzaja	oskarżają
oskarzam	oskarżam
oskarzasz	oskarżasz
oskarze	oskarżę
oskarzen	oskarżeń
oskarzeni	oskarżeni
oskarzenia	oskarżenia
oskarzeniami	oskarżeniami
oskarzenie	oskarżenie
oskarzeniem	oskarżeniem
oskarzeniu	oskarżeniu
oskarzona	oskarżona
oskarzonego	oskarżonego
oskarzonej	oskarżonej
oskarzono	oskarżono
oskarzony	oskarżony
oskarzonych	oskarżonych
oskarzonym	oskarżonym
oskarzy	oskarży
oskarzyc	oskarżyć
oskarzyciel	oskarżyciel
oskarzyciela	oskarżyciela
oskarzycielem	oskarżycielem
oskarzyl	oskarżył
oskarzyla	oskarżyła
oskarzyli	oskarżyli
oskarzymy	oskarżymy
osla	osła
oslabia	osłabia
oslabic	osłabić
oslabienie	osłabienie
oslabiony	osłabiony
oslaniac	osłaniać
oslaniaj	osłaniaj
oslaniajcie	osłaniajcie
oslanial	osłaniał
oslaniam	osłaniam
osle	ośle
oslem	osłem
oslep	oślep
oslon	osłon
oslone	osłonę
oslony	osłony
osly	osły
osma	ósma
osme	ósme
osmego	ósmego
osmej	ósmej
osmiele	ośmielę
osmieli	ośmieli
osmielil	ośmielił
osmielisz	ośmielisz
osmieszyc	ośmieszyć
osmioma	ośmioma
osmiornica	ośmiornica
osmioro	ośmioro
osmiu	ośmiu
osmy	ósmy
osmym	ósmym
osob	osób
osobe	osobę
osobiscie	osobiście
osobistosci	osobistości
osobliwosci	osobliwości
osobnikow	osobników
osobnosci	osobności
osobowosc	osobowość
osobowosci	osobowości
osobowoscia	osobowością
ospe	ospę
osrodek	ośrodek
osrodka	ośrodka
osrodki	ośrodki
osrodku	ośrodku
ostatecznosci	ostateczności
ostrosc	ostrość
ostrozna	ostrożna
ostrozne	ostrożne
ostrozni	ostrożni
ostroznie	ostrożnie
ostrozniejszy	ostrożniejszy
ostroznosc	ostrożność
ostroznosci	ostrożności
ostrozny	ostrożny
ostroznym	ostrożnym
ostrzal	ostrzał
ostrzalem	ostrzałem
ostrzegal	ostrzegał
ostrzegala	ostrzegała
ostrzegalam	ostrzegałam
ostrzegalem	ostrzegałem
ostrzegl	ostrzegł
ostrzegla	ostrzegła
ostrzeglem	ostrzegłem
ostrzegles	ostrzegłeś
ostrzez	ostrzeż
ostrzezen	ostrzeżeń
ostrzezenia	ostrzeżenia
ostrzezenie	ostrzeżenie
ostrzezeniem	ostrzeżeniem
oswiadczam	oświadczam
oswiadczenia	oświadczenia
oswiadczenie	oświadczenie
oswiadczeniu	oświadczeniu
oswiadczy	oświadczy
oswiadczyc	oświadczyć
oswiadczyl	oświadczył
oswiadczylem	oświadczyłem
oswiadczyles	oświadczyłeś
oswiadczyny	oświadczyny
oswiec	oświeć
oswiecenia	oświecenia
oswiecenie	oświecenie
oswiecic	oświecić
oswietlenia	oświetlenia
oswietlenie	oświetlenie
oswoic	oswoić
oszacowac	oszacować
oszalal	oszalał
oszalala	oszalała
oszalalam	oszalałam
oszalalas	oszalałaś
oszalalem	oszalałem
oszalales	oszalałeś
oszalaly	oszalały
oszalamiajace	oszałamiające
oszalamiajaco	oszałamiająco
oszalec	oszaleć
oszaleliscie	oszaleliście
oszczednosci	oszczędności
oszczedz	oszczędź
oszczedza	oszczędza
oszczedzac	oszczędzać
oszczedzaj	oszczędzaj
oszczedzam	oszczędzam
oszczedze	oszczędzę
oszczedzi	oszczędzi
oszczedzic	oszczędzić
oszczedzil	oszczędził
oszczedzisz	oszczędzisz
oszolomiona	oszołomiona
oszolomiony	oszołomiony
oszukac	oszukać
oszukal	oszukał
oszukala	oszukała
oszukalas	oszukałaś
oszukalem	oszukałem
oszukales	oszukałeś
oszukiwac	oszukiwać
oszukiwal	oszukiwał
oszukiwalam	oszukiwałam
oszukiwalem	oszukiwałem
oszukiwales	oszukiwałeś
oszukuja	oszukują
oszusci	oszuści
oszuscie	oszuście
oszustow	oszustów
otaczaja	otaczają
otchlan	otchłań
otchlani	otchłani
otoczyc	otoczyć
otoz	otóż
otruc	otruć
otrul	otruł
otrula	otruła
otrzasnac	otrząsnąć
otrzasnij	otrząśnij
otrzymac	otrzymać
otrzymaja	otrzymają
otrzymal	otrzymał
otrzymala	otrzymała
otrzymalam	otrzymałam
otrzymalas	otrzymałaś
otrzymalem	otrzymałem
otrzymales	otrzymałeś
otrzymalismy	otrzymaliśmy
otrzymuja	otrzymują
otrzymywac	otrzymywać
otrzymywal	otrzymywał
otwierac	otwierać
otwieraja	otwierają
otwierajac	otwierając
otwieral	otwierał
otwor	otwór
otworow	otworów
otworz	otwórz
otworza	otworzą
otworzcie	otwórzcie
otworze	otworzę
otworzmy	otwórzmy
otworzyc	otworzyć
otworzyl	otworzył
otworzyla	otworzyła
otworzylam	otworzyłam
otworzylas	otworzyłaś
otworzylem	otworzyłem
otworzyles	otworzyłeś
otworzylismy	otworzyliśmy
otworzylo	otworzyło
otworzyly	otworzyły
owadow	owadów
owijac	owijać
owin	owiń
owinac	owinąć
owlosione	owłosione
owlosiony	owłosiony
owocow	owoców
owsianke	owsiankę
ozen	ożeń
ozeni	ożeni
ozenic	ożenić
ozenie	ożenię
ozenil	ożenił
ozenilem	ożeniłem
ozeniles	ożeniłeś
ozenisz	ożenisz
oziebla	oziębła
oznaczac	oznaczać
oznaczaja	oznaczają
oznaczal	oznaczał
oznaczalo	oznaczało
oznaczaloby	oznaczałoby
oznaczyc	oznaczyć
oznajmic	oznajmić
oznajmil	oznajmił
ozywic	ożywić
pachna	pachną
pachne	pachnę
pachnial	pachniał
pachnialo	pachniało
pachniec	pachnieć
pacjentke	pacjentkę
pacjentow	pacjentów
paczkami	pączkami
paczke	paczkę
paczkow	pączków
padac	padać
padaja	padają
padal	padał
padalo	padało
padl	padł
padla	padła
padlo	padło
padly	padły
padna	padną
padne	padnę
pajak	pająk
pajaka	pająka
pajaki	pająki
pajakow	pająków
pakowac	pakować
pakowal	pakował
pakuja	pakują
pala	palą
palac	pałac
palacem	pałacem
palacu	pałacu
palantow	palantów
palcow	palców
pale	palę
paleczke	pałeczkę
paleczki	pałeczki
palic	palić
palil	palił
palila	paliła
palilam	paliłam
palilem	paliłem
paliles	paliłeś
palilo	paliło
palka	pałką
palke	pałkę
palki	pałki
paly	pały
pamiatek	pamiątek
pamiatka	pamiątka
pamiatkami	pamiątkami
pamiatke	pamiątkę
pamiatki	pamiątki
pamiec	pamięć
pamieci	pamięci
pamiecia	pamięcią
pamieciowy	pamięciowy
pamieta	pamięta
pamietac	pamiętać
pamietacie	pamiętacie
pamietaj	pamiętaj
pamietaja	pamiętają
pamietajac	pamiętając
pamietajcie	pamiętajcie
pamietajmy	pamiętajmy
pamietal	pamiętał
pamietala	pamiętała
pamietalam	pamiętałam
pamietalas	pamiętałaś
pamietalem	pamiętałem
pamietales	pamiętałeś
pamietali	pamiętali
pamietam	pamiętam
pamietamy	pamiętamy
pamietasz	pamiętasz
pamietnik	pamiętnik
pamietnika	pamiętnika
pamietniki	pamiętniki
pamietniku	pamiętniku
pania	panią
panienke	panienkę
panienski	panieński
panienskie	panieńskie
panike	panikę
panikowac	panikować
panne	pannę
panow	panów
panowac	panować
panowal	panował
panowala	panowała
panscy	pańscy
panski	pański
panskich	pańskich
panskie	pańskie
panskiego	pańskiego
panskiej	pańskiej
panskiemu	pańskiemu
panskim	pańskim
panskimi	pańskimi
panstw	państw
panstwa	państwa
panstwem	państwem
panstwie	państwie
panstwo	państwo
panstwowe	państwowe
panstwowego	państwowego
panstwowej	państwowej
panstwowy	państwowy
panstwowych	państwowych
panstwowym	państwowym
panstwu	państwu
panuja	panują
papierkow	papierków
papierosow	papierosów
papierow	papierów
papiez	papież
papieza	papieża
papiezem	papieżem
paplac	paplać
papuge	papugę
parade	paradę
paradowac	paradować
paraliz	paraliż
paralizu	paraliżu
paralizuje	paraliżuje
paranoje	paranoję
pare	parę
parkow	parków
parkowac	parkować
parowki	parówki
partnerke	partnerkę
partnerow	partnerów
partyjke	partyjkę
partyzantow	partyzantów
paryz	paryż
paryza	paryża
paryzu	paryżu
pasazer	pasażer
pasazera	pasażera
pasazerami	pasażerami
pasazerem	pasażerem
pasazerow	pasażerów
pasazerowie	pasażerowie
pasc	paść
pasje	pasję
paskow	pasków
pasow	pasów
pasowac	pasować
pasowal	pasował
pasowala	pasowała
pasowalo	pasowało
pasowaloby	pasowałoby
pasowaly	pasowały
pasozyt	pasożyt
pasozyta	pasożyta
pasozytem	pasożytem
pasozytow	pasożytów
pasozyty	pasożyty
passe	passę
paste	pastę
pastwe	pastwę
pasuja	pasują
pasujace	pasujące
pasujacy	pasujący
pasujacych	pasujących
paszcze	paszczę
paszportow	paszportów
patelnie	patelnię
patriota	patriotą
patriotow	patriotów
patrza	patrzą
patrzac	patrząc
patrze	patrzę
patrzec	patrzeć
patrzyc	patrzyć
patrzyl	patrzył
patrzyla	patrzyła
patrzylam	patrzyłam
patrzylas	patrzyłaś
patrzylem	patrzyłem
patrzyles	patrzyłeś
patrzylismy	patrzyliśmy
patykow	patyków
pawel	paweł
pawla	pawła
pazdziernik	październik
pazdziernika	października
pazdzierniku	październiku
paznokiec	paznokieć
pazurow	pazurów
pchac	pchać
pchly	pchły
pchnac	pchnąć
pchnal	pchnął
pchniecie	pchnięcie
pecherz	pęcherz
pecherza	pęcherza
pecherze	pęcherze
pedal	pedał
pedala	pedała
pedalem	pedałem
pedalow	pedałów
pedaly	pedały
pediatra	pediatrą
pedz	pędź
pedze	pędzę
pedzi	pędzi
pedzic	pędzić
peka	pęka
pekaj	pękaj
pekaja	pękają
pekl	pękł
pekla	pękła
peklo	pękło
peknac	pęknąć
peknie	pęknie
pekniecia	pęknięcia
pekniecie	pęknięcie
pekniete	pęknięte
pekniety	pęknięty
pelen	pełen
peleryne	pelerynę
pelne	pełne
pelnego	pełnego
pelnej	pełnej
pelni	pełni
pelnic	pełnić
pelnie	pełnię
pelno	pełno
pelnomocnictwo	pełnomocnictwo
pelnomocnik	pełnomocnik
pelny	pełny
pelnych	pełnych
pelnym	pełnym
pelnymi	pełnymi
pensje	pensję
pensow	pensów
pepek	pępek
pepowine	pępowinę
perel	pereł
perla	perła
perle	perłę
perly	perły
perspektywe	perspektywę
peruke	perukę
petla	pętla
petle	pętlę
petli	pętli
petycje	petycję
pewnosc	pewność
pewnosci	pewności
pewnoscia	pewnością
piataka	piątaka
piatce	piątce
piate	piąte
piateczka	piąteczka
piatego	piątego
piatej	piątej
piatek	piątek
piatka	piątka
piatke	piątkę
piatki	piątki
piatkowa	piątkową
piatkowe	piątkowe
piatkowy	piątkowy
piatku	piątku
piaty	piąty
piatym	piątym
pic	pić
piec	pięć
piecdziesiat	pięćdziesiąt
piecdziesieciu	pięćdziesięciu
piechote	piechotę
piecioma	pięcioma
piecioro	pięcioro
pieciu	pięciu
piecset	pięćset
pieczec	pieczęć
pieczeci	pieczęci
pieczen	pieczeń
piekiel	piekieł
piekla	piekła
pieklem	piekłem
pieklo	piekło
piekna	piękna
piekne	piękne
pieknego	pięknego
pieknej	pięknej
pieknem	pięknem
piekni	piękni
pieknie	pięknie
piekniejsza	piękniejsza
piekniejsze	piękniejsze
piekniejszego	piękniejszego
pieknisiu	pięknisiu
piekno	piękno
pieknosc	piękność
pieknosci	piękności
pieknoscia	pięknością
piekny	piękny
pieknych	pięknych
pieknym	pięknym
pieknymi	pięknymi
pielegniarce	pielęgniarce
pielegniarek	pielęgniarek
pielegniarke	pielęgniarkę
pielegniarki	pielęgniarki
pielegniarz	pielęgniarz
pielegniarzem	pielęgniarzem
pielegnowac	pielęgnować
pieluche	pieluchę
pien	pień
pieniadz	pieniądz
pieniadza	pieniądza
pieniadzach	pieniądzach
pieniadze	pieniądze
pieniadzom	pieniądzom
pieniazki	pieniążki
pieniedzmi	pieniędzmi
pieniedzy	pieniędzy
pienku	pieńku
pieprza	pieprzą
pieprze	pieprzę
pieprzyc	pieprzyć
pieprzyl	pieprzył
pieprzyla	pieprzyła
pieprzylam	pieprzyłam
pieprzylas	pieprzyłaś
pieprzylem	pieprzyłem
pieprzyles	pieprzyłeś
pierdole	pierdolę
pierdolic	pierdolić
pierdoly	pierdoły
pierdziele	pierdzielę
piernicze	pierniczę
piers	pierś
pierscien	pierścień
pierscieni	pierścieni
pierscienia	pierścienia
pierscienie	pierścienie
pierscieniem	pierścieniem
pierscionek	pierścionek
pierscionka	pierścionka
pierscionki	pierścionki
pierscionkiem	pierścionkiem
piersia	piersią
piersiowa	piersiową
pierwszenstwo	pierwszeństwo
piesc	pięść
piesci	pięści
piescia	pięścią
piesciami	pięściami
piescic	pieścić
piesn	pieśń
piesni	pieśni
piet	pięt
pietach	piętach
pieter	pięter
pietnascie	piętnaście
pietnastu	piętnastu
pietno	piętno
pietra	piętra
pietro	piętro
pietrze	piętrze
pigulek	pigułek
pigulka	pigułka
pigulke	pigułkę
pigulki	pigułki
piguly	piguły
pija	piją
pijac	pijąc
pijakow	pijaków
pijanstwo	pijaństwo
pil	pił
pila	piła
pilam	piłam
pilas	piłaś
pilce	piłce
pile	piłę
pileczka	piłeczka
pileczke	piłeczkę
pileczki	piłeczki
pilek	piłek
pilem	piłem
piles	piłeś
pilismy	piliśmy
pilka	piłka
pilke	piłkę
pilki	piłki
pilnowac	pilnować
pilnowal	pilnował
pilnowala	pilnowała
pilnowalem	pilnowałem
pilnuja	pilnują
pilotow	pilotów
pilotowac	pilotować
pily	piły
pingwinow	pingwinów
pior	piór
piora	pióra
piorem	piórem
piorko	piórko
pioro	pióro
piosenke	piosenkę
piotrus	piotruś
piramide	piramidę
piratow	piratów
pisac	pisać
pisal	pisał
pisala	pisała
pisalam	pisałam
pisalas	pisałaś
pisalem	pisałem
pisales	pisałeś
pisalismy	pisaliśmy
pisalo	pisało
piskle	pisklę
pismie	piśmie
pistoletow	pistoletów
pisza	piszą
piszac	pisząc
piwnice	piwnicę
pizama	piżama
pizame	piżamę
pizamie	piżamie
pizamy	piżamy
pizze	pizzę
placa	płacą
placac	płacąc
place	płacę
placenia	płacenia
placenie	płacenie
placi	płaci
placic	płacić
placicie	płacicie
placie	płacie
placil	płacił
placila	płaciła
placilem	płaciłem
placiles	płaciłeś
placili	płacili
placimy	płacimy
placisz	płacisz
placowce	placówce
placowek	placówek
placowka	placówka
placowke	placówkę
placowki	placówki
placz	płacz
placza	płaczą
placzac	płacząc
placzem	płaczem
placzesz	płaczesz
placzu	płaczu
plage	plagę
plakac	płakać
plakal	płakał
plakala	płakała
plakalam	płakałam
plakalas	płakałaś
plakalem	płakałem
plakales	płakałeś
plakali	płakali
plakatow	plakatów
plakietke	plakietkę
plame	plamę
planete	planetę
planow	planów
planowac	planować
planowal	planował
planowala	planowała
planowalam	planowałam
planowalas	planowałaś
planowalem	planowałem
planowales	planowałeś
planowalismy	planowaliśmy
planuja	planują
plaska	płaska
plaski	płaski
plaskie	płaskie
plasko	płasko
plastikowa	plastikową
plastyczna	plastyczną
plaszcz	płaszcz
plaszcza	płaszcza
plaszcze	płaszcze
plaszczem	płaszczem
plaszczu	płaszczu
plat	płat
plata	płata
platek	płatek
platforme	platformę
platka	płatka
platkami	płatkami
platki	płatki
platkow	płatków
platna	płatna
platne	płatne
platnosci	płatności
platny	płatny
plaze	plażę
plazem	płazem
plazme	plazmę
plazy	plaży
plci	płci
pld	płd
plec	płeć
plecow	pleców
plemie	plemię
plesn	pleśń
plesni	pleśni
pletwy	płetwy
plikow	plików
plk	płk
pln	płn
plod	płód
plodnosci	płodności
plodu	płodu
plomien	płomień
plomieni	płomieni
plomienia	płomienia
plomieniach	płomieniach
plomienie	płomienie
plon	płoń
plona	płoną
plonac	płonąć
plonace	płonące
plonacego	płonącego
plonacy	płonący
plonacym	płonącym
plonal	płonął
plone	płonę
plonie	płonie
plot	płot
plotke	plotkę
plotkowac	plotkować
plotkuja	plotkują
plotna	płótna
plotno	płótno
plotu	płotu
pluc	płuc
pluca	płuca
plucach	płucach
pluco	płuco
plukania	płukania
plukanie	płukanie
pluskwe	pluskwę
plycie	płycie
plyn	płyn
plyna	płyną
plynac	płynąć
plynace	płynące
plynal	płynął
plyncie	płyńcie
plyne	płynę
plynela	płynęła
plynem	płynem
plynie	płynie
plyniemy	płyniemy
plyniesz	płyniesz
plynne	płynne
plynnie	płynnie
plynny	płynny
plynow	płynów
plynu	płynu
plyny	płyny
plyt	płyt
plyta	płyta
plytami	płytami
plyte	płytę
plytek	płytek
plytka	płytka
plytke	płytkę
plytki	płytki
plytkie	płytkie
plyty	płyty
plywa	pływa
plywac	pływać
plywaja	pływają
plywal	pływał
plywalem	pływałem
plywam	pływam
plywania	pływania
plywanie	pływanie
plywasz	pływasz
pobawic	pobawić
pobic	pobić
pobiegac	pobiegać
pobiegl	pobiegł
pobiegla	pobiegła
pobieglam	pobiegłam
pobieglem	pobiegłem
pobiegne	pobiegnę
pobierac	pobierać
pobieraja	pobierają
pobil	pobił
pobila	pobiła
pobilem	pobiłem
pobiles	pobiłeś
pobiora	pobiorą
pobiore	pobiorę
poblize	pobliże
poblizu	pobliżu
poblogoslaw	pobłogosław
poblogoslawil	pobłogosławił
pobozne	pobożne
pobrac	pobrać
pobral	pobrał
pobraliscie	pobraliście
pobralismy	pobraliśmy
pobrudzic	pobrudzić
pobudzic	pobudzić
pobyc	pobyć
poca	pocą
pocalowac	pocałować
pocalowal	pocałował
pocalowala	pocałowała
pocalowalam	pocałowałam
pocalowalas	pocałowałaś
pocalowalem	pocałowałem
pocalowales	pocałowałeś
pocalowalismy	pocałowaliśmy
pocaluj	pocałuj
pocalujcie	pocałujcie
pocaluje	pocałuję
pocalujesz	pocałujesz
pocalunek	pocałunek
pocalunki	pocałunki
pocalunkiem	pocałunkiem
pocalunkow	pocałunków
pocalunku	pocałunku
poce	pocę
pochlania	pochłania
pochlonela	pochłonęła
pochlonie	pochłonie
pochloniety	pochłonięty
pochodza	pochodzą
pochodzace	pochodzące
pochodzacy	pochodzący
pochodze	pochodzę
pochodzic	pochodzić
pochodzil	pochodził
pochodzila	pochodziła
pochodzilo	pochodziło
pochodzily	pochodziły
pochowac	pochować
pochowal	pochował
pochowalem	pochowałem
pochowalismy	pochowaliśmy
pochowek	pochówek
pochowku	pochówku
pochwal	pochwał
pochwale	pochwałę
pochwalic	pochwalić
pochwaly	pochwały
pochwe	pochwę
pociac	pociąć
pociag	pociąg
pociaga	pociąga
pociagaja	pociągają
pociagajaca	pociągająca
pociagajacy	pociągający
pociagasz	pociągasz
pociagi	pociągi
pociagiem	pociągiem
pociagnac	pociągnąć
pociagnal	pociągnął
pociagnalem	pociągnąłem
pociagne	pociągnę
pociagnie	pociągnie
pociagniesz	pociągniesz
pociagnij	pociągnij
pociagow	pociągów
pociagu	pociągu
pocial	pociął
pocic	pocić
pocieche	pociechę
pocieszac	pocieszać
pocieszajace	pocieszające
pocieszyc	pocieszyć
pociskow	pocisków
pocwicz	poćwicz
pocwiczyc	poćwiczyć
pocwiczymy	poćwiczymy
poczac	począć
poczatek	początek
poczatki	początki
poczatkiem	początkiem
poczatkow	początków
poczatkowe	początkowe
poczatkowo	początkowo
poczatku	początku
poczatkujacy	początkujący
poczatkujacych	początkujących
poczawszy	począwszy
poczekac	poczekać
poczekaja	poczekają
poczekal	poczekał
poczekala	poczekała
poczestowac	poczęstować
poczestuj	poczęstuj
poczestunek	poczęstunek
poczne	pocznę
poczte	pocztę
pocztowke	pocztówkę
pocztowki	pocztówki
poczuc	poczuć
poczuja	poczują
poczul	poczuł
poczula	poczuła
poczulam	poczułam
poczulas	poczułaś
poczulem	poczułem
poczules	poczułeś
poczynajac	poczynając
poczytac	poczytać
podac	podać
podadza	podadzą
podaja	podają
podajac	podając
podal	podał
podala	podała
podalam	podałam
podalas	podałaś
podalem	podałem
podales	podałeś
podalismy	podaliśmy
podan	podań
podarowac	podarować
podarowal	podarował
podarowala	podarowała
podaruje	podaruję
podatkow	podatków
podatnikow	podatników
podawac	podawać
podawal	podawał
podaza	podąża
podazac	podążać
podazaj	podążaj
podazaja	podążają
podazajac	podążając
podazajcie	podążajcie
podazal	podążał
podazalem	podążałem
podazam	podążam
podazamy	podążamy
podazasz	podążasz
podazy	podąży
podazyc	podążyć
podbic	podbić
podbil	podbił
podboj	podbój
podbrodek	podbródek
podchodz	podchodź
podchodza	podchodzą
podchodzcie	podchodźcie
podchodze	podchodzę
podchodzic	podchodzić
podciac	podciąć
podciagnac	podciągnąć
podciagnij	podciągnij
podcial	podciął
podczerwien	podczerwień
poddac	poddać
poddadza	poddadzą
poddaja	poddają
poddal	poddał
poddala	poddała
poddalam	poddałam
poddalem	poddałem
poddales	poddałeś
poddawac	poddawać
podejde	podejdę
podejdz	podejdź
podejdzcie	podejdźcie
podejme	podejmę
podejmowac	podejmować
podejmowal	podejmował
podejmuja	podejmują
podejrzen	podejrzeń
podejrzewac	podejrzewać
podejrzewaja	podejrzewają
podejrzewal	podejrzewał
podejrzewala	podejrzewała
podejrzewalam	podejrzewałam
podejrzewalem	podejrzewałem
podejrzewalismy	podejrzewaliśmy
podejsc	podejść
podejscia	podejścia
podejscie	podejście
podejsciem	podejściem
podejsciu	podejściu
poderwac	poderwać
poderznac	poderżnąć
poderznal	poderżnął
poderzne	poderżnę
podeszla	podeszła
podeszlam	podeszłam
podglad	podgląd
podgladac	podglądać
podgladaj	podglądaj
podgladal	podglądał
podgrzac	podgrzać
podjac	podjąć
podjade	podjadę
podjal	podjął
podjalem	podjąłem
podjales	podjąłeś
podjechac	podjechać
podjechal	podjechał
podjecia	podjęcia
podjecie	podjęcie
podjedz	podjedź
podjela	podjęła
podjelam	podjęłam
podjelas	podjęłaś
podjeli	podjęli
podjelismy	podjęliśmy
podjeta	podjęta
podjete	podjęte
podjeto	podjęto
podjezdza	podjeżdża
podjezdzie	podjeździe
podklad	podkład
podkrec	podkręć
podkrecic	podkręcić
podkresla	podkreśla
podkreslic	podkreślić
podla	podła
podlacz	podłącz
podlacze	podłączę
podlaczona	podłączona
podlaczone	podłączone
podlaczony	podłączony
podlaczyc	podłączyć
podlaczylem	podłączyłem
podlegaja	podlegają
podlego	podłego
podlizywac	podlizywać
podlodze	podłodze
podloga	podłoga
podloge	podłogę
podlogi	podłogi
podloze	podłoże
podlozyc	podłożyć
podlozyl	podłożył
podlozyla	podłożyła
podlozylem	podłożyłem
podlozyles	podłożyłeś
podlozyli	podłożyli
podly	podły
podlym	podłym
podmienic	podmienić
podmienil	podmienił
podniecaja	podniecają
podniecajace	podniecające
podnies	podnieś
podniesc	podnieść
podniescie	podnieście
podniesiona	podniesioną
podniesli	podnieśli
podniesmy	podnieśmy
podniosa	podniosą
podniose	podniosę
podniosl	podniósł
podniosla	podniosła
podnioslam	podniosłam
podnioslem	podniosłem
podniosles	podniosłeś
podnos	podnoś
podnosic	podnosić
podnosil	podnosił
podnosza	podnoszą
podnosze	podnoszę
podnoza	podnóża
podobac	podobać
podobaja	podobają
podobal	podobał
podobala	podobała
podobalo	podobało
podobaloby	podobałoby
podobaly	podobały
podobienstwa	podobieństwa
podobienstwo	podobieństwo
podolam	podołam
podolasz	podołasz
podpale	podpalę
podpalen	podpaleń
podpalic	podpalić
podpalil	podpalił
podpisac	podpisać
podpisal	podpisał
podpisala	podpisała
podpisalam	podpisałam
podpisalas	podpisałaś
podpisalem	podpisałem
podpisales	podpisałeś
podpisalismy	podpisaliśmy
podpisow	podpisów
podpisywac	podpisywać
podporzadkowac	podporządkować
podpowiedz	podpowiedź
podpulkownik	podpułkownik
podrapac	podrapać
podrecznik	podręcznik
podrecznika	podręcznika
podreczniki	podręczniki
podreczniku	podręczniku
podrobic	podrobić
podrobka	podróbka
podrobki	podróbki
podroz	podróż
podroza	podróżą
podrozach	podróżach
podroze	podróże
podroznicy	podróżnicy
podroznik	podróżnik
podroznika	podróżnika
podroznikiem	podróżnikiem
podroznikow	podróżników
podrozowac	podróżować
podrozowal	podróżował
podrozowala	podróżowała
podrozowalem	podróżowałem
podrozowalismy	podróżowaliśmy
podrozowania	podróżowania
podrozowanie	podróżowanie
podrozuja	podróżują
podrozujac	podróżując
podrozujemy	podróżujemy
podrozujesz	podróżujesz
podrozy	podróży
podrywac	podrywać
podrywal	podrywał
podrzuc	podrzuć
podrzuce	podrzucę
podrzucic	podrzucić
podrzucil	podrzucił
podrzucila	podrzuciła
podrzucilem	podrzuciłem
podsluch	podsłuch
podsluchalam	podsłuchałam
podsluchalem	podsłuchałem
podsluchiwac	podsłuchiwać
podsluchu	podsłuchu
podsluchuje	podsłuchuje
podsluchy	podsłuchy
podstawe	podstawę
podstawowce	podstawówce
podstawowki	podstawówki
podstep	podstęp
podstepem	podstępem
podstepna	podstępna
podstepne	podstępne
podstepny	podstępny
podstepu	podstępu
podsumowujac	podsumowując
podsunal	podsunął
podswiadomie	podświadomie
podswiadomosc	podświadomość
podswiadomosci	podświadomości
podszedl	podszedł
podszedlem	podszedłem
podtrzymac	podtrzymać
podtrzymywac	podtrzymywać
poduszke	poduszkę
podwaza	podważa
podwazac	podważać
podwazyc	podważyć
podwiezc	podwieźć
podwioze	podwiozę
podwiozl	podwiózł
podwladnych	podwładnych
podwladnym	podwładnym
podwoic	podwoić
podwoje	podwoję
podwojne	podwójne
podwojnego	podwójnego
podwojnej	podwójnej
podwojnie	podwójnie
podwojny	podwójny
podwojnych	podwójnych
podwojnym	podwójnym
podworka	podwórka
podworko	podwórko
podworku	podwórku
podworze	podwórze
podworzu	podwórzu
podwozke	podwózkę
podwozki	podwózki
podwyzke	podwyżkę
podwyzki	podwyżki
podwyzszone	podwyższone
podwyzszony	podwyższony
podyskutowac	podyskutować
podziac	podziać
podzial	podział
podziala	podziała
podzialalo	podziałało
podzialo	podziało
podzialu	podziału
podzialy	podziały
podziece	podzięce
podziekowac	podziękować
podziekowal	podziękował
podziekowalam	podziękowałam
podziekowalem	podziękowałem
podziekowan	podziękowań
podziekowania	podziękowania
podziekowaniami	podziękowaniami
podziekowanie	podziękowanie
podziekuj	podziękuj
podziekuje	podziękuję
podziekujesz	podziękujesz
podziekujmy	podziękujmy
podziele	podzielę
podzielic	podzielić
podzielil	podzielił
podzielila	podzieliła
podziewal	podziewał
podziewalas	podziewałaś
podziewales	podziewałeś
podziwiac	podziwiać
podziwiaja	podziwiają
podziwial	podziwiał
podziwialam	podziwiałam
podziwialem	podziwiałem
podzwonic	podzwonić
podzwonie	podzwonię
poetow	poetów
poezje	poezję
pogadac	pogadać
pogadal	pogadał
pogadalismy	pogadaliśmy
pogarde	pogardę
pogarszac	pogarszać
pogawedka	pogawędka
pogawedke	pogawędkę
pogawedki	pogawędki
pogawedzic	pogawędzić
pogielo	pogięło
poglad	pogląd
pogladow	poglądów
poglady	poglądy
poglaskac	pogłaskać
pogloska	pogłoska
pogloski	pogłoski
pogode	pogodę
pogodz	pogódź
pogodze	pogodzę
pogodzic	pogodzić
pogodzil	pogodził
pogodzilam	pogodziłam
pogodzilem	pogodziłem
pogon	pogoń
pogorszyc	pogorszyć
pogorszyl	pogorszył
pogorszylo	pogorszyło
pograc	pograć
pogratulowac	pogratulować
pograzony	pogrążony
pograzy	pogrąży
pograzyc	pogrążyć
pogrozkami	pogróżkami
pogrozki	pogróżki
pogrywac	pogrywać
pogrzebac	pogrzebać
pogrzebalem	pogrzebałem
pogrzebow	pogrzebów
pogubilam	pogubiłam
pogubilem	pogubiłem
pogwalcenie	pogwałcenie
poinformowac	poinformować
poinformowal	poinformował
poinformowala	poinformowała
poinformowalem	poinformowałem
pojac	pojąć
pojada	pojadą
pojade	pojadę
pojalem	pojąłem
pojawiac	pojawiać
pojawiaja	pojawiają
pojawial	pojawiał
pojawialy	pojawiały
pojawic	pojawić
pojawie	pojawię
pojawil	pojawił
pojawila	pojawiła
pojawilas	pojawiłaś
pojawilem	pojawiłem
pojawiles	pojawiłeś
pojawilo	pojawiło
pojawily	pojawiły
pojazdow	pojazdów
pojda	pójdą
pojde	pójdę
pojdz	pójdź
pojdzie	pójdzie
pojdziecie	pójdziecie
pojdziemy	pójdziemy
pojdziesz	pójdziesz
pojdzmy	pójdźmy
pojebalo	pojebało
pojechac	pojechać
pojechal	pojechał
pojechala	pojechała
pojechalam	pojechałam
pojechalas	pojechałaś
pojechalem	pojechałem
pojechales	pojechałeś
pojechalismy	pojechaliśmy
pojecia	pojęcia
pojecie	pojęcie
pojedynke	pojedynkę
pojedz	pojedź
pojedzmy	pojedźmy
pojemnikow	pojemników
pojemnosc	pojemność
pojezdzic	pojeździć
pojezdzie	pojeździe
pojmac	pojmać
pojmuje	pojmuję
pojsc	pójść
pojscia	pójścia
pojscie	pójście
pojsciem	pójściem
pojsciu	pójściu
pokaz	pokaż
pokaza	pokażą
pokazac	pokazać
pokazal	pokazał
pokazala	pokazała
pokazalam	pokazałam
pokazalas	pokazałaś
pokazalem	pokazałem
pokazales	pokazałeś
pokazalismy	pokazaliśmy
pokazalo	pokazało
pokazaly	pokazały
pokazcie	pokażcie
pokaze	pokażę
pokazecie	pokażecie
pokazemy	pokażemy
pokazesz	pokażesz
pokazmy	pokażmy
pokazna	pokaźną
pokazow	pokazów
pokazuja	pokazują
pokazujac	pokazując
pokazywac	pokazywać
pokazywal	pokazywał
pokazywala	pokazywała
pokazywalem	pokazywałem
poki	póki
pokierowac	pokierować
poklad	pokład
pokladach	pokładach
pokladam	pokładam
pokladem	pokładem
pokladowy	pokładowy
pokladu	pokładu
poklady	pokłady
pokladzie	pokładzie
poklocil	pokłócił
poklocilam	pokłóciłam
poklocilem	pokłóciłem
poklocili	pokłócili
poklociliscie	pokłóciliście
poklocilismy	pokłóciliśmy
pokochac	pokochać
pokochaja	pokochają
pokochal	pokochał
pokochala	pokochała
pokochalam	pokochałam
pokochalem	pokochałem
pokoj	pokój
pokojow	pokojów
pokojowka	pokojówka
pokojowke	pokojówkę
pokojowki	pokojówki
pokolen	pokoleń
pokonac	pokonać
pokonaja	pokonają
pokonal	pokonał
pokonala	pokonała
pokonalam	pokonałam
pokonalas	pokonałaś
pokonalem	pokonałem
pokonales	pokonałeś
pokonalismy	pokonaliśmy
pokrecic	pokręcić
pokrecona	pokręcona
pokrecone	pokręcone
pokrecony	pokręcony
pokroic	pokroić
pokryc	pokryć
pokrywaja	pokrywają
pokrywe	pokrywę
pokute	pokutę
pol	pół
polacz	połącz
polacza	połączą
polaczcie	połączcie
polacze	połączę
polaczen	połączeń
polaczeni	połączeni
polaczenia	połączenia
polaczenie	połączenie
polaczeniem	połączeniem
polaczeniu	połączeniu
polaczmy	połączmy
polaczona	połączona
polaczone	połączone
polaczony	połączony
polaczonych	połączonych
polaczy	połączy
polaczyc	połączyć
polaczyl	połączył
polaczyla	połączyła
polaczylem	połączyłem
polaczyli	połączyli
polaczylismy	połączyliśmy
polaczylo	połączyło
polaczyly	połączyły
polaczymy	połączymy
polaczysz	połączysz
polamac	połamać
polamal	połamał
polamane	połamane
polamania	połamania
polamie	połamię
polapac	połapać
polazl	polazł
polce	półce
polece	polecę
polecen	poleceń
polecial	poleciał
poleciala	poleciała
polecialem	poleciałem
polecic	polecić
poleciec	polecieć
polecil	polecił
polecila	poleciła
polecilem	poleciłem
polegac	polegać
polegaja	polegają
polegal	polegał
polegala	polegała
polegl	poległ
poleglych	poległych
polek	półek
polepszyc	polepszyć
polepszylo	polepszyło
polezec	poleżeć
policjantke	policjantkę
policjantow	policjantów
policje	policję
policze	policzę
policzyc	policzyć
policzylem	policzyłem
polise	polisę
polityke	politykę
politykow	polityków
polizac	polizać
polka	półka
polkach	półkach
polke	półkę
polki	półki
polknac	połknąć
polknal	połknął
polknalem	połknąłem
polknela	połknęła
polknie	połknie
polknij	połknij
polkuli	półkuli
polnoc	północ
polnoca	północą
polnocne	północne
polnocnego	północnego
polnocnej	północnej
polnocny	północny
polnocnych	północnych
polnocnym	północnym
polnocy	północy
polow	połów
polowa	połowa
polowac	polować
polowal	polował
polowalem	polowałem
polowan	polowań
polowe	połowę
polowie	połowie
polowka	połówka
polowke	połówkę
polowki	połówki
polowy	połowy
poloz	połóż
polozcie	połóżcie
poloze	położę
polozenia	położenia
polozenie	położenie
polozeniu	położeniu
polozmy	połóżmy
polozone	położone
polozony	położony
polozy	położy
polozyc	położyć
polozyl	położył
polozyla	położyła
polozylam	położyłam
polozylas	położyłaś
polozylem	położyłem
polozyles	położyłeś
polozyli	położyli
polozymy	położymy
polozysz	położysz
poltora	półtora
poltorej	półtorej
polubia	polubią
polubic	polubić
polubie	polubię
polubil	polubił
polubila	polubiła
polubilam	polubiłam
polubilem	polubiłem
poludnia	południa
poludnie	południe
poludniem	południem
poludniowe	południowe
poludniowego	południowego
poludniowej	południowej
poludniowy	południowy
poludniowych	południowych
poludniowym	południowym
poludniu	południu
poluja	polują
pomagac	pomagać
pomagaja	pomagają
pomagajac	pomagając
pomagal	pomagał
pomagala	pomagała
pomagalam	pomagałam
pomagalas	pomagałaś
pomagalem	pomagałem
pomagales	pomagałeś
pomagalo	pomagało
pomalowac	pomalować
pomalu	pomału
pomarancza	pomarańcza
pomarancze	pomarańcze
pomaranczowa	pomarańczowa
pomaranczowe	pomarańczowe
pomaranczowego	pomarańczowego
pomaranczowy	pomarańczowy
pomaranczowym	pomarańczowym
pomaranczy	pomarańczy
pomarzyc	pomarzyć
pomiatac	pomiatać
pomidorow	pomidorów
pomiedzy	pomiędzy
pomiescic	pomieścić
pomieszalo	pomieszało
pomieszczen	pomieszczeń
pomieszkac	pomieszkać
pomijajac	pomijając
pomin	pomiń
pominac	pominąć
pominalem	pominąłem
pominales	pominąłeś
pominmy	pomińmy
pomoc	pomóc
pomoca	pomocą
pomocnikow	pomocników
pomodl	pomódl
pomodle	pomodlę
pomodlic	pomodlić
pomodlmy	pomódlmy
pomoga	pomogą
pomoge	pomogę
pomogl	pomógł
pomogla	pomogła
pomoglam	pomogłam
pomoglas	pomogłaś
pomoglby	pomógłby
pomoglbym	pomógłbym
pomoglbys	pomógłbyś
pomoglem	pomogłem
pomogles	pomogłeś
pomogliscie	pomogliście
pomoglismy	pomogliśmy
pomoglo	pomogło
pomogloby	pomogłoby
pomogly	pomogły
pomowic	pomówić
pomowie	pomówię
pomowimy	pomówimy
pomowmy	pomówmy
pomoz	pomóż
pomozcie	pomóżcie
pomoze	pomoże
pomozecie	pomożecie
pomozemy	pomożemy
pomozesz	pomożesz
pomozmy	pomóżmy
pompe	pompę
pomscic	pomścić
pomszcze	pomszczę
pomylek	pomyłek
pomylic	pomylić
pomylil	pomylił
pomylila	pomyliła
pomylilam	pomyliłam
pomylilas	pomyliłaś
pomylilem	pomyliłem
pomyliles	pomyliłeś
pomylilismy	pomyliliśmy
pomylilo	pomyliło
pomylka	pomyłka
pomylke	pomyłkę
pomylki	pomyłki
pomysl	pomysł
pomysla	pomyślą
pomyslal	pomyślał
pomyslala	pomyślała
pomyslalabym	pomyślałabym
pomyslalam	pomyślałam
pomyslalas	pomyślałaś
pomyslalby	pomyślałby
pomyslalbym	pomyślałbym
pomyslalbys	pomyślałbyś
pomyslalem	pomyślałem
pomyslales	pomyślałeś
pomyslami	pomysłami
pomyslcie	pomyślcie
pomysle	pomyślę
pomyslec	pomyśleć
pomysleli	pomyśleli
pomysleliscie	pomyśleliście
pomyslelismy	pomyśleliśmy
pomyslem	pomysłem
pomyslenia	pomyślenia
pomysli	pomyśli
pomyslimy	pomyślimy
pomyslisz	pomyślisz
pomyslmy	pomyślmy
pomyslnie	pomyślnie
pomyslow	pomysłów
pomyslowe	pomysłowe
pomyslowy	pomysłowy
pomyslu	pomysłu
pomysly	pomysły
ponczochy	pończochy
poniedzialek	poniedziałek
poniedzialki	poniedziałki
poniedzialku	poniedziałku
poniekad	poniekąd
poniesc	ponieść
poniewaz	ponieważ
poniose	poniosę
poniosl	poniósł
ponioslo	poniosło
ponizac	poniżać
ponizajace	poniżające
ponizej	poniżej
ponizyc	poniżyć
ponoc	ponoć
ponosic	ponosić
ponosze	ponoszę
poogladac	pooglądać
poogladamy	pooglądamy
popadl	popadł
popalic	popalić
popaprancu	popaprańcu
poparl	poparł
poparzen	poparzeń
popatrze	popatrzę
popatrzec	popatrzeć
popatrzyc	popatrzyć
popatrzyl	popatrzył
popchnac	popchnąć
popchnal	popchnął
poped	popęd
popelni	popełni
popelnia	popełnia
popelniac	popełniać
popelniacie	popełniacie
popelniaja	popełniają
popelniam	popełniam
popelniamy	popełniamy
popelniasz	popełniasz
popelnic	popełnić
popelnie	popełnię
popelnienia	popełnienia
popelnienie	popełnienie
popelnij	popełnij
popelnil	popełnił
popelnila	popełniła
popelnilam	popełniłam
popelnilas	popełniłaś
popelnilem	popełniłem
popelniles	popełniłeś
popelnili	popełnili
popelnilismy	popełniliśmy
popelnione	popełnione
popelniono	popełniono
popelnisz	popełnisz
popieprzylo	popieprzyło
popierac	popierać
popieraja	popierają
popieral	popierał
popijajac	popijając
popilnowac	popilnować
popilnuje	popilnuję
popiol	popiół
popiolow	popiołów
popiolu	popiołu
popisac	popisać
popisywac	popisywać
poplaca	popłaca
poplynac	popłynąć
poplynal	popłynął
poplyne	popłynę
poplynie	popłynie
poplyniemy	popłyniemy
poplywac	popływać
popoludnia	popołudnia
popoludnie	popołudnie
popoludniem	popołudniem
popoludniowe	popołudniowe
popoludniu	popołudniu
popracowac	popracować
popracuje	popracuję
poprawe	poprawę
poprawiac	poprawiać
poprawic	poprawić
poprawie	poprawię
poprawil	poprawił
poprawila	poprawiła
poprawilo	poprawiło
poprawke	poprawkę
popre	poprę
popros	poproś
poprosic	poprosić
poprosil	poprosił
poprosila	poprosiła
poprosilam	poprosiłam
poprosilas	poprosiłaś
poprosilbym	poprosiłbym
poprosilem	poprosiłem
poprosiles	poprosiłeś
poprosilismy	poprosiliśmy
poprosza	poproszą
poprosze	poproszę
poprowadz	poprowadź
poprowadze	poprowadzę
poprowadzic	poprowadzić
poprowadzil	poprowadził
poprzec	poprzeć
poprzeczke	poprzeczkę
popsuc	popsuć
popsul	popsuł
popsula	popsuła
popsules	popsułeś
popsulo	popsuło
populacje	populację
popularnosc	popularność
popularnosci	popularności
popychac	popychać
popychadlem	popychadłem
popytac	popytać
porabane	porąbane
porabany	porąbany
porade	poradę
poradza	poradzą
poradze	poradzę
poradzic	poradzić
poradzil	poradził
poradzila	poradziła
poradzilam	poradziłam
poradzilas	poradziłaś
poradzilem	poradziłem
poradziles	poradziłeś
porazce	porażce
porazek	porażek
porazenie	porażenie
porazil	poraził
porazke	porażkę
porazki	porażki
porazony	porażony
pore	porę
poreczy	poręczy
pornosow	pornosów
porobic	porobić
porobilo	porobiło
porod	poród
poronila	poroniła
porownac	porównać
porownaj	porównaj
porownalem	porównałem
porownamy	porównamy
porownania	porównania
porownanie	porównanie
porownaniu	porównaniu
porownujac	porównując
porownuje	porównuje
porownujesz	porównujesz
porownywac	porównywać
porozmawiac	porozmawiać
porozmawial	porozmawiał
porozmawiala	porozmawiała
porozmawialismy	porozmawialiśmy
porozumiec	porozumieć
porozumiewac	porozumiewać
poruszac	poruszać
poruszaja	poruszają
poruszajace	poruszające
poruszal	poruszał
poruszyc	poruszyć
poruszyl	poruszył
poruszyla	poruszyła
poruszylo	poruszyło
porwac	porwać
porwal	porwał
porwala	porwała
porwalem	porwałem
porwales	porwałeś
porwan	porwań
porywac	porywać
porywaja	porywają
porzadeczku	porządeczku
porzadek	porządek
porzadki	porządki
porzadku	porządku
porzadne	porządne
porzadnego	porządnego
porzadnej	porządnej
porzadni	porządni
porzadnie	porządnie
porzadny	porządny
porzadnych	porządnych
porzadnym	porządnym
porzasiu	porząsiu
porzuc	porzuć
porzucac	porzucać
porzuce	porzucę
porzucic	porzucić
porzucil	porzucił
porzucila	porzuciła
porzucilam	porzuciłam
porzucilas	porzuciłaś
porzucilem	porzuciłem
porzuciles	porzuciłeś
posade	posadę
posadz	posadź
posadze	posadzę
posadzic	posadzić
posadzil	posadził
posagi	posągi
posciel	pościel
poscieli	pościeli
poscig	pościg
poscigu	pościgu
posiadac	posiadać
posiadaja	posiadają
posiadal	posiadał
posiadala	posiadała
posiadl	posiadł
posiadlosc	posiadłość
posiadlosci	posiadłości
posiasc	posiąść
posiedz	posiedź
posiedze	posiedzę
posiedziec	posiedzieć
posilek	posiłek
posilki	posiłki
posilkiem	posiłkiem
posilkow	posiłków
posilku	posiłku
poskladac	poskładać
poskutkowalo	poskutkowało
poslac	posłać
posladki	pośladki
posladkow	pośladków
poslal	posłał
poslala	posłała
poslalam	posłałam
poslalem	posłałem
poslales	posłałeś
poslanca	posłańca
poslancem	posłańcem
poslaniec	posłaniec
posle	poślę
poslij	poślij
poslizg	poślizg
poslizgnal	poślizgnął
poslubi	poślubi
poslubic	poślubić
poslubie	poślubię
poslubienie	poślubienie
poslubil	poślubił
poslubila	poślubiła
poslubilam	poślubiłam
poslubilas	poślubiłaś
poslubilem	poślubiłem
poslubiles	poślubiłeś
poslubisz	poślubisz
poslubnej	poślubnej
poslucha	posłucha
posluchac	posłuchać
posluchaj	posłuchaj
posluchaja	posłuchają
posluchajcie	posłuchajcie
posluchajmy	posłuchajmy
posluchal	posłuchał
posluchala	posłuchała
posluchalam	posłuchałam
posluchalem	posłuchałem
posluchales	posłuchałeś
posluchali	posłuchali
poslucham	posłucham
posluchamy	posłuchamy
posluchasz	posłuchasz
poslugiwac	posługiwać
posluguje	posługuje
posluszenstwa	posłuszeństwa
posluszenstwo	posłuszeństwo
posluszna	posłuszna
posluszni	posłuszni
posluszny	posłuszny
posluzy	posłuży
posluzyc	posłużyć
posmakowac	posmakować
posmiac	pośmiać
posmiertne	pośmiertne
posmiertnie	pośmiertnie
posmiewiskiem	pośmiewiskiem
posmiewisko	pośmiewisko
pospac	pospać
pospiech	pośpiech
pospiechu	pośpiechu
posprzata	posprząta
posprzatac	posprzątać
posprzataj	posprzątaj
posprzatajcie	posprzątajcie
posprzatal	posprzątał
posprzatam	posprzątam
posprzatamy	posprzątamy
posprzatasz	posprzątasz
posrednictwem	pośrednictwem
posrednik	pośrednik
posrednika	pośrednika
posrednikiem	pośrednikiem
posrednikow	pośredników
posrod	pośród
posrodku	pośrodku
possac	possać
postac	postać
postacia	postacią
postanowil	postanowił
postanowila	postanowiła
postanowilam	postanowiłam
postanowilas	postanowiłaś
postanowilem	postanowiłem
postanowiles	postanowiłeś
postanowilismy	postanowiliśmy
postap	postąp
postapic	postąpić
postapil	postąpił
postapila	postąpiła
postapilam	postąpiłam
postapilas	postąpiłaś
postapilem	postąpiłem
postapiles	postąpiłeś
postapilismy	postąpiliśmy
postapisz	postąpisz
postarac	postarać
postaral	postarał
postawe	postawę
postawia	postawią
postawic	postawić
postawie	postawię
postawil	postawił
postawila	postawiła
postawilam	postawiłam
postawilas	postawiłaś
postawilbym	postawiłbym
postawilem	postawiłem
postawiles	postawiłeś
postawilismy	postawiliśmy
postep	postęp
postepach	postępach
postepow	postępów
postepowac	postępować
postepowal	postępował
postepowania	postępowania
postepowanie	postępowanie
postepowaniu	postępowaniu
postepu	postępu
postepuj	postępuj
postepuja	postępują
postepuje	postępuje
postepujemy	postępujemy
postepujesz	postępujesz
postepy	postępy
postoj	postój
postoje	postoję
postradal	postradał
postradalas	postradałaś
postradales	postradałeś
postrzal	postrzał
postrzalowe	postrzałowe
postrzalu	postrzału
postrzegac	postrzegać
postrzegaja	postrzegają
postrzelac	postrzelać
postrzelic	postrzelić
postrzelil	postrzelił
postrzelila	postrzeliła
postrzelilem	postrzeliłem
postrzeliles	postrzeliłeś
posun	posuń
posunac	posunąć
posunal	posunął
posunales	posunąłeś
posuniecia	posunięcia
posuniecie	posunięcie
posunieciem	posunięciem
posuwac	posuwać
posuwal	posuwał
poswieca	poświęca
poswiecac	poświęcać
poswiecaja	poświęcają
poswiecam	poświęcam
poswiecamy	poświęcamy
poswiecasz	poświęcasz
poswiece	poświęcę
poswiecen	poświęceń
poswiecenia	poświęcenia
poswiecenie	poświęcenie
poswieceniem	poświęceniem
poswieceniu	poświęceniu
poswieci	poświęci
poswiecic	poświęcić
poswiecil	poświęcił
poswiecila	poświęciła
poswiecilam	poświęciłam
poswiecilas	poświęciłaś
poswiecilem	poświęciłem
poswieciles	poświęciłeś
poswiecili	poświęcili
poswiecilismy	poświęciliśmy
poswiecisz	poświęcisz
poswiecona	poświęcona
poswiecone	poświęcone
poswiecony	poświęcony
posyla	posyła
posylki	posyłki
poszalec	poszaleć
poszczegolnych	poszczególnych
poszczesci	poszczęści
poszczescilo	poszczęściło
poszedl	poszedł
poszedlby	poszedłby
poszedlbym	poszedłbym
poszedlbys	poszedłbyś
poszedlem	poszedłem
poszedles	poszedłeś
poszerzyc	poszerzyć
poszla	poszła
poszlaby	poszłaby
poszlabym	poszłabym
poszlabys	poszłabyś
poszlam	poszłam
poszlas	poszłaś
poszlibysmy	poszlibyśmy
poszliscie	poszliście
poszlismy	poszliśmy
poszlo	poszło
poszloby	poszłoby
poszly	poszły
poszlysmy	poszłyśmy
poszperalem	poszperałem
poszukac	poszukać
poszukal	poszukał
poszukiwan	poszukiwań
poszukuja	poszukują
poszukujac	poszukując
potancowka	potańcówka
potancowke	potańcówkę
potanczyc	potańczyć
potedze	potędze
potega	potęga
potege	potęgę
potegi	potęgi
potencjal	potencjał
potencjalna	potencjalną
potencjalu	potencjału
potepienia	potępienia
potepienie	potępienie
potepiony	potępiony
potezne	potężne
poteznego	potężnego
poteznej	potężnej
potezni	potężni
potezniejsza	potężniejsza
potezniejsze	potężniejsze
potezniejszy	potężniejszy
potezny	potężny
poteznych	potężnych
poteznym	potężnym
potknal	potknął
potknalem	potknąłem
potkniecie	potknięcie
potne	potnę
potocza	potoczą
potoczyc	potoczyć
potoczylo	potoczyło
potoczyly	potoczyły
potomkow	potomków
potracil	potrącił
potracila	potrąciła
potracony	potrącony
potrafia	potrafią
potrafie	potrafię
potrafil	potrafił
potrafila	potrafiła
potrafilam	potrafiłam
potrafilby	potrafiłby
potrafilbym	potrafiłbym
potrafilem	potrafiłem
potrafiles	potrafiłeś
potraktowac	potraktować
potraktowal	potraktował
potraktowala	potraktowała
potraktowalem	potraktowałem
potraktowales	potraktowałeś
potrenowac	potrenować
potrojna	potrójną
potrojne	potrójne
potrojnie	potrójnie
potrojny	potrójny
potrwac	potrwać
potrzasnac	potrząsnąć
potrzasnij	potrząśnij
potrzebe	potrzebę
potrzebowac	potrzebować
potrzebowal	potrzebował
potrzebowala	potrzebowała
potrzebowalam	potrzebowałam
potrzebowalas	potrzebowałaś
potrzebowalby	potrzebowałby
potrzebowalbym	potrzebowałbym
potrzebowalem	potrzebowałem
potrzebowales	potrzebowałeś
potrzebowalismy	potrzebowaliśmy
potrzebowalo	potrzebowało
potrzebowaly	potrzebowały
potrzebuja	potrzebują
potrzebujacych	potrzebujących
potrzebujacym	potrzebującym
potrzymac	potrzymać
potwierdz	potwierdź
potwierdzaja	potwierdzają
potwierdze	potwierdzę
potwierdzic	potwierdzić
potwierdzil	potwierdził
potwierdzila	potwierdziła
potwierdzilismy	potwierdziliśmy
potwierdzilo	potwierdziło
potwierdzily	potwierdziły
potwor	potwór
potworow	potworów
pouczac	pouczać
pouczajace	pouczające
pouczyc	pouczyć
poufnosci	poufności
poukladac	poukładać
poukladane	poukładane
powachac	powąchać
powachaj	powąchaj
powage	powagę
powalczyc	powalczyć
powalic	powalić
powalil	powalił
powalilo	powaliło
powazaniem	poważaniem
powazna	poważna
powazne	poważne
powaznego	poważnego
powaznej	poważnej
powazni	poważni
powaznie	poważnie
powazniej	poważniej
powazniejsze	poważniejsze
powazniejszego	poważniejszego
powazny	poważny
powaznych	poważnych
powaznym	poważnym
powaznymi	poważnymi
powiadaja	powiadają
powiadomic	powiadomić
powiadomie	powiadomię
powiadomil	powiadomił
powiadomilem	powiadomiłem
powiazac	powiązać
powiazan	powiązań
powiazana	powiązana
powiazane	powiązane
powiazani	powiązani
powiazania	powiązania
powiazanie	powiązanie
powiazany	powiązany
powiazanych	powiązanych
powiedza	powiedzą
powiedzial	powiedział
powiedziala	powiedziała
powiedzialaby	powiedziałaby
powiedzialabym	powiedziałabym
powiedzialabys	powiedziałabyś
powiedzialam	powiedziałam
powiedzialas	powiedziałaś
powiedzialby	powiedziałby
powiedzialbym	powiedziałbym
powiedzialbys	powiedziałbyś
powiedzialem	powiedziałem
powiedziales	powiedziałeś
powiedzialo	powiedziało
powiedzialy	powiedziały
powiedziec	powiedzieć
powiedzieliscie	powiedzieliście
powiedzielismy	powiedzieliśmy
powieksz	powiększ
powieksza	powiększa
powiekszenie	powiększenie
powiekszyc	powiększyć
powierzchnie	powierzchnię
powierzyc	powierzyć
powierzyl	powierzył
powies	powieś
powiesc	powieść
powiesci	powieści
powiesic	powiesić
powiesil	powiesił
powiesila	powiesiła
powiesza	powieszą
powiesze	powieszę
powinienes	powinieneś
powinienies	powinienieś
powinnas	powinnaś
powinnienes	powinnieneś
powinniscie	powinniście
powinnismy	powinniśmy
powinnosc	powinność
powinnyscie	powinnyście
powinnysmy	powinnyśmy
powiodl	powiódł
powiodla	powiodła
powiodlo	powiodło
powitac	powitać
powloka	powłoka
powloke	powłokę
powod	powód
powodow	powodów
powodowac	powodować
powoduja	powodują
powodujac	powodując
powodz	powódź
powolac	powołać
powolal	powołał
powolania	powołania
powolanie	powołanie
powolaniem	powołaniem
powolany	powołany
powoz	powóz
powracaja	powracają
powroca	powrócą
powroce	powrócę
powroci	powróci
powrocic	powrócić
powrocil	powrócił
powrocila	powróciła
powrocilem	powróciłem
powrocili	powrócili
powrocilo	powróciło
powrocily	powróciły
powrocimy	powrócimy
powrocisz	powrócisz
powrot	powrót
powrotna	powrotną
powstac	powstać
powstaja	powstają
powstal	powstał
powstala	powstała
powstales	powstałeś
powstalo	powstało
powstaly	powstały
powstan	powstań
powstana	powstaną
powstancie	powstańcie
powstrzymac	powstrzymać
powstrzymaja	powstrzymają
powstrzymal	powstrzymał
powstrzymala	powstrzymała
powstrzymalem	powstrzymałem
powstrzymales	powstrzymałeś
powstrzymalismy	powstrzymaliśmy
powstrzymalo	powstrzymało
powstrzymywac	powstrzymywać
powstrzymywal	powstrzymywał
powtarzac	powtarzać
powtarzaja	powtarzają
powtarzal	powtarzał
powtarzala	powtarzała
powtarzalam	powtarzałam
powtarzalem	powtarzałem
powtarzales	powtarzałeś
powtorka	powtórka
powtorke	powtórkę
powtorki	powtórki
powtornie	powtórnie
powtorz	powtórz
powtorze	powtórzę
powtorzmy	powtórzmy
powtorzy	powtórzy
powtorzyc	powtórzyć
powtorzyl	powtórzył
powtorzyla	powtórzyła
powtorzylo	powtórzyło
powtorzymy	powtórzymy
powtorzysz	powtórzysz
powyzej	powyżej
pozabijac	pozabijać
pozabijaja	pozabijają
pozada	pożąda
pozadania	pożądania
pozadanie	pożądanie
pozadaniem	pożądaniem
pozadku	pożądku
pozalowania	pożałowania
pozaluje	pożałuje
pozalujecie	pożałujecie
pozalujesz	pożałujesz
pozar	pożar
pozarcie	pożarcie
pozarem	pożarem
pozarnej	pożarnej
pozarow	pożarów
pozaru	pożaru
pozary	pożary
pozarze	pożarze
pozbadz	pozbądź
pozbadzcie	pozbądźcie
pozbadzmy	pozbądźmy
pozbawic	pozbawić
pozbawil	pozbawił
pozbeda	pozbędą
pozbede	pozbędę
pozbedzie	pozbędzie
pozbedziemy	pozbędziemy
pozbedziesz	pozbędziesz
pozbierac	pozbierać
pozbyc	pozbyć
pozbyl	pozbył
pozbyla	pozbyła
pozbylam	pozbyłam
pozbylas	pozbyłaś
pozbylem	pozbyłem
pozbyles	pozbyłeś
pozbylismy	pozbyliśmy
pozbywac	pozbywać
pozdrow	pozdrów
pozdrowic	pozdrowić
pozegnac	pożegnać
pozegnaj	pożegnaj
pozegnajcie	pożegnajcie
pozegnal	pożegnał
pozegnalem	pożegnałem
pozegnalna	pożegnalną
pozegnalne	pożegnalne
pozegnalny	pożegnalny
pozegnam	pożegnam
pozegnamy	pożegnamy
pozegnan	pożegnań
pozegnania	pożegnania
pozegnanie	pożegnanie
pozegnasz	pożegnasz
pozera	pożera
poziomow	poziomów
pozmienialo	pozmieniało
poznac	poznać
poznaja	poznają
poznal	poznał
poznala	poznała
poznalam	poznałam
poznalas	poznałaś
poznalem	poznałem
poznales	poznałeś
poznaliscie	poznaliście
poznalismy	poznaliśmy
poznaly	poznały
poznalysmy	poznałyśmy
poznawac	poznawać
pozne	późne
poznej	późnej
pozniej	później
pozniejszym	późniejszym
pozno	późno
pozny	późny
poznych	późnych
poznym	późnym
pozorow	pozorów
pozostac	pozostać
pozostaja	pozostają
pozostajac	pozostając
pozostal	pozostał
pozostala	pozostała
pozostale	pozostałe
pozostalej	pozostałej
pozostalo	pozostało
pozostalosc	pozostałość
pozostalosci	pozostałości
pozostaly	pozostały
pozostalych	pozostałych
pozostalym	pozostałym
pozostalymi	pozostałymi
pozostan	pozostań
pozostana	pozostaną
pozostancie	pozostańcie
pozostane	pozostanę
pozostawac	pozostawać
pozostawiajac	pozostawiając
pozostawic	pozostawić
pozostawie	pozostawię
pozostawil	pozostawił
pozostawila	pozostawiła
pozowac	pozować
pozre	pożre
pozrec	pożreć
pozwac	pozwać
pozwal	pozwał
pozwalac	pozwalać
pozwalaja	pozwalają
pozwalajac	pozwalając
pozwalal	pozwalał
pozwalala	pozwalała
pozwe	pozwę
pozwiedzac	pozwiedzać
pozwol	pozwól
pozwola	pozwolą
pozwolcie	pozwólcie
pozwole	pozwolę
pozwolic	pozwolić
pozwolil	pozwolił
pozwolila	pozwoliła
pozwolilaby	pozwoliłaby
pozwolilabym	pozwoliłabym
pozwolilam	pozwoliłam
pozwolilas	pozwoliłaś
pozwolilby	pozwoliłby
pozwolilbym	pozwoliłbym
pozwolilbys	pozwoliłbyś
pozwolilem	pozwoliłem
pozwoliles	pozwoliłeś
pozwoliliscie	pozwoliliście
pozwolilismy	pozwoliliśmy
pozwolilo	pozwoliło
pozwolily	pozwoliły
pozwolmy	pozwólmy
pozwow	pozwów
pozyc	pożyć
pozycz	pożycz
pozycza	pożycza
pozyczac	pożyczać
pozyczam	pożyczam
pozycze	pożyczę
pozyczek	pożyczek
pozyczka	pożyczka
pozyczke	pożyczkę
pozyczki	pożyczki
pozyczy	pożyczy
pozyczyc	pożyczyć
pozyczyl	pożyczył
pozyczyla	pożyczyła
pozyczylam	pożyczyłam
pozyczylem	pożyczyłem
pozyczyles	pożyczyłeś
pozyczysz	pożyczysz
pozyje	pożyje
pozyskac	pozyskać
pozytecznego	pożytecznego
pozytek	pożytek
pozytku	pożytku
pozywic	pożywić
pozywienia	pożywienia
pozywienie	pożywienie
prace	pracę
pracowac	pracować
pracowal	pracował
pracowala	pracowała
pracowalam	pracowałam
pracowalas	pracowałaś
pracowalem	pracowałem
pracowales	pracowałeś
pracowaliscie	pracowaliście
pracowalismy	pracowaliśmy
pracowalo	pracowało
pracowaly	pracowały
pracownikow	pracowników
pracuja	pracują
pracujac	pracując
pracujace	pracujące
pracujacego	pracującego
pracujacej	pracującej
pracujacy	pracujący
pracujacych	pracujących
pracujacym	pracującym
prad	prąd
pradem	prądem
pradu	prądu
pragna	pragną
pragnac	pragnąć
pragnal	pragnął
pragnalem	pragnąłem
pragnales	pragnąłeś
pragne	pragnę
pragnela	pragnęła
pragnelam	pragnęłam
pragnelas	pragnęłaś
pragnien	pragnień
praktyke	praktykę
praktykowac	praktykować
pralke	pralkę
pralnie	pralnię
prase	prasę
prawde	prawdę
prawdopodobienstwa	prawdopodobieństwa
prawdopodobienstwo	prawdopodobieństwo
prawic	prawić
prawidlowa	prawidłowa
prawidlowe	prawidłowe
prawidlowo	prawidłowo
prawidlowy	prawidłowy
prawnikow	prawników
praworeczny	praworęczny
prawosc	prawość
prawosci	prawości
precyzja	precyzją
predko	prędko
predkosc	prędkość
predkosci	prędkości
predkoscia	prędkością
predzej	prędzej
premedytacja	premedytacją
premiere	premierę
presje	presję
prestiz	prestiż
pret	pręt
prety	pręty
prezentacje	prezentację
prezentow	prezentów
prezerwatywe	prezerwatywę
prezydentow	prezydentów
prob	prób
proba	próba
probach	próbach
probe	próbę
probek	próbek
probie	próbie
probka	próbka
probkami	próbkami
probke	próbkę
probki	próbki
problemow	problemów
probna	próbną
probne	próbne
probny	próbny
probnym	próbnym
probowac	próbować
probowal	próbował
probowala	próbowała
probowalam	próbowałam
probowalas	próbowałaś
probowalem	próbowałem
probowales	próbowałeś
probowali	próbowali
probowaliscie	próbowaliście
probowalismy	próbowaliśmy
probowalo	próbowało
probowaly	próbowały
probowalysmy	próbowałyśmy
probowanie	próbowanie
probowano	próbowano
probuj	próbuj
probuja	próbują
probujac	próbując
probujacy	próbujący
probujacych	próbujących
probujcie	próbujcie
probujecie	próbujecie
probujemy	próbujemy
probujesz	próbujesz
proby	próby
procedure	procedurę
procesow	procesów
prochow	prochów
procz	prócz
producentow	producentów
produkcje	produkcję
produkowac	produkować
produktow	produktów
produkuja	produkują
profesjonalisci	profesjonaliści
profesjonalistka	profesjonalistką
profesjonalistow	profesjonalistów
profesorow	profesorów
prog	próg
programow	programów
projektantow	projektantów
projektow	projektów
promien	promień
promocje	promocję
promowac	promować
proponowal	proponował
proponuja	proponują
propozycje	propozycję
prorokow	proroków
pros	proś
prosb	próśb
prosba	prośba
prosbe	prośbę
prosby	prośby
prosci	prości
prosciej	prościej
prosic	prosić
prosil	prosił
prosila	prosiła
prosilam	prosiłam
prosilas	prosiłaś
prosilbym	prosiłbym
prosilem	prosiłem
prosiles	prosiłeś
prosiliscie	prosiliście
prosilismy	prosiliśmy
prostytucje	prostytucję
prostytutke	prostytutkę
prosza	proszą
proszac	prosząc
prosze	proszę
protestow	protestów
protestowac	protestować
protestujacych	protestujących
protestuje	protestuję
proteze	protezę
protokol	protokół
protokolem	protokołem
protokolow	protokołów
protokolu	protokołu
protokoly	protokoły
prowadz	prowadź
prowadza	prowadzą
prowadzac	prowadząc
prowadzace	prowadzące
prowadzacego	prowadzącego
prowadzacej	prowadzącej
prowadzacy	prowadzący
prowadzacych	prowadzących
prowadzacym	prowadzącym
prowadze	prowadzę
prowadzic	prowadzić
prowadzil	prowadził
prowadzila	prowadziła
prowadzilam	prowadziłam
prowadzilas	prowadziłaś
prowadzilem	prowadziłem
prowadziles	prowadziłeś
prowadzilismy	prowadziliśmy
prowadzilo	prowadziło
prowadzily	prowadziły
prowizje	prowizję
prowokowac	prowokować
prozni	próżni
prozno	próżno
proznosc	próżność
proznosci	próżności
prozny	próżny
prywatnosc	prywatność
prywatnosci	prywatności
przeanalizowac	przeanalizować
przebaczyc	przebaczyć
przebadac	przebadać
przebic	przebić
przebiegl	przebiegł
przebiegla	przebiegła
przebiegle	przebiegłe
przebiegly	przebiegły
przebierac	przebierać
przebierancow	przebierańców
przebil	przebił
przebila	przebiła
przebiore	przebiorę
przeblysk	przebłysk
przeblyski	przebłyski
przeboj	przebój
przebojow	przebojów
przebolec	przeboleć
przebrac	przebrać
przebral	przebrał
przebrala	przebrała
przebrales	przebrałeś
przebrnac	przebrnąć
przebyc	przebyć
przebyl	przebył
przebylem	przebyłem
przebyles	przebyłeś
przebylismy	przebyliśmy
przebywac	przebywać
przebywaja	przebywają
przebywal	przebywał
przebywala	przebywała
przec	przeć
przechodz	przechodź
przechodza	przechodzą
przechodzac	przechodząc
przechodze	przechodzę
przechodzic	przechodzić
przechodzil	przechodził
przechodzila	przechodziła
przechodzilam	przechodziłam
przechodzilem	przechodziłem
przechodziles	przechodziłeś
przechodzilismy	przechodziliśmy
przechowac	przechować
przechowywac	przechowywać
przechwalac	przechwalać
przechwycic	przechwycić
przechwycilismy	przechwyciliśmy
przechytrzyc	przechytrzyć
przeciac	przeciąć
przeciag	przeciąg
przeciagac	przeciągać
przeciagnac	przeciągnąć
przeciagu	przeciągu
przecial	przeciął
przeciazenie	przeciążenie
przecietna	przeciętna
przecietne	przeciętne
przecietnego	przeciętnego
przecietny	przeciętny
przecietnym	przeciętnym
przeciez	przecież
przeciwbolowe	przeciwbólowe
przeciwbolowy	przeciwbólowy
przeciwbolowych	przeciwbólowych
przeciwciala	przeciwciała
przeciwienstwem	przeciwieństwem
przeciwienstwie	przeciwieństwie
przeciwienstwo	przeciwieństwo
przeciwnikow	przeciwników
przeciwnosci	przeciwności
przeciwpozarowe	przeciwpożarowe
przeciwpozarowy	przeciwpożarowy
przeciwsloneczne	przeciwsłoneczne
przeciwstawic	przeciwstawić
przecwiczyc	przećwiczyć
przecze	przeczę
przeczekac	przeczekać
przeczytac	przeczytać
przeczytal	przeczytał
przeczytala	przeczytała
przeczytalam	przeczytałam
przeczytalas	przeczytałaś
przeczytalem	przeczytałem
przeczytales	przeczytałeś
przedawkowal	przedawkował
przedawkowala	przedawkowała
przeddzien	przeddzień
przedluzenie	przedłużenie
przedluzyc	przedłużyć
przedmiescia	przedmieścia
przedmiesciach	przedmieściach
przedmiotow	przedmiotów
przedostac	przedostać
przedostal	przedostał
przedrzec	przedrzeć
przedsiebiorstwa	przedsiębiorstwa
przedsiebiorstwo	przedsiębiorstwo
przedsiewziecia	przedsięwzięcia
przedsiewziecie	przedsięwzięcie
przedsiewzieciu	przedsięwzięciu
przedstawiac	przedstawiać
przedstawiaja	przedstawiają
przedstawial	przedstawiał
przedstawic	przedstawić
przedstawie	przedstawię
przedstawien	przedstawień
przedstawil	przedstawił
przedstawila	przedstawiła
przedstawilam	przedstawiłam
przedstawilem	przedstawiłem
przedstawiles	przedstawiłeś
przedwczesnie	przedwcześnie
przedyskutowac	przedyskutować
przedzial	przedział
przedzialu	przedziału
przegapic	przegapić
przegapie	przegapię
przegapil	przegapił
przegapila	przegapiła
przegapilam	przegapiłam
przegapilas	przegapiłaś
przegapilem	przegapiłem
przegapiles	przegapiłeś
przegapilismy	przegapiliśmy
przegiales	przegiąłeś
przegiecie	przegięcie
przeglad	przegląd
przeglada	przegląda
przegladac	przeglądać
przegladajac	przeglądając
przegladal	przeglądał
przegladalam	przeglądałam
przegladalem	przeglądałem
przegladam	przeglądam
przegladasz	przeglądasz
przegladu	przeglądu
przegonic	przegonić
przegrac	przegrać
przegraja	przegrają
przegral	przegrał
przegrala	przegrała
przegralam	przegrałam
przegralas	przegrałaś
przegralem	przegrałem
przegrales	przegrałeś
przegraliscie	przegraliście
przegralismy	przegraliśmy
przegrupowac	przegrupować
przegrywac	przegrywać
przegrywaja	przegrywają
przegryzc	przegryźć
przejac	przejąć
przejade	przejadę
przejal	przejął
przejalem	przejąłem
przejales	przejąłeś
przejazdzka	przejażdżka
przejazdzke	przejażdżkę
przejazdzki	przejażdżki
przejda	przejdą
przejde	przejdę
przejdz	przejdź
przejdzcie	przejdźcie
przejdzmy	przejdźmy
przejechac	przejechać
przejechal	przejechał
przejechala	przejechała
przejechalem	przejechałem
przejechales	przejechałeś
przejechalismy	przejechaliśmy
przejecia	przejęcia
przejecie	przejęcie
przejeciu	przejęciu
przejedz	przejedź
przejedzmy	przejedźmy
przejela	przejęła
przejelam	przejęłam
przejeli	przejęli
przejelismy	przejęliśmy
przejelo	przejęło
przejely	przejęły
przejeta	przejęta
przejety	przejęty
przejezdza	przejeżdża
przejezdzac	przejeżdżać
przejezdzal	przejeżdżał
przejezdzalem	przejeżdżałem
przejma	przejmą
przejme	przejmę
przejmowac	przejmować
przejmowal	przejmował
przejmuja	przejmują
przejrzal	przejrzał
przejrzala	przejrzała
przejrzalam	przejrzałam
przejrzalem	przejrzałem
przejrze	przejrzę
przejrzec	przejrzeć
przejrzelismy	przejrzeliśmy
przejsc	przejść
przejscia	przejścia
przejscie	przejście
przejsciem	przejściem
przejsciowe	przejściowe
przejsciu	przejściu
przekasek	przekąsek
przekasic	przekąsić
przekaska	przekąska
przekaskami	przekąskami
przekaske	przekąskę
przekaski	przekąski
przekazac	przekazać
przekazal	przekazał
przekazala	przekazała
przekazalam	przekazałam
przekazalem	przekazałem
przekazales	przekazałeś
przekazcie	przekażcie
przekaze	przekażę
przekazemy	przekażemy
przekazesz	przekażesz
przekaznik	przekaźnik
przekazniki	przekaźniki
przekazuja	przekazują
przekazywac	przekazywać
przekazywal	przekazywał
przekierowac	przekierować
przeklad	przekład
przekladzie	przekładzie
przekleci	przeklęci
przeklenstwa	przekleństwa
przeklenstwem	przekleństwem
przeklenstwo	przekleństwo
przekleta	przeklęta
przeklete	przeklęte
przekletego	przeklętego
przekletej	przeklętej
przeklety	przeklęty
przekletych	przeklętych
przekletym	przeklętym
przeklinac	przeklinać
przekonac	przekonać
przekonaja	przekonają
przekonal	przekonał
przekonala	przekonała
przekonalam	przekonałam
przekonalas	przekonałaś
przekonalem	przekonałem
przekonales	przekonałeś
przekonalo	przekonało
przekonan	przekonań
przekonujaca	przekonująca
przekonujace	przekonujące
przekonujaco	przekonująco
przekonujacy	przekonujący
przekonywac	przekonywać
przekonywujacy	przekonywujący
przekor	przekór
przekraczac	przekraczać
przekrec	przekręć
przekrecic	przekręcić
przekret	przekręt
przekretu	przekrętu
przekrety	przekręty
przekroczyc	przekroczyć
przekroczyl	przekroczył
przekroczyla	przekroczyła
przekroczylam	przekroczyłam
przekroczylem	przekroczyłem
przekroczyles	przekroczyłeś
przekroczylismy	przekroczyliśmy
przeksztalcic	przekształcić
przekupic	przekupić
przekupil	przekupił
przelac	przelać
przelacz	przełącz
przelaczam	przełączam
przelacze	przełączę
przelacznik	przełącznik
przelaczyc	przełączyć
przeladowac	przeładować
przelal	przelał
przelamac	przełamać
przelec	przeleć
przelece	przelecę
przelecial	przeleciał
przeleciala	przeleciała
przelecialem	przeleciałem
przeleciales	przeleciałeś
przeleciec	przelecieć
przelecz	przełęcz
przeleczy	przełęczy
przeliczyc	przeliczyć
przeliterowac	przeliterować
przelknac	przełknąć
przelom	przełom
przelomu	przełomu
przeloz	przełóż
przelozeni	przełożeni
przelozonego	przełożonego
przelozony	przełożony
przelozonych	przełożonych
przelozonym	przełożonym
przelozyc	przełożyć
przelozymy	przełożymy
przelyku	przełyku
przemawiac	przemawiać
przemawiaja	przemawiają
przemawial	przemawiał
przemiane	przemianę
przemienic	przemienić
przemienil	przemienił
przemienila	przemieniła
przemieszczac	przemieszczać
przemieszczaja	przemieszczają
przeminelo	przeminęło
przemoca	przemocą
przemow	przemów
przemowe	przemowę
przemowi	przemówi
przemowic	przemówić
przemowien	przemówień
przemowienia	przemówienia
przemowienie	przemówienie
przemowil	przemówił
przemowila	przemówiła
przemycic	przemycić
przemysl	przemyśl
przemyslal	przemyślał
przemyslalam	przemyślałam
przemyslalas	przemyślałaś
przemyslalem	przemyślałem
przemyslales	przemyślałeś
przemyslane	przemyślane
przemyslcie	przemyślcie
przemyslec	przemyśleć
przemyslen	przemyśleń
przemyslenia	przemyślenia
przemyslenie	przemyślenie
przemysli	przemyśli
przemyslisz	przemyślisz
przemyslowe	przemysłowe
przemyslowej	przemysłowej
przemyslowy	przemysłowy
przemyslowych	przemysłowych
przemyslu	przemysłu
przemytnikow	przemytników
przenies	przenieś
przeniesc	przenieść
przeniescie	przenieście
przeniesli	przenieśli
przenieslismy	przenieśliśmy
przeniesmy	przenieśmy
przeniknac	przeniknąć
przeniosa	przeniosą
przeniose	przeniosę
przeniosl	przeniósł
przeniosla	przeniosła
przenioslam	przeniosłam
przenioslem	przeniosłem
przeniosles	przeniosłeś
przenocowac	przenocować
przenosic	przenosić
przenosne	przenośne
przenosni	przenośni
przenosnia	przenośnia
przenosny	przenośny
przenosza	przenoszą
przenosze	przenoszę
przeoczyc	przeoczyć
przeoczylem	przeoczyłem
przeoczylismy	przeoczyliśmy
przepadaja	przepadają
przepadl	przepadł
przepadla	przepadła
przepadlo	przepadło
przepadly	przepadły
przepasc	przepaść
przepasci	przepaści
przepchnac	przepchnąć
przepelnia	przepełnia
przepelniona	przepełniona
przepelnione	przepełnione
przepelniony	przepełniony
przepiekna	przepiękna
przepiekne	przepiękne
przepieknie	przepięknie
przepiekny	przepiękny
przepisac	przepisać
przepisal	przepisał
przepisow	przepisów
przepisze	przepiszę
przeplynac	przepłynąć
przeplyw	przepływ
przeplywa	przepływa
przeplywu	przepływu
przepraszac	przepraszać
przepraszal	przepraszał
przeprogramowac	przeprogramować
przepros	przeproś
przeprosic	przeprosić
przeprosil	przeprosił
przeprosila	przeprosiła
przeprosilam	przeprosiłam
przeprosilem	przeprosiłem
przeprosze	przeproszę
przeprowadz	przeprowadź
przeprowadzac	przeprowadzać
przeprowadzaja	przeprowadzają
przeprowadzal	przeprowadzał
przeprowadze	przeprowadzę
przeprowadzic	przeprowadzić
przeprowadzil	przeprowadził
przeprowadzila	przeprowadziła
przeprowadzilam	przeprowadziłam
przeprowadzilem	przeprowadziłem
przeprowadziles	przeprowadziłeś
przeprowadzilismy	przeprowadziliśmy
przeprowadzke	przeprowadzkę
przepusc	przepuść
przepusccie	przepuśćcie
przepuscic	przepuścić
przepuscie	przepuście
przepuscil	przepuścił
przepustke	przepustkę
przepuszcze	przepuszczę
przepytac	przepytać
przerabane	przerąbane
przerabiac	przerabiać
przerabialem	przerabiałem
przerabialismy	przerabialiśmy
przeraza	przeraża
przerazac	przerażać
przerazaja	przerażają
przerazajaca	przerażająca
przerazajace	przerażające
przerazajacego	przerażającego
przerazajaco	przerażająco
przerazajacy	przerażający
przerazajacych	przerażających
przerazajacym	przerażającym
przerazasz	przerażasz
przerazeni	przerażeni
przerazenia	przerażenia
przerazenie	przerażenie
przerazic	przerazić
przerazil	przeraził
przerazilo	przeraziło
przerazona	przerażona
przerazone	przerażone
przerazony	przerażony
przerobic	przerobić
przerwac	przerwać
przerwal	przerwał
przerwala	przerwała
przerwalem	przerwałem
przerwales	przerwałeś
przerwe	przerwę
przerywac	przerywać
przerzucic	przerzucić
przesad	przesąd
przesadny	przesądny
przesadzac	przesadzać
przesadzic	przesadzić
przesadzil	przesadził
przesadzilam	przesadziłam
przesadzilem	przesadziłem
przesadziles	przesadziłeś
przescieradla	prześcieradła
przescieradlo	prześcieradło
przeskoczyc	przeskoczyć
przeskoczyl	przeskoczył
przeslac	przesłać
przesladowac	prześladować
przesladowal	prześladował
przesladowania	prześladowania
przesladowanie	prześladowanie
przesladowcy	prześladowcy
przesladuja	prześladują
przesladuje	prześladuje
przesladujesz	prześladujesz
przeslal	przesłał
przeslala	przesłała
przeslalem	przesłałem
przeslali	przesłali
przeslania	przesłania
przeslanie	przesłanie
przesle	prześlę
przesledzic	prześledzić
przesliczna	prześliczna
przeslicznie	prześlicznie
przeslij	prześlij
przesluchac	przesłuchać
przeslucham	przesłucham
przesluchamy	przesłuchamy
przesluchan	przesłuchań
przesluchania	przesłuchania
przesluchaniach	przesłuchaniach
przesluchanie	przesłuchanie
przesluchaniem	przesłuchaniem
przesluchaniu	przesłuchaniu
przesluchiwac	przesłuchiwać
przesluchiwal	przesłuchiwał
przesluchiwali	przesłuchiwali
przesluchiwany	przesłuchiwany
przesluchuja	przesłuchują
przesluchuje	przesłuchuje
przespac	przespać
przespal	przespał
przespala	przespała
przespalam	przespałam
przespalas	przespałaś
przespalem	przespałem
przespales	przespałeś
przespi	prześpi
przespie	prześpię
przespij	prześpij
przespisz	prześpisz
przestac	przestać
przestaja	przestają
przestal	przestał
przestala	przestała
przestalam	przestałam
przestalas	przestałaś
przestalem	przestałem
przestales	przestałeś
przestalismy	przestaliśmy
przestalo	przestało
przestaly	przestały
przestan	przestań
przestana	przestaną
przestancie	przestańcie
przestane	przestanę
przestanmy	przestańmy
przestarzale	przestarzałe
przestarzaly	przestarzały
przestawac	przestawać
przestawal	przestawał
przestawic	przestawić
przestepcami	przestępcami
przestepce	przestępcę
przestepcow	przestępców
przestepcy	przestępcy
przestepcza	przestępczą
przestepczej	przestępczej
przestepczosc	przestępczość
przestepczosci	przestępczości
przestepczoscia	przestępczością
przestepstw	przestępstw
przestepstwa	przestępstwa
przestepstwem	przestępstwem
przestepstwie	przestępstwie
przestepstwo	przestępstwo
przestraszyc	przestraszyć
przestraszyl	przestraszył
przestraszyla	przestraszyła
przestraszylam	przestraszyłam
przestraszylas	przestraszyłaś
przestraszylem	przestraszyłem
przestraszyles	przestraszyłeś
przestraszylo	przestraszyło
przestrzegac	przestrzegać
przestrzegal	przestrzegał
przestrzen	przestrzeń
przestrzenia	przestrzenią
przesun	przesuń
przesunac	przesunąć
przesunal	przesunął
przesuncie	przesuńcie
przesune	przesunę
przesuniecie	przesunięcie
przesuwac	przesuwać
przeswietlenia	prześwietlenia
przeswietlenie	prześwietlenie
przesyla	przesyła
przesylac	przesyłać
przesylaja	przesyłają
przesylam	przesyłam
przesylanie	przesyłanie
przesylka	przesyłka
przesylke	przesyłkę
przesylki	przesyłki
przeszedl	przeszedł
przeszedlem	przeszedłem
przeszedles	przeszedłeś
przeszkadzac	przeszkadzać
przeszkadzaja	przeszkadzają
przeszkadzal	przeszkadzał
przeszkadzala	przeszkadzała
przeszkadzalo	przeszkadzało
przeszkod	przeszkód
przeszkode	przeszkodę
przeszkodzic	przeszkodzić
przeszkodzil	przeszkodził
przeszkodzilam	przeszkodziłam
przeszkodzilem	przeszkodziłem
przeszkodzilo	przeszkodziło
przeszla	przeszła
przeszlam	przeszłam
przeszlas	przeszłaś
przeszliscie	przeszliście
przeszlismy	przeszliśmy
przeszlo	przeszło
przeszlosc	przeszłość
przeszlosci	przeszłości
przeszloscia	przeszłością
przeszly	przeszły
przeszukac	przeszukać
przeszukaja	przeszukają
przeszukal	przeszukał
przeszukalam	przeszukałam
przeszukalem	przeszukałem
przeszukalismy	przeszukaliśmy
przeszukiwac	przeszukiwać
przeszukuja	przeszukują
przetargowa	przetargową
przetestowac	przetestować
przetlumacz	przetłumacz
przetlumaczone	przetłumaczone
przetlumaczyc	przetłumaczyć
przetlumaczyl	przetłumaczył
przetransportowac	przetransportować
przetrawic	przetrawić
przetrwac	przetrwać
przetrwaja	przetrwają
przetrwal	przetrwał
przetrwala	przetrwała
przetrwalem	przetrwałem
przetrwales	przetrwałeś
przetrwalismy	przetrwaliśmy
przetrwalo	przetrwało
przetrwaly	przetrwały
przetrzymac	przetrzymać
przetrzymuja	przetrzymują
przetrzymywac	przetrzymywać
przewage	przewagę
przewaznie	przeważnie
przewidywac	przewidywać
przewidzial	przewidział
przewidzialem	przewidziałem
przewidziales	przewidziałeś
przewidziec	przewidzieć
przewietrzyc	przewietrzyć
przewiezc	przewieźć
przewin	przewiń
przewinac	przewinąć
przewod	przewód
przewodniczacego	przewodniczącego
przewodniczacy	przewodniczący
przewodniczacym	przewodniczącym
przewodow	przewodów
przewodzic	przewodzić
przewodzil	przewodził
przewoz	przewóz
przewoza	przewożą
przewozic	przewozić
przewozil	przewoził
przewrazliwiony	przewrażliwiony
przewroc	przewróć
przewroci	przewróci
przewrocic	przewrócić
przewrocil	przewrócił
przewrocila	przewróciła
przewrocilem	przewróciłem
przewrot	przewrót
przewyzsza	przewyższa
przeziebienie	przeziębienie
przeziebiony	przeziębiony
przeziebisz	przeziębisz
przeznaczyc	przeznaczyć
przezwyciezyc	przezwyciężyć
przezyc	przeżyć
przezycia	przeżycia
przezycie	przeżycie
przezyja	przeżyją
przezyje	przeżyje
przezyjemy	przeżyjemy
przezyjesz	przeżyjesz
przezyl	przeżył
przezyla	przeżyła
przezylam	przeżyłam
przezylas	przeżyłaś
przezylem	przeżyłem
przezyles	przeżyłeś
przezyli	przeżyli
przezylismy	przeżyliśmy
przezylo	przeżyło
przezyly	przeżyły
przezywa	przeżywa
przezywac	przeżywać
przezywaja	przeżywają
przezywam	przeżywam
przezywasz	przeżywasz
przod	przód
przodkow	przodków
przybadz	przybądź
przybeda	przybędą
przybede	przybędę
przybedzie	przybędzie
przybic	przybić
przybliz	przybliż
przybliza	przybliża
przyblizeniu	przybliżeniu
przyblizyc	przybliżyć
przybrac	przybrać
przybral	przybrał
przybrzezna	przybrzeżna
przybrzeznej	przybrzeżnej
przybyc	przybyć
przybyl	przybył
przybyla	przybyła
przybylam	przybyłam
przybylas	przybyłaś
przybylem	przybyłem
przybyles	przybyłeś
przybyliscie	przybyliście
przybylismy	przybyliśmy
przybylo	przybyło
przybyly	przybyły
przybyszow	przybyszów
przybywaja	przybywają
przychodz	przychodź
przychodza	przychodzą
przychodzac	przychodząc
przychodzace	przychodzące
przychodze	przychodzę
przychodzic	przychodzić
przychodzil	przychodził
przychodzila	przychodziła
przychodzilam	przychodziłam
przychodzilem	przychodziłem
przychodziles	przychodziłeś
przychodzilo	przychodziło
przychodzily	przychodziły
przychylnosc	przychylność
przyciaga	przyciąga
przyciagac	przyciągać
przyciagaja	przyciągają
przyciagania	przyciągania
przyciaganie	przyciąganie
przyciagnac	przyciągnąć
przyciagnal	przyciągnął
przyciagnie	przyciągnie
przycisnac	przycisnąć
przycisnij	przyciśnij
przyczepe	przyczepę
przyczepic	przyczepić
przyczepil	przyczepił
przyczyne	przyczynę
przyczynic	przyczynić
przyczynil	przyczynił
przydac	przydać
przydadza	przydadzą
przydal	przydał
przydala	przydała
przydalaby	przydałaby
przydalby	przydałby
przydalo	przydało
przydaloby	przydałoby
przydalyby	przydałyby
przydarzyc	przydarzyć
przydarzyla	przydarzyła
przydarzylo	przydarzyło
przydzial	przydział
przydzialu	przydziału
przydzielic	przydzielić
przydzielil	przydzielił
przygarnal	przygarnął
przyglada	przygląda
przygladac	przyglądać
przygladal	przyglądał
przygladalem	przyglądałem
przygladam	przyglądam
przygladamy	przyglądamy
przygladasz	przyglądasz
przyglup	przygłup
przygnebiajace	przygnębiające
przygnebiona	przygnębiona
przygnebiony	przygnębiony
przygod	przygód
przygode	przygodę
przygotowac	przygotować
przygotowal	przygotował
przygotowala	przygotowała
przygotowalam	przygotowałam
przygotowalas	przygotowałaś
przygotowalem	przygotowałem
przygotowales	przygotowałeś
przygotowalismy	przygotowaliśmy
przygotowan	przygotowań
przygotowuja	przygotowują
przygotowujac	przygotowując
przygotowywac	przygotowywać
przygotowywal	przygotowywał
przygotowywala	przygotowywała
przygotowywalem	przygotowywałem
przygotuja	przygotują
przygwozdzic	przygwoździć
przyjac	przyjąć
przyjaciol	przyjaciół
przyjaciolach	przyjaciołach
przyjaciolce	przyjaciółce
przyjaciolek	przyjaciółek
przyjaciolkami	przyjaciółkami
przyjaciolke	przyjaciółkę
przyjaciolki	przyjaciółki
przyjaciolko	przyjaciółko
przyjaciolmi	przyjaciółmi
przyjaciolom	przyjaciołom
przyjada	przyjadą
przyjade	przyjadę
przyjal	przyjął
przyjalem	przyjąłem
przyjales	przyjąłeś
przyjazn	przyjaźń
przyjazni	przyjaźni
przyjaznia	przyjaźnią
przyjaznic	przyjaźnić
przyjaznicie	przyjaźnicie
przyjaznie	przyjaźnie
przyjaznilismy	przyjaźniliśmy
przyjaznimy	przyjaźnimy
przyjaznisz	przyjaźnisz
przyjda	przyjdą
przyjde	przyjdę
przyjdz	przyjdź
przyjdzcie	przyjdźcie
przyjec	przyjęć
przyjechac	przyjechać
przyjechal	przyjechał
przyjechala	przyjechała
przyjechalam	przyjechałam
przyjechalas	przyjechałaś
przyjechalem	przyjechałem
przyjechales	przyjechałeś
przyjechaliscie	przyjechaliście
przyjechalismy	przyjechaliśmy
przyjechalo	przyjechało
przyjechaly	przyjechały
przyjecia	przyjęcia
przyjeciach	przyjęciach
przyjecie	przyjęcie
przyjeciem	przyjęciem
przyjeciu	przyjęciu
przyjedz	przyjedź
przyjedzcie	przyjedźcie
przyjela	przyjęła
przyjelam	przyjęłam
przyjelas	przyjęłaś
przyjeli	przyjęli
przyjelismy	przyjęliśmy
przyjemnosc	przyjemność
przyjemnosci	przyjemności
przyjemnoscia	przyjemnością
przyjeta	przyjęta
przyjete	przyjęte
przyjeto	przyjęto
przyjety	przyjęty
przyjezdza	przyjeżdża
przyjezdzac	przyjeżdżać
przyjezdzaj	przyjeżdżaj
przyjezdzaja	przyjeżdżają
przyjezdzal	przyjeżdżał
przyjezdzam	przyjeżdżam
przyjezdzasz	przyjeżdżasz
przyjezdzie	przyjeździe
przyjma	przyjmą
przyjme	przyjmę
przyjmowac	przyjmować
przyjmowal	przyjmował
przyjmuja	przyjmują
przyjmujac	przyjmując
przyjrzal	przyjrzał
przyjrzalam	przyjrzałam
przyjrzalem	przyjrzałem
przyjrzales	przyjrzałeś
przyjrze	przyjrzę
przyjrzec	przyjrzeć
przyjsc	przyjść
przyjscia	przyjścia
przyjscie	przyjście
przyjsciem	przyjściem
przykazan	przykazań
przyklad	przykład
przyklada	przykłada
przykladem	przykładem
przykladow	przykładów
przykladowo	przykładowo
przykladu	przykładu
przyklady	przykłady
przykleic	przykleić
przykrosc	przykrość
przykrosci	przykrości
przykroscia	przykrością
przykryc	przykryć
przykrywke	przykrywkę
przykuc	przykuć
przylacz	przyłącz
przylaczcie	przyłączcie
przylacze	przyłączę
przylaczy	przyłączy
przylaczyc	przyłączyć
przylaczyl	przyłączył
przylaczysz	przyłączysz
przylapac	przyłapać
przylapal	przyłapał
przylapala	przyłapała
przylapalam	przyłapałam
przylapalem	przyłapałem
przylapales	przyłapałeś
przylapali	przyłapali
przylapana	przyłapana
przylapano	przyłapano
przylapany	przyłapany
przylapia	przyłapią
przylapie	przyłapie
przylatuja	przylatują
przyleca	przylecą
przylecial	przyleciał
przyleciala	przyleciała
przylecialam	przyleciałam
przylecialem	przyleciałem
przyleciales	przyleciałeś
przyleciec	przylecieć
przylecielismy	przylecieliśmy
przyloz	przyłóż
przyloze	przyłożę
przylozenie	przyłożenie
przylozyc	przyłożyć
przylozyl	przyłożył
przymierzyc	przymierzyć
przymknac	przymknąć
przynete	przynętę
przynety	przynęty
przynies	przynieś
przyniesc	przynieść
przyniescie	przynieście
przyniesli	przynieśli
przyniesliscie	przynieśliście
przynieslismy	przynieśliśmy
przyniosa	przyniosą
przyniose	przyniosę
przyniosl	przyniósł
przyniosla	przyniosła
przynioslam	przyniosłam
przynioslas	przyniosłaś
przynioslem	przyniosłem
przyniosles	przyniosłeś
przynioslo	przyniosło
przyniosly	przyniosły
przynos	przynoś
przynosic	przynosić
przynosil	przynosił
przynosila	przynosiła
przynosza	przynoszą
przynoszac	przynosząc
przynosze	przynoszę
przypadkow	przypadków
przypadlosc	przypadłość
przypiac	przypiąć
przypilnowac	przypilnować
przypilnuje	przypilnuję
przypisac	przypisać
przyplynal	przypłynął
przyplynie	przypłynie
przyplyw	przypływ
przyplywu	przypływu
przypodobac	przypodobać
przypominac	przypominać
przypominaja	przypominają
przypominal	przypominał
przypominala	przypominała
przypominalo	przypominało
przypomne	przypomnę
przypomnial	przypomniał
przypomniala	przypomniała
przypomnialam	przypomniałam
przypomnialas	przypomniałaś
przypomnialem	przypomniałem
przypomniales	przypomniałeś
przypomnialo	przypomniało
przypomniec	przypomnieć
przyprowadz	przyprowadź
przyprowadzac	przyprowadzać
przyprowadzcie	przyprowadźcie
przyprowadze	przyprowadzę
przyprowadzic	przyprowadzić
przyprowadzil	przyprowadził
przyprowadzila	przyprowadziła
przyprowadzilam	przyprowadziłam
przyprowadzilas	przyprowadziłaś
przyprowadzilem	przyprowadziłem
przyprowadziles	przyprowadziłeś
przypuscmy	przypuśćmy
przypuszczac	przypuszczać
przypuszczal	przypuszczał
przypuszczalam	przypuszczałam
przypuszczalem	przypuszczałem
przyrzad	przyrząd
przyrzady	przyrządy
przyrzadzic	przyrządzić
przyrzeklem	przyrzekłem
przysiac	przysiąc
przysiagl	przysiągł
przysiaglbym	przysiągłbym
przysiaglem	przysiągłem
przysiasc	przysiąść
przysiegal	przysięgał
przysiegalem	przysięgałem
przysiegales	przysięgałeś
przysiegam	przysięgam
przysiegasz	przysięgasz
przysiege	przysięgę
przysiegi	przysięgi
przysiegli	przysięgli
przysieglych	przysięgłych
przysieglym	przysięgłym
przysiegnij	przysięgnij
przyskrzynic	przyskrzynić
przysla	przyślą
przyslac	przysłać
przyslal	przysłał
przyslala	przysłała
przyslales	przysłałeś
przyslali	przysłali
przyslano	przysłano
przyslany	przysłany
przyslij	przyślij
przyslijcie	przyślijcie
przyslowie	przysłowie
przyslug	przysług
przysluga	przysługa
przysluge	przysługę
przyslugi	przysługi
przysluguje	przysługuje
przysnilo	przyśniło
przyspieszyc	przyspieszyć
przystac	przystać
przystalo	przystało
przystan	przystań
przystapic	przystąpić
przystopowac	przystopować
przystosowac	przystosować
przysun	przysuń
przysyla	przysyła
przysylaja	przysyłają
przyszedl	przyszedł
przyszedlbym	przyszedłbym
przyszedlem	przyszedłem
przyszedles	przyszedłeś
przyszla	przyszła
przyszlam	przyszłam
przyszlas	przyszłaś
przyszle	przyszłe
przyszlego	przyszłego
przyszlej	przyszłej
przyszliscie	przyszliście
przyszlismy	przyszliśmy
przyszlo	przyszło
przyszlosc	przyszłość
przyszlosci	przyszłości
przyszloscia	przyszłością
przyszly	przyszły
przyszlych	przyszłych
przyszlym	przyszłym
przyszlyscie	przyszłyście
przyszlysmy	przyszłyśmy
przytlacza	przytłacza
przytlaczajace	przytłaczające
przytloczona	przytłoczona
przytloczony	przytłoczony
przytomnosc	przytomność
przytomnosci	przytomności
przytrafiaja	przytrafiają
przytrafic	przytrafić
przytrafila	przytrafiła
przytrafilo	przytrafiło
przytrzymac	przytrzymać
przytulac	przytulać
przytule	przytulę
przytulic	przytulić
przytulil	przytulił
przytulku	przytułku
przywale	przywalę
przywalic	przywalić
przywalil	przywalił
przywiaz	przywiąż
przywiazac	przywiązać
przywiazal	przywiązał
przywiazana	przywiązana
przywiazanie	przywiązanie
przywiazany	przywiązany
przywiez	przywieź
przywiezc	przywieźć
przywiezcie	przywieźcie
przywiezli	przywieźli
przywiezlismy	przywieźliśmy
przywilejow	przywilejów
przywiodlo	przywiodło
przywioza	przywiozą
przywioze	przywiozę
przywiozl	przywiózł
przywiozla	przywiozła
przywiozlam	przywiozłam
przywiozlas	przywiozłaś
przywiozlem	przywiozłem
przywiozles	przywiozłeś
przywitac	przywitać
przywodcami	przywódcami
przywodce	przywódcę
przywodcow	przywódców
przywodcy	przywódcy
przywodztwa	przywództwa
przywodztwo	przywództwo
przywolac	przywołać
przywoluje	przywołuje
przywoza	przywożą
przywroc	przywróć
przywroce	przywrócę
przywrocenia	przywrócenia
przywrocenie	przywrócenie
przywroci	przywróci
przywrocic	przywrócić
przywrocil	przywrócił
przywrocimy	przywrócimy
przywrocona	przywrócona
przywrocony	przywrócony
przywykl	przywykł
przywyklam	przywykłam
przywyklem	przywykłem
przywykles	przywykłeś
przywyklismy	przywykliśmy
przywyknac	przywyknąć
przyznac	przyznać
przyznaja	przyznają
przyznaje	przyznaję
przyznal	przyznał
przyznala	przyznała
przyznalas	przyznałaś
przyznalem	przyznałem
przyznales	przyznałeś
przyznawac	przyznawać
przyzwoitosc	przyzwoitość
przyzwoitosci	przyzwoitości
przyzwyczaic	przyzwyczaić
przyzwyczailam	przyzwyczaiłam
przyzwyczailem	przyzwyczaiłem
przyzwyczajac	przyzwyczajać
przyzwyczaje	przyzwyczaję
psow	psów
psuc	psuć
psuja	psują
psychiatre	psychiatrę
psychiatrow	psychiatrów
psychike	psychikę
psychologie	psychologię
psychopatow	psychopatów
pszczol	pszczół
pszczola	pszczoła
pszczoly	pszczoły
ptakow	ptaków
publicznosc	publiczność
publicznosci	publiczności
publicznoscia	publicznością
publike	publikę
pudel	pudeł
pudelek	pudełek
pudelka	pudełka
pudelkiem	pudełkiem
pudelko	pudełko
pudelku	pudełku
pudla	pudła
pudlach	pudłach
pudlo	pudło
pudluje	pudłuje
pukac	pukać
pukal	pukał
pukalem	pukałem
pulap	pułap
pulapce	pułapce
pulapek	pułapek
pulapka	pułapka
pulapke	pułapkę
pulapki	pułapki
pule	pulę
pulk	pułk
pulkownik	pułkownik
pulkownika	pułkownika
pulkownikiem	pułkownikiem
pulkownikowi	pułkownikowi
pulkowniku	pułkowniku
pulku	pułku
punktow	punktów
pupe	pupę
pusc	puść
pusccie	puśćcie
pusci	puści
puscic	puścić
puscicie	puścicie
puscie	puście
puscil	puścił
puscila	puściła
puscilam	puściłam
puscilem	puściłem
pusciles	puściłeś
puscili	puścili
puscily	puściły
puscimy	puścimy
puscisz	puścisz
pustke	pustkę
pustynie	pustynię
puszczac	puszczać
puszczaja	puszczają
puszczal	puszczał
puszcze	puszczę
puszke	puszkę
pyl	pył
pylek	pyłek
pylem	pyłem
pylu	pyłu
pysznosci	pyszności
pytac	pytać
pytaja	pytają
pytajac	pytając
pytal	pytał
pytala	pytała
pytalam	pytałam
pytalas	pytałaś
pytalem	pytałem
pytales	pytałeś
pytalismy	pytaliśmy
pytan	pytań
rabus	rabuś
rabusiow	rabusiów
rachube	rachubę
rachunkow	rachunków
racje	rację
raczke	rączkę
raczki	rączki
rade	radę
radiowoz	radiowóz
radosc	radość
radosci	radości
radoscia	radością
radosnie	radośnie
radz	radź
radza	radzą
radze	radzę
radzic	radzić
radzil	radził
radzila	radziła
radzilam	radziłam
radzilbym	radziłbym
radzilem	radziłem
radziles	radziłeś
rakiete	rakietę
ramie	ramię
rampe	rampę
randke	randkę
rane	ranę
ranga	rangą
rania	ranią
ranic	ranić
raportow	raportów
rase	rasę
rasista	rasistą
ratowac	ratować
ratowal	ratował
ratowalem	ratowałem
ratownikow	ratowników
ratuja	ratują
ratujac	ratując
razenia	rażenia
rdzen	rdzeń
reagowac	reagować
reaguja	reagują
realista	realistą
realizowac	realizować
reanimowac	reanimować
rebecce	rebeccę
rebeke	rebekę
rebeliantow	rebeliantów
rece	ręce
recepte	receptę
recze	ręczę
reczna	ręczna
reczne	ręczne
recznie	ręcznie
recznik	ręcznik
recznika	ręcznika
reczniki	ręczniki
recznikiem	ręcznikiem
recznikow	ręczników
reczny	ręczny
reflektorow	reflektorów
regul	reguł
regula	reguła
regule	regułę
reguly	reguły
rehabilitacje	rehabilitację
rejestracje	rejestrację
rekach	rękach
rekami	rękami
rekaw	rękaw
rekawa	rękawa
rekawic	rękawic
rekawica	rękawica
rekawice	rękawice
rekawicy	rękawicy
rekawiczek	rękawiczek
rekawiczkach	rękawiczkach
rekawiczke	rękawiczkę
rekawiczki	rękawiczki
rekawie	rękawie
rekawy	rękawy
reke	rękę
reki	ręki
rekinow	rekinów
reklame	reklamę
rekoma	rękoma
rekompensate	rekompensatę
rekonstrukcje	rekonstrukcję
rekopis	rękopis
rekordow	rekordów
rekrutow	rekrutów
reku	ręku
rente	rentę
replikatorow	replikatorów
reportaz	reportaż
reporterow	reporterów
reprezentantow	reprezentantów
reprezentowac	reprezentować
reprezentowal	reprezentował
reprezentuja	reprezentują
republikanow	republikanów
republike	republikę
reputacje	reputację
reszte	resztę
rewanz	rewanż
rewanzu	rewanżu
rewolucje	rewolucję
rezerwacje	rezerwację
rezim	reżim
rezimu	reżimu
rezultatow	rezultatów
rezydentow	rezydentów
rezygnacje	rezygnację
rezygnowac	rezygnować
rezyser	reżyser
rezysera	reżysera
rezyserem	reżyserem
rezyseria	reżyseria
rezyserze	reżyserze
rite	ritę
rob	rób
robakow	robaków
robcie	róbcie
robia	robią
robiac	robiąc
robiacy	robiący
robiacych	robiących
robic	robić
robie	robię
robil	robił
robila	robiła
robilabym	robiłabym
robilam	robiłam
robilas	robiłaś
robilby	robiłby
robilbym	robiłbym
robilem	robiłem
robiles	robiłeś
robiliscie	robiliście
robilismy	robiliśmy
robilo	robiło
robily	robiły
robilysmy	robiłyśmy
robmy	róbmy
robocza	roboczą
robote	robotę
robotnikow	robotników
robotow	robotów
rocznice	rocznicę
rodakow	rodaków
rodza	rodzą
rodzajow	rodzajów
rodzenstwa	rodzeństwa
rodzenstwem	rodzeństwem
rodzenstwo	rodzeństwo
rodzicow	rodziców
rodzila	rodziła
rodzine	rodzinę
rodzinke	rodzinkę
rog	róg
rogow	rogów
roj	rój
rol	ról
role	rolę
rolnikow	rolników
romansow	romansów
rope	ropę
rosje	rosję
rosl	rósł
rosla	rosła
roslin	roślin
roslina	roślina
rosline	roślinę
roslinki	roślinki
rosliny	rośliny
roslo	rosło
rosly	rosły
rosna	rosną
rosnac	rosnąć
rosnace	rosnące
rosnie	rośnie
rosol	rosół
roszczen	roszczeń
rowerow	rowerów
rowiesnikow	rówieśników
rowna	równa
rownac	równać
rownania	równania
rownanie	równanie
rowne	równe
rownego	równego
rowni	równi
rownie	równie
rowniez	również
rowno	równo
rownoczesnie	równocześnie
rownosc	równość
rownosci	równości
rownowaga	równowaga
rownowage	równowagę
rownowagi	równowagi
rowny	równy
rownych	równych
rownym	równym
roz	róż
roza	róża
rozami	różami
rozaniec	różaniec
rozbawic	rozbawić
rozbic	rozbić
rozbierac	rozbierać
rozbijac	rozbijać
rozbil	rozbił
rozbila	rozbiła
rozbilem	rozbiłem
rozbiles	rozbiłeś
rozbilismy	rozbiliśmy
rozbiore	rozbiorę
rozbitkow	rozbitków
rozblysk	rozbłysk
rozboj	rozbój
rozbroic	rozbroić
rozchodza	rozchodzą
rozchorowal	rozchorował
rozciaga	rozciąga
rozciagnac	rozciągnąć
rozciecie	rozcięcie
rozczarowac	rozczarować
rozczarowal	rozczarował
rozczarowalem	rozczarowałem
rozczarowales	rozczarowałeś
rozczarowujace	rozczarowujące
rozczaruje	rozczaruję
rozdac	rozdać
rozdaja	rozdają
rozdawac	rozdawać
rozdawal	rozdawał
rozdrazniony	rozdrażniony
rozdrozu	rozdrożu
rozdzial	rozdział
rozdzialu	rozdziału
rozdzialy	rozdziały
rozdzielac	rozdzielać
rozdzielic	rozdzielić
rozdzielilismy	rozdzieliliśmy
rozdzka	różdżka
rozdzke	różdżkę
rozdzki	różdżki
roze	róże
rozebrac	rozebrać
rozegrac	rozegrać
rozejrze	rozejrzę
rozejrzec	rozejrzeć
rozejsc	rozejść
rozerwa	rozerwą
rozerwac	rozerwać
rozerwal	rozerwał
rozerwe	rozerwę
rozeszla	rozeszła
rozeszly	rozeszły
rozglada	rozgląda
rozgladac	rozglądać
rozgladaj	rozglądaj
rozgladam	rozglądam
rozgladasz	rozglądasz
rozglos	rozgłos
rozglosu	rozgłosu
rozgosc	rozgość
rozgosccie	rozgośćcie
rozgoscic	rozgościć
rozgrywajacego	rozgrywającego
rozgrywajacy	rozgrywający
rozgrywajacym	rozgrywającym
rozgryzc	rozgryźć
rozgryzl	rozgryzł
rozgryzlem	rozgryzłem
rozgryzles	rozgryzłeś
rozgrzac	rozgrzać
rozgrzewke	rozgrzewkę
rozjasnic	rozjaśnić
rozjemcow	rozjemców
rozkazal	rozkazał
rozkazalem	rozkazałem
rozkazow	rozkazów
rozkazywac	rozkazywać
rozkazywal	rozkazywał
rozklad	rozkład
rozklada	rozkłada
rozkladu	rozkładu
rozkosza	rozkoszą
rozkoszowac	rozkoszować
rozkreca	rozkręca
rozkrecic	rozkręcić
rozlacz	rozłącz
rozlaczac	rozłączać
rozlaczaj	rozłączaj
rozlaczam	rozłączam
rozlaczy	rozłączy
rozlaczyc	rozłączyć
rozlaczyl	rozłączył
rozlaczyla	rozłączyła
rozladowac	rozładować
rozlegle	rozległe
rozlegly	rozległy
rozliczyc	rozliczyć
rozloz	rozłóż
rozlozyc	rozłożyć
rozluznic	rozluźnić
rozluznij	rozluźnij
rozmawiac	rozmawiać
rozmawiaja	rozmawiają
rozmawiajac	rozmawiając
rozmawial	rozmawiał
rozmawiala	rozmawiała
rozmawialam	rozmawiałam
rozmawialas	rozmawiałaś
rozmawialem	rozmawiałem
rozmawiales	rozmawiałeś
rozmawialiscie	rozmawialiście
rozmawialismy	rozmawialiśmy
rozmawialo	rozmawiało
rozmawialy	rozmawiały
rozmawialyscie	rozmawiałyście
rozmawialysmy	rozmawiałyśmy
rozmiarow	rozmiarów
rozmienic	rozmienić
rozmnazac	rozmnażać
rozmnazaja	rozmnażają
rozmow	rozmów
rozmowca	rozmówca
rozmowe	rozmowę
rozmyslac	rozmyślać
rozmyslalam	rozmyślałam
rozmyslalem	rozmyślałem
rozmyslam	rozmyślam
rozne	różne
roznego	różnego
rozni	różni
roznia	różnią
roznic	różnic
roznica	różnica
roznicy	różnicy
roznie	różnie
roznimy	różnimy
roznisz	różnisz
roznorodnosc	różnorodność
roznosza	roznoszą
rozny	różny
roznych	różnych
roznym	różnym
roznymi	różnymi
rozowe	różowe
rozowego	różowego
rozowej	różowej
rozowo	różowo
rozowy	różowy
rozowych	różowych
rozowym	różowym
rozpadaja	rozpadają
rozpadl	rozpadł
rozpadla	rozpadła
rozpadlo	rozpadło
rozpakowac	rozpakować
rozpalic	rozpalić
rozpasc	rozpaść
rozpeta	rozpęta
rozpetac	rozpętać
rozplacze	rozpłaczę
rozplynal	rozpłynął
rozpoczac	rozpocząć
rozpoczal	rozpoczął
rozpoczalem	rozpocząłem
rozpoczecia	rozpoczęcia
rozpoczecie	rozpoczęcie
rozpoczeciem	rozpoczęciem
rozpoczeciu	rozpoczęciu
rozpoczela	rozpoczęła
rozpoczeli	rozpoczęli
rozpoczelismy	rozpoczęliśmy
rozpoczelo	rozpoczęło
rozpoczely	rozpoczęły
rozpoczeta	rozpoczęta
rozpoczete	rozpoczęte
rozpoczeto	rozpoczęto
rozpoczna	rozpoczną
rozpoczne	rozpocznę
rozpowiadac	rozpowiadać
rozpoznac	rozpoznać
rozpoznaja	rozpoznają
rozpoznal	rozpoznał
rozpoznala	rozpoznała
rozpoznalam	rozpoznałam
rozpoznalem	rozpoznałem
rozpoznales	rozpoznałeś
rozpoznawac	rozpoznawać
rozpracowac	rozpracować
rozpraszac	rozpraszać
rozprawe	rozprawę
rozprawic	rozprawić
rozprostowac	rozprostować
rozproszyc	rozproszyć
rozprzestrzenil	rozprzestrzenił
rozroznic	rozróżnić
rozrywke	rozrywkę
rozsadek	rozsądek
rozsadkiem	rozsądkiem
rozsadku	rozsądku
rozsadne	rozsądne
rozsadni	rozsądni
rozsadnie	rozsądnie
rozsadny	rozsądny
rozsadnym	rozsądnym
rozsmiesza	rozśmiesza
rozsmieszaj	rozśmieszaj
rozsmieszyc	rozśmieszyć
rozstac	rozstać
rozstaliscie	rozstaliście
rozstalismy	rozstaliśmy
rozstawac	rozstawać
rozstawic	rozstawić
rozstrzelac	rozstrzelać
rozstrzygnac	rozstrzygnąć
rozszerzyc	rozszerzyć
rozszyfrowac	rozszyfrować
roztrzesiona	roztrzęsiona
roztrzesiony	roztrzęsiony
roztwor	roztwór
rozu	różu
rozumial	rozumiał
rozumiala	rozumiała
rozumialam	rozumiałam
rozumialem	rozumiałem
rozumiec	rozumieć
rozumieja	rozumieją
rozwalac	rozwalać
rozwale	rozwalę
rozwalic	rozwalić
rozwalil	rozwalił
rozwalila	rozwaliła
rozwalilem	rozwaliłem
rozwaliles	rozwaliłeś
rozwaz	rozważ
rozwaza	rozważa
rozwazac	rozważać
rozwazalem	rozważałem
rozwazales	rozważałeś
rozwazam	rozważam
rozwazamy	rozważamy
rozwazasz	rozważasz
rozwaze	rozważę
rozwaznie	rozważnie
rozwazy	rozważy
rozwazyc	rozważyć
rozwazyl	rozważył
rozwazysz	rozważysz
rozweselic	rozweselić
rozwiac	rozwiać
rozwiaz	rozwiąż
rozwiaza	rozwiążą
rozwiazac	rozwiązać
rozwiazal	rozwiązał
rozwiazala	rozwiązała
rozwiazalem	rozwiązałem
rozwiazales	rozwiązałeś
rozwiazali	rozwiązali
rozwiazalismy	rozwiązaliśmy
rozwiazan	rozwiązań
rozwiazana	rozwiązana
rozwiazane	rozwiązane
rozwiazania	rozwiązania
rozwiazanie	rozwiązanie
rozwiazaniem	rozwiązaniem
rozwiazaniu	rozwiązaniu
rozwiazany	rozwiązany
rozwiazcie	rozwiążcie
rozwiaze	rozwiąże
rozwiazemy	rozwiążemy
rozwiazesz	rozwiążesz
rozwiazuje	rozwiązuje
rozwiazywac	rozwiązywać
rozwiazywania	rozwiązywania
rozwiazywanie	rozwiązywanie
rozwiedlismy	rozwiedliśmy
rozwiesc	rozwieść
rozwijac	rozwijać
rozwijaja	rozwijają
rozwiklac	rozwikłać
rozwin	rozwiń
rozwinac	rozwinąć
rozwinal	rozwinął
rozwinela	rozwinęła
rozwiniete	rozwinięte
rozwiniety	rozwinięty
rozwiodl	rozwiódł
rozwiodla	rozwiodła
rozwod	rozwód
rozwodow	rozwodów
rozwodza	rozwodzą
rozwoj	rozwój
rozy	róży
rtec	rtęć
rteci	rtęci
ruchac	ruchać
ruchow	ruchów
ruine	ruinę
rujnowac	rujnować
ruletke	ruletkę
runde	rundę
rundke	rundkę
rure	rurę
rurke	rurkę
rurociag	rurociąg
ruszac	ruszać
ruszaja	ruszają
ruszal	ruszał
ruszala	ruszała
rusze	ruszę
ruszyc	ruszyć
ruszyl	ruszył
ruszyla	ruszyła
ruszylem	ruszyłem
ruszyles	ruszyłeś
ruszylismy	ruszyliśmy
ruszylo	ruszyło
rutyne	rutynę
rybakow	rybaków
rybe	rybę
rybke	rybkę
rysowac	rysować
rysunkow	rysunków
rytual	rytuał
rytualow	rytuałów
rytualu	rytuału
rytualy	rytuały
rywalizacje	rywalizację
rywalizowac	rywalizować
ryz	ryż
ryzem	ryżem
ryzowe	ryżowe
ryzu	ryżu
ryzykantow	ryzykantów
ryzykowac	ryzykować
ryzykowal	ryzykował
ryzykowala	ryzykowała
ryzykowalem	ryzykowałem
ryzykowales	ryzykowałeś
ryzykuja	ryzykują
ryzykujac	ryzykując
rzad	rząd
rzadami	rządami
rzadem	rządem
rzadkosc	rzadkość
rzadkoscia	rzadkością
rzadow	rządów
rzadowe	rządowe
rzadowego	rządowego
rzadowej	rządowej
rzadowi	rządowi
rzadowy	rządowy
rzadowych	rządowych
rzadowym	rządowym
rzadu	rządu
rzady	rządy
rzadza	rządzą
rzadze	rządzę
rzadzenia	rządzenia
rzadzi	rządzi
rzadzic	rządzić
rzadzie	rządzie
rzadzil	rządził
rzadzila	rządziła
rzadzimy	rządzimy
rzadzisz	rządzisz
rzecza	rzeczą
rzeczywiscie	rzeczywiście
rzeczywistosc	rzeczywistość
rzeczywistosci	rzeczywistości
rzeczywistoscia	rzeczywistością
rzedu	rzędu
rzedy	rzędy
rzedzie	rzędzie
rzeke	rzekę
rzekl	rzekł
rzeklbym	rzekłbym
rzesy	rzęsy
rzez	rzeź
rzezba	rzeźba
rzezbe	rzeźbę
rzezby	rzeźby
rzezni	rzeźni
rzeznia	rzeźnia
rzeznik	rzeźnik
rzeznika	rzeźnika
rzeznikiem	rzeźnikiem
rznac	rżnąć
rznij	rżnij
rzuc	rzuć
rzucac	rzucać
rzucaja	rzucają
rzucajac	rzucając
rzucal	rzucał
rzucala	rzucała
rzucalem	rzucałem
rzuccie	rzućcie
rzuce	rzucę
rzucic	rzucić
rzucil	rzucił
rzucila	rzuciła
rzucilam	rzuciłam
rzucilas	rzuciłaś
rzucilem	rzuciłem
rzuciles	rzuciłeś
rzucilo	rzuciło
rzucmy	rzućmy
rzygac	rzygać
sabotaz	sabotaż
sabotazu	sabotażu
sabotowac	sabotować
sad	sąd
sadach	sądach
sadem	sądem
sadow	sądów
sadowe	sądowe
sadowego	sądowego
sadowej	sądowej
sadowi	sądowi
sadowy	sądowy
sadowych	sądowych
sadowym	sądowym
sadu	sądu
sady	sądy
sadza	sądzą
sadzac	sądząc
sadze	sądzę
sadzi	sądzi
sadzic	sądzić
sadzicie	sądzicie
sadzie	sądzie
sadzil	sądził
sadzila	sądziła
sadzilam	sądziłam
sadzilas	sądziłaś
sadzilem	sądziłem
sadziles	sądziłeś
sadzili	sądzili
sadzilismy	sądziliśmy
sadzimy	sądzimy
sadzisz	sądzisz
sadzony	sądzony
salata	sałata
salate	sałatę
salatka	sałatka
salatke	sałatkę
salatki	sałatki
salaty	sałaty
sale	salę
samcow	samców
samobojcow	samobójców
samobojcy	samobójcy
samobojcze	samobójcze
samobojczej	samobójczej
samobojczy	samobójczy
samobojstw	samobójstw
samobojstwa	samobójstwa
samobojstwem	samobójstwem
samobojstwie	samobójstwie
samobojstwo	samobójstwo
samochod	samochód
samochodow	samochodów
samolotow	samolotów
samotnosc	samotność
samotnosci	samotności
samotnoscia	samotnością
samurajow	samurajów
sandaly	sandały
saperow	saperów
sare	sarę
sasiad	sąsiad
sasiada	sąsiada
sasiadami	sąsiadami
sasiadem	sąsiadem
sasiadka	sąsiadka
sasiadke	sąsiadkę
sasiadki	sąsiadki
sasiadom	sąsiadom
sasiadow	sąsiadów
sasiedniego	sąsiedniego
sasiednim	sąsiednim
sasiedzi	sąsiedzi
sasiedzie	sąsiedzie
sasiedztwa	sąsiedztwa
sasiedztwie	sąsiedztwie
sasiedztwo	sąsiedztwo
satelite	satelitę
satelitow	satelitów
satysfakcje	satysfakcję
satysfakcjonujace	satysfakcjonujące
scene	scenę
schizofrenie	schizofrenię
schodow	schodów
schodz	schodź
schodza	schodzą
schodze	schodzę
schodzic	schodzić
schodzil	schodził
schowac	schować
schowal	schował
schowala	schowała
schowalam	schowałam
schowalas	schowałaś
schowalem	schowałem
schowales	schowałeś
schronic	schronić
schrzan	schrzań
schrzanic	schrzanić
schrzanil	schrzanił
schrzanilam	schrzaniłam
schrzanilem	schrzaniłem
schrzaniles	schrzaniłeś
schudles	schudłeś
schudnac	schudnąć
schwytac	schwytać
sciac	ściąć
sciaga	ściąga
sciagac	ściągać
sciagaj	ściągaj
sciagaja	ściągają
sciagam	ściągam
sciagamy	ściągamy
sciaganie	ściąganie
sciagasz	ściągasz
sciagnac	ściągnąć
sciagnal	ściągnął
sciagnalem	ściągnąłem
sciagnales	ściągnąłeś
sciagne	ściągnę
sciagnela	ściągnęła
sciagnelam	ściągnęłam
sciagnelas	ściągnęłaś
sciagneli	ściągnęli
sciagnelismy	ściągnęliśmy
sciagnie	ściągnie
sciagniemy	ściągniemy
sciagniesz	ściągniesz
sciagnij	ściągnij
sciagnijcie	ściągnijcie
scian	ścian
scianach	ścianach
scianami	ścianami
sciane	ścianę
scianie	ścianie
sciany	ściany
sciecie	ścięcie
sciegna	ścięgna
scieki	ścieki
sciekow	ścieków
sciema	ściema
sciemni	ściemni
sciemnia	ściemnia
sciemniac	ściemniać
sciemniaj	ściemniaj
sciemniasz	ściemniasz
scierwa	ścierwa
scierwo	ścierwo
sciezce	ścieżce
sciezek	ścieżek
sciezkami	ścieżkami
sciezke	ścieżkę
sciezki	ścieżki
sciga	ściga
scigac	ścigać
scigaja	ścigają
scigal	ścigał
scigalem	ścigałem
scigali	ścigali
scigalismy	ścigaliśmy
scigam	ścigam
scigamy	ścigamy
scigani	ścigani
scigania	ścigania
sciganie	ściganie
scigany	ścigany
scigasz	ścigasz
sciska	ściska
sciskac	ściskać
scisla	ścisłą
scisle	ściśle
scislosci	ścisłości
scisnac	ścisnąć
scisnij	ściśnij
scisz	ścisz
sciszyc	ściszyć
sedzi	sędzi
sedzia	sędzia
sedziami	sędziami
sedziego	sędziego
sedziemu	sędziemu
sedzina	sędzina
sedzio	sędzio
sedziow	sędziów
sedziowie	sędziowie
sek	sęk
sekcje	sekcję
sekretarke	sekretarkę
sekretow	sekretów
seksualnosc	seksualność
seksualnosci	seksualności
sekunde	sekundę
sekundke	sekundkę
sekwencje	sekwencję
senatorow	senatorów
seniorow	seniorów
sensacje	sensację
sensorow	sensorów
sep	sęp
separatystow	separatystów
sepy	sępy
serie	serię
serwerow	serwerów
serwetke	serwetkę
serwuja	serwują
setke	setkę
sezonow	sezonów
sfalszowac	sfałszować
sfalszowal	sfałszował
sfalszowane	sfałszowane
sfilmowac	sfilmować
sfinansowac	sfinansować
sfotografowac	sfotografować
siac	siać
siadac	siadać
siadaja	siadają
siadz	siądź
siasc	siąść
siatke	siatkę
siatkowke	siatkówkę
siatkowki	siatkówki
sidla	sidła
sie	się
siec	sieć
siecia	siecią
siedemdziesiat	siedemdziesiąt
siedemnascie	siedemnaście
siedz	siedź
siedza	siedzą
siedzac	siedząc
siedzaca	siedzącą
siedzacego	siedzącego
siedzacy	siedzący
siedzacych	siedzących
siedzcie	siedźcie
siedze	siedzę
siedzen	siedzeń
siedzial	siedział
siedziala	siedziała
siedzialam	siedziałam
siedzialas	siedziałaś
siedzialem	siedziałem
siedziales	siedziałeś
siedzibe	siedzibę
siedziec	siedzieć
siedzielismy	siedzieliśmy
siega	sięga
siegac	sięgać
siegaja	sięgają
siegal	sięgał
siegam	sięgam
siegasz	sięgasz
siegnac	sięgnąć
siegnal	sięgnął
siegne	sięgnę
siegnie	sięgnie
siegnij	sięgnij
siekiere	siekierę
sierocinca	sierocińca
sierocincu	sierocińcu
sierpien	sierpień
siersc	sierść
sierzancie	sierżancie
sierzant	sierżant
sierzanta	sierżanta
sierzantem	sierżantem
sierzantowi	sierżantowi
sikac	sikać
sikal	sikał
sil	sił
silach	siłach
silami	siłami
sile	siłę
silnikow	silników
silom	siłom
silowe	siłowe
silowni	siłowni
silownia	siłownia
silownie	siłownię
sily	siły
singielka	singielką
siniakow	siniaków
siodemka	siódemka
siodemke	siódemkę
siodemki	siódemki
siodla	siodła
siodlo	siodło
siodme	siódme
siodmego	siódmego
siodmej	siódmej
siodmy	siódmy
siodmym	siódmym
siostr	sióstr
siostre	siostrę
siostrzenca	siostrzeńca
siostrzencem	siostrzeńcem
siostrzenice	siostrzenicę
siostrzyczke	siostrzyczkę
skacza	skaczą
skaczac	skacząc
skad	skąd
skadkolwiek	skądkolwiek
skads	skądś
skadze	skądże
skakac	skakać
skakal	skakał
skal	skał
skala	skała
skalach	skałach
skalami	skałami
skaly	skały
skapy	skąpy
skarbenku	skarbeńku
skarbow	skarbów
skarge	skargę
skarza	skarżą
skarzy	skarży
skarzyc	skarżyć
skarzyl	skarżył
skasowac	skasować
skasowal	skasował
skautow	skautów
skazac	skazać
skazal	skazał
skazanca	skazańca
skazancem	skazańcem
skazancow	skazańców
skazenia	skażenia
skazenie	skażenie
skazona	skażona
skazone	skażone
skazony	skażony
skierowac	skierować
skierowal	skierował
sklad	skład
sklada	składa
skladac	składać
skladaja	składają
skladal	składał
skladalem	składałem
skladam	składam
skladamy	składamy
skladania	składania
skladanie	składanie
skladasz	składasz
skladki	składki
skladnik	składnik
skladniki	składniki
skladnikiem	składnikiem
skladnikow	składników
skladu	składu
skladzie	składzie
sklamac	skłamać
sklamal	skłamał
sklamala	skłamała
sklamalam	skłamałam
sklamalas	skłamałaś
sklamalbym	skłamałbym
sklamalem	skłamałem
sklamales	skłamałeś
sklania	skłania
sklepow	sklepów
sklonic	skłonić
sklonilo	skłoniło
sklonna	skłonna
sklonni	skłonni
sklonnosc	skłonność
sklonnosci	skłonności
sklonny	skłonny
skocze	skoczę
skoczyc	skoczyć
skoczyl	skoczył
skoczyla	skoczyła
skoczylem	skoczyłem
skokow	skoków
skolowana	skołowana
skolowany	skołowany
skomentowac	skomentować
skomplikowalo	skomplikowało
skomplikowaly	skomplikowały
skoncentrowac	skoncentrować
skoncz	skończ
skoncza	skończą
skonczcie	skończcie
skoncze	skończę
skonczeni	skończeni
skonczenia	skończenia
skonczeniu	skończeniu
skonczmy	skończmy
skonczona	skończona
skonczone	skończone
skonczony	skończony
skonczonym	skończonym
skonczy	skończy
skonczyc	skończyć
skonczycie	skończycie
skonczyl	skończył
skonczyla	skończyła
skonczylam	skończyłam
skonczylas	skończyłaś
skonczylem	skończyłem
skonczyles	skończyłeś
skonczyli	skończyli
skonczyliscie	skończyliście
skonczylismy	skończyliśmy
skonczylo	skończyło
skonczyly	skończyły
skonczylysmy	skończyłyśmy
skonczymy	skończymy
skonczysz	skończysz
skonfiskowac	skonfiskować
skonfrontowac	skonfrontować
skonsultowac	skonsultować
skontaktowac	skontaktować
skontaktowal	skontaktował
skontaktowala	skontaktowała
skontaktowalem	skontaktowałem
skontaktowales	skontaktowałeś
skontaktowalismy	skontaktowaliśmy
skopac	skopać
skopal	skopał
skopalem	skopałem
skopiowac	skopiować
skor	skór
skora	skóra
skore	skórę
skorka	skórka
skorke	skórkę
skorki	skórki
skorupe	skorupę
skory	skóry
skorzane	skórzane
skorze	skórze
skorzystac	skorzystać
skorzystal	skorzystał
skorzystalem	skorzystałem
skosztowac	skosztować
skradl	skradł
skrasc	skraść
skrec	skręć
skreca	skręca
skrecaj	skręcaj
skrece	skręcę
skrecic	skręcić
skrecil	skręcił
skrecila	skręciła
skrecilem	skręciłem
skrepowany	skrępowany
skreslic	skreślić
skret	skręt
skreta	skręta
skrocic	skrócić
skrocie	skrócie
skromnosc	skromność
skrot	skrót
skrotem	skrótem
skroty	skróty
skruche	skruchę
skrupulow	skrupułów
skryc	skryć
skrytke	skrytkę
skrzydel	skrzydeł
skrzydelka	skrzydełka
skrzydla	skrzydła
skrzydlach	skrzydłach
skrzydlami	skrzydłami
skrzydlo	skrzydło
skrzydlowym	skrzydłowym
skrzyn	skrzyń
skrzynke	skrzynkę
skrzywdza	skrzywdzą
skrzywdze	skrzywdzę
skrzywdzic	skrzywdzić
skrzywdzil	skrzywdził
skrzywdzila	skrzywdziła
skrzywdzilam	skrzywdziłam
skrzywdzilby	skrzywdziłby
skrzywdzilbym	skrzywdziłbym
skrzywdzilem	skrzywdziłem
skrzywdziles	skrzywdziłeś
skrzyzowania	skrzyżowania
skrzyzowanie	skrzyżowanie
skrzyzowaniu	skrzyżowaniu
skuc	skuć
skupiac	skupiać
skupiaja	skupiają
skupic	skupić
skupie	skupię
skupil	skupił
skupila	skupiła
skurwysynow	skurwysynów
skusic	skusić
skutecznosc	skuteczność
skutkow	skutków
slaba	słaba
slabe	słabe
slabego	słabego
slabi	słabi
slabnie	słabnie
slabo	słabo
slabosc	słabość
slabosci	słabości
slaboscia	słabością
slabsze	słabsze
slabszy	słabszy
slabszych	słabszych
slaby	słaby
slabych	słabych
slabym	słabym
slad	ślad
sladach	śladach
sladami	śladami
sladem	śladem
sladow	śladów
sladowe	śladowe
sladu	śladu
slady	ślady
slaw	sław
slawa	sława
slawe	sławę
slawie	sławie
slawna	sławna
slawne	sławne
slawnego	sławnego
slawni	sławni
slawny	sławny
slawnych	sławnych
slawnym	sławnym
slawy	sławy
sledcza	śledcza
sledcze	śledcze
sledczego	śledczego
sledczy	śledczy
sledczych	śledczych
sledczym	śledczym
sledz	śledź
sledza	śledzą
sledze	śledzę
sledzenia	śledzenia
sledzenie	śledzenie
sledzi	śledzi
sledzic	śledzić
sledzil	śledził
sledzila	śledziła
sledzilam	śledziłam
sledzilas	śledziłaś
sledzilem	śledziłem
sledziles	śledziłeś
sledzili	śledzili
sledzilismy	śledziliśmy
sledzimy	śledzimy
sledziona	śledziona
sledzione	śledzionę
sledziony	śledziony
sledzisz	śledzisz
sledzony	śledzony
sledztwa	śledztwa
sledztwem	śledztwem
sledztwie	śledztwie
sledztwo	śledztwo
slepa	ślepa
slepe	ślepe
slepego	ślepego
slepej	ślepej
slepi	ślepi
slepiec	ślepiec
slepo	ślepo
slepy	ślepy
slepym	ślepym
sliczna	śliczna
sliczne	śliczne
slicznego	ślicznego
slicznej	ślicznej
slicznie	ślicznie
slicznotka	ślicznotka
slicznotki	ślicznotki
slicznotko	ślicznotko
sliczny	śliczny
slimak	ślimak
slimaka	ślimaka
slimaki	ślimaki
slina	ślina
sline	ślinę
sliny	śliny
sliska	śliska
sliski	śliski
sliskie	śliskie
slisko	ślisko
sliwki	śliwki
slodcy	słodcy
slodka	słodka
slodki	słodki
slodkich	słodkich
slodkie	słodkie
slodkiego	słodkiego
slodkiej	słodkiej
slodkim	słodkim
slodko	słodko
slodkosci	słodkości
slodycz	słodycz
slodyczami	słodyczami
slodycze	słodycze
slodyczy	słodyczy
slodziak	słodziak
slodziutka	słodziutka
slodziutki	słodziutki
sloik	słoik
sloika	słoika
sloiku	słoiku
slomke	słomkę
slomki	słomki
slon	słoń
slona	słona
slonca	słońca
slonce	słońce
sloncem	słońcem
sloncu	słońcu
slone	słone
sloneczko	słoneczko
sloneczne	słoneczne
slonecznego	słonecznego
slonecznej	słonecznej
slonecznie	słonecznie
sloneczny	słoneczny
slonecznych	słonecznych
slonecznym	słonecznym
sloni	słoni
slonia	słonia
slonie	słonie
sloniowej	słoniowej
slonko	słonko
slono	słono
slow	słów
slowa	słowa
slowach	słowach
slowami	słowami
slowem	słowem
slowie	słowie
slowik	słowik
slowka	słówka
slowko	słówko
slownictwo	słownictwo
slownik	słownik
slownika	słownika
slowniku	słowniku
slowo	słowo
slowom	słowom
slowu	słowu
slowy	słowy
slub	ślub
slubem	ślubem
slubie	ślubie
slubne	ślubne
slubnej	ślubnej
slubny	ślubny
slubnych	ślubnych
slubnym	ślubnym
slubow	ślubów
slubu	ślubu
slubuje	ślubuję
sluby	śluby
sluch	słuch
slucha	słucha
sluchac	słuchać
sluchacie	słuchacie
sluchacze	słuchacze
sluchaczem	słuchaczem
sluchaczy	słuchaczy
sluchaj	słuchaj
sluchaja	słuchają
sluchajac	słuchając
sluchajcie	słuchajcie
sluchal	słuchał
sluchala	słuchała
sluchalam	słuchałam
sluchalas	słuchałaś
sluchalem	słuchałem
sluchales	słuchałeś
sluchali	słuchali
sluchalismy	słuchaliśmy
slucham	słucham
sluchamy	słuchamy
sluchania	słuchania
sluchanie	słuchanie
sluchasz	słuchasz
sluchawke	słuchawkę
sluchawki	słuchawki
sluchem	słuchem
sluchu	słuchu
sluchy	słuchy
sludzy	słudzy
slug	sług
slugami	sługami
sluge	sługę
slugi	sługi
slumsow	slumsów
slup	słup
slupa	słupa
sluszna	słuszna
sluszne	słuszne
slusznej	słusznej
slusznie	słusznie
slusznosc	słuszność
sluszny	słuszny
sluza	służą
sluzac	służąc
sluzace	służące
sluzacego	służącego
sluzacej	służącej
sluzacy	służący
sluzacych	służących
sluzacym	służącym
sluzb	służb
sluzba	służba
sluzbe	służbę
sluzbie	służbie
sluzbowe	służbowe
sluzbowej	służbowej
sluzbowo	służbowo
sluzbowy	służbowy
sluzbowych	służbowych
sluzby	służby
sluze	służę
sluzy	służy
sluzyc	służyć
sluzyl	służył
sluzyla	służyła
sluzylem	służyłem
sluzyles	służyłeś
sluzyli	służyli
sluzymy	służymy
sluzysz	służysz
slychac	słychać
slynie	słynie
slynne	słynne
slynnego	słynnego
slynny	słynny
slynnym	słynnym
slysza	słyszą
slyszac	słysząc
slyszal	słyszał
slyszala	słyszała
slyszalam	słyszałam
slyszalas	słyszałaś
slyszalem	słyszałem
slyszales	słyszałeś
slyszalo	słyszało
slyszalyscie	słyszałyście
slyszalysmy	słyszałyśmy
slysze	słyszę
slyszec	słyszeć
slyszeli	słyszeli
slyszeliscie	słyszeliście
slyszelismy	słyszeliśmy
slyszy	słyszy
slyszycie	słyszycie
slyszymy	słyszymy
slyszysz	słyszysz
smakowac	smakować
smakowal	smakował
smakowala	smakowała
smakowalo	smakowało
smakowaly	smakowały
smakuja	smakują
smazone	smażone
smazonego	smażonego
smazony	smażony
smazyc	smażyć
smiac	śmiać
smial	śmiał
smiala	śmiała
smialam	śmiałam
smialas	śmiałaś
smialbym	śmiałbym
smiale	śmiałe
smialem	śmiałem
smiales	śmiałeś
smiali	śmiali
smialismy	śmialiśmy
smialo	śmiało
smialosc	śmiałość
smialy	śmiały
smie	śmie
smiec	śmieć
smiech	śmiech
smiechem	śmiechem
smiechu	śmiechu
smieci	śmieci
smiecia	śmiecia
smieciach	śmieciach
smieciami	śmieciami
smiecie	śmiecie
smieciem	śmieciem
smieciu	śmieciu
smiej	śmiej
smieja	śmieją
smiejac	śmiejąc
smiejcie	śmiejcie
smieje	śmieje
smiejecie	śmiejecie
smiejemy	śmiejemy
smiejesz	śmiejesz
smiem	śmiem
smierc	śmierć
smierci	śmierci
smiercia	śmiercią
smierdza	śmierdzą
smierdzaca	śmierdząca
smierdzace	śmierdzące
smierdzacego	śmierdzącego
smierdzacy	śmierdzący
smierdzacych	śmierdzących
smierdzacym	śmierdzącym
smierdze	śmierdzę
smierdzi	śmierdzi
smierdzial	śmierdział
smierdzialo	śmierdziało
smierdziec	śmierdzieć
smierdzisz	śmierdzisz
smiertelne	śmiertelne
smiertelnego	śmiertelnego
smiertelnej	śmiertelnej
smiertelnicy	śmiertelnicy
smiertelnie	śmiertelnie
smiertelnikow	śmiertelników
smiertelnosci	śmiertelności
smiertelny	śmiertelny
smiertelnych	śmiertelnych
smiertelnym	śmiertelnym
smiesz	śmiesz
smieszna	śmieszna
smieszne	śmieszne
smiesznego	śmiesznego
smieszni	śmieszni
smiesznie	śmiesznie
smieszny	śmieszny
smiesznych	śmiesznych
smiesznym	śmiesznym
smieszy	śmieszy
smietanke	śmietankę
smietanki	śmietanki
smietany	śmietany
smietnik	śmietnik
smietnika	śmietnika
smietniku	śmietniku
smiglowca	śmigłowca
smiglowce	śmigłowce
smiglowiec	śmigłowiec
smokow	smoków
smrod	smród
smsow	smsów
smuc	smuć
smucic	smucić
snajperow	snajperów
sni	śni
snia	śnią
sniadania	śniadania
sniadanie	śniadanie
sniadaniem	śniadaniem
sniadaniowe	śniadaniowe
sniadaniu	śniadaniu
sniadanko	śniadanko
snic	śnić
snie	śnie
snieg	śnieg
sniegiem	śniegiem
sniegu	śniegu
sniezka	śnieżka
sniezki	śnieżki
sniezko	śnieżko
sniezna	śnieżna
sniezne	śnieżne
sniezny	śnieżny
snij	śnij
snil	śnił
snila	śniła
snilam	śniłam
snilas	śniłaś
snilem	śniłem
sniles	śniłeś
snilo	śniło
snisz	śnisz
snow	snów
soba	sobą
sobote	sobotę
sobotnia	sobotnią
sobowtor	sobowtór
sobowtora	sobowtóra
socjopata	socjopatą
sofe	sofę
sojusznikow	sojuszników
sokol	sokół
sokola	sokoła
sola	solą
solidarnosc	solidarność
solidarnosci	solidarności
sondazach	sondażach
sondaze	sondaże
sonde	sondę
sow	sów
spac	spać
spacerowac	spacerować
spadac	spadać
spadaja	spadają
spadajaca	spadająca
spadajace	spadające
spadal	spadał
spadkobierca	spadkobiercą
spadl	spadł
spadla	spadła
spadlam	spadłam
spadlem	spadłem
spadles	spadłeś
spadlo	spadło
spadly	spadły
spadna	spadną
spadne	spadnę
spakowac	spakować
spakowal	spakował
spakowala	spakowała
spakowalam	spakowałam
spakowalem	spakowałem
spakowales	spakowałeś
spakuje	spakuję
spal	spał
spala	spała
spalam	spałam
spalas	spałaś
spale	spalę
spalem	spałem
spales	spałeś
spalic	spalić
spalil	spalił
spalila	spaliła
spalilam	spaliłam
spalilem	spaliłem
spaliles	spaliłeś
spalilismy	spaliliśmy
spalilo	spaliło
spaliscie	spaliście
spalismy	spaliśmy
spalo	spało
spanikowal	spanikował
spanikowalam	spanikowałam
spanikowalem	spanikowałem
sparalizowana	sparaliżowana
sparalizowany	sparaliżowany
spasc	spaść
spasuje	spasuję
specjalisci	specjaliści
specjaliste	specjalistę
specjalistow	specjalistów
specjalnosc	specjalność
specjalnoscia	specjalnością
spedz	spędź
spedza	spędza
spedzac	spędzać
spedzacie	spędzacie
spedzaja	spędzają
spedzajac	spędzając
spedzal	spędzał
spedzala	spędzała
spedzalam	spędzałam
spedzalem	spędzałem
spedzali	spędzali
spedzalismy	spędzaliśmy
spedzam	spędzam
spedzamy	spędzamy
spedzanie	spędzanie
spedzasz	spędzasz
spedze	spędzę
spedzenia	spędzenia
spedzenie	spędzenie
spedzi	spędzi
spedzic	spędzić
spedzicie	spędzicie
spedzil	spędził
spedzila	spędziła
spedzilam	spędziłam
spedzilas	spędziłaś
spedzilem	spędziłem
spedziles	spędziłeś
spedzili	spędzili
spedziliscie	spędziliście
spedzilismy	spędziliśmy
spedzimy	spędzimy
spedzisz	spędzisz
spedzone	spędzone
spedzony	spędzony
spedzonych	spędzonych
spekulowac	spekulować
spelni	spełni
spelniac	spełniać
spelniaja	spełniają
spelniam	spełniam
spelnic	spełnić
spelnie	spełnię
spelnienia	spełnienia
spelnienie	spełnienie
spelnieniem	spełnieniem
spelnij	spełnij
spelnil	spełnił
spelnila	spełniła
spelnilem	spełniłem
spelnilo	spełniło
spelnily	spełniły
spelniona	spełniona
spelnione	spełnione
spelnisz	spełnisz
sperme	spermę
spi	śpi
spia	śpią
spiac	śpiąc
spiaca	śpiąca
spiacego	śpiącego
spiacy	śpiący
spiaczce	śpiączce
spiaczka	śpiączka
spiaczke	śpiączkę
spiaczki	śpiączki
spicie	śpicie
spie	śpię
spiecie	spięcie
spieniezyc	spieniężyć
spieprzac	spieprzać
spieprze	spieprzę
spieprzyc	spieprzyć
spieprzyl	spieprzył
spieprzylam	spieprzyłam
spieprzylem	spieprzyłem
spieprzyles	spieprzyłeś
spierac	spierać
spierdalac	spierdalać
spierdolic	spierdolić
spierdolilem	spierdoliłem
spierdoliles	spierdoliłeś
spieszyl	spieszył
spieta	spięta
spiety	spięty
spiew	śpiew
spiewa	śpiewa
spiewac	śpiewać
spiewaj	śpiewaj
spiewaja	śpiewają
spiewajac	śpiewając
spiewajacy	śpiewający
spiewajcie	śpiewajcie
spiewal	śpiewał
spiewala	śpiewała
spiewalam	śpiewałam
spiewalas	śpiewałaś
spiewalem	śpiewałem
spiewales	śpiewałeś
spiewali	śpiewali
spiewalismy	śpiewaliśmy
spiewam	śpiewam
spiewamy	śpiewamy
spiewania	śpiewania
spiewanie	śpiewanie
spiewasz	śpiewasz
spiewka	śpiewka
spiewu	śpiewu
spij	śpij
spijcie	śpijcie
spiknac	spiknąć
spimy	śpimy
spiochu	śpiochu
spisac	spisać
spisal	spisał
spisala	spisała
spisalas	spisałaś
spisalem	spisałem
spisales	spisałeś
spisaliscie	spisaliście
spisz	śpisz
spisze	spiszę
spiwor	śpiwór
spizarni	spiżarni
splacac	spłacać
splace	spłacę
splacenia	spłacenia
splaci	spłaci
splacic	spłacić
splacil	spłacił
splacilem	spłaciłem
splacisz	spłacisz
splacony	spłacony
splate	spłatę
splaty	spłaty
splawic	spławić
splonac	spłonąć
splonal	spłonął
splonela	spłonęła
splonelo	spłonęło
splonie	spłonie
sploniesz	spłoniesz
splukana	spłukana
splukani	spłukani
splukany	spłukany
spluwe	spluwę
splynie	spłynie
splywa	spływa
splywaj	spływaj
spoczac	spocząć
spoczne	spocznę
spoczywac	spoczywać
spodnica	spódnica
spodnice	spódnicę
spodnicy	spódnicy
spodniczke	spódniczkę
spodniczki	spódniczki
spodobac	spodobać
spodobaja	spodobają
spodobal	spodobał
spodobala	spodobała
spodobalo	spodobało
spodobaloby	spodobałoby
spodobaly	spodobały
spodziewac	spodziewać
spodziewaja	spodziewają
spodziewal	spodziewał
spodziewala	spodziewała
spodziewalam	spodziewałam
spodziewalas	spodziewałaś
spodziewalem	spodziewałem
spodziewales	spodziewałeś
spodziewalismy	spodziewaliśmy
spoglada	spogląda
spogladac	spoglądać
spogladajac	spoglądając
spogladam	spoglądam
spogladasz	spoglądasz
spojrz	spójrz
spojrza	spojrzą
spojrzal	spojrzał
spojrzala	spojrzała
spojrzalam	spojrzałam
spojrzalas	spojrzałaś
spojrzalem	spojrzałem
spojrzales	spojrzałeś
spojrzcie	spójrzcie
spojrze	spojrzę
spojrzec	spojrzeć
spojrzen	spojrzeń
spojrzmy	spójrzmy
spojz	spójż
spokoj	spokój
spoleczenstwa	społeczeństwa
spoleczenstwem	społeczeństwem
spoleczenstwie	społeczeństwie
spoleczenstwo	społeczeństwo
spoleczenstwu	społeczeństwu
spoleczne	społeczne
spolecznego	społecznego
spolecznej	społecznej
spolecznie	społecznie
spolecznosc	społeczność
spolecznosci	społeczności
spolecznoscia	społecznością
spolecznosciowych	społecznościowych
spoleczny	społeczny
spolecznych	społecznych
spolecznym	społecznym
spolka	spółka
spolke	spółkę
spolki	spółki
sponsorow	sponsorów
spor	spór
sporow	sporów
sportow	sportów
sportowcow	sportowców
sporzadzic	sporządzić
sposob	sposób
sposobnosc	sposobność
sposobnosci	sposobności
sposobow	sposobów
sposrod	spośród
spostrzezenia	spostrzeżenia
spostrzezenie	spostrzeżenie
spotkac	spotkać
spotkaja	spotkają
spotkal	spotkał
spotkala	spotkała
spotkalam	spotkałam
spotkalas	spotkałaś
spotkalem	spotkałem
spotkales	spotkałeś
spotkaliscie	spotkaliście
spotkalismy	spotkaliśmy
spotkalo	spotkało
spotkaly	spotkały
spotkalysmy	spotkałyśmy
spotkan	spotkań
spotykac	spotykać
spotykaja	spotykają
spotykajac	spotykając
spotykal	spotykał
spotykala	spotykała
spotykalam	spotykałam
spotykalas	spotykałaś
spotykalem	spotykałem
spotykales	spotykałeś
spotykaliscie	spotykaliście
spotykalismy	spotykaliśmy
spowiedz	spowiedź
spowodowac	spowodować
spowodowal	spowodował
spowodowala	spowodowała
spowodowalem	spowodowałem
spowodowales	spowodowałeś
spowodowalo	spowodowało
spowodowaly	spowodowały
spowolnic	spowolnić
spozni	spóźni
spoznia	spóźnia
spozniac	spóźniać
spozniaja	spóźniają
spozniam	spóźniam
spozniasz	spóźniasz
spoznic	spóźnić
spoznie	spóźnię
spoznieni	spóźnieni
spoznienia	spóźnienia
spoznienie	spóźnienie
spoznij	spóźnij
spoznil	spóźnił
spoznila	spóźniła
spoznilam	spóźniłam
spoznilas	spóźniłaś
spoznilem	spóźniłem
spozniles	spóźniłeś
spozniliscie	spóźniliście
spoznilismy	spóźniliśmy
spoznimy	spóźnimy
spozniona	spóźniona
spoznione	spóźnione
spozniony	spóźniony
spoznisz	spóźnisz
spozywczego	spożywczego
spozywczy	spożywczy
spozywczym	spożywczym
sprac	sprać
sprawce	sprawcę
sprawcow	sprawców
sprawdz	sprawdź
sprawdzac	sprawdzać
sprawdzaja	sprawdzają
sprawdzajac	sprawdzając
sprawdzal	sprawdzał
sprawdzala	sprawdzała
sprawdzalam	sprawdzałam
sprawdzalas	sprawdzałaś
sprawdzalem	sprawdzałem
sprawdzales	sprawdzałeś
sprawdzalismy	sprawdzaliśmy
sprawdzcie	sprawdźcie
sprawdze	sprawdzę
sprawdzic	sprawdzić
sprawdzil	sprawdził
sprawdzila	sprawdziła
sprawdzilam	sprawdziłam
sprawdzilas	sprawdziłaś
sprawdzilem	sprawdziłem
sprawdziles	sprawdziłeś
sprawdziliscie	sprawdziliście
sprawdzilismy	sprawdziliśmy
sprawdzilo	sprawdziło
sprawdzmy	sprawdźmy
sprawe	sprawę
sprawiac	sprawiać
sprawiaja	sprawiają
sprawiajac	sprawiając
sprawial	sprawiał
sprawiala	sprawiała
sprawialo	sprawiało
sprawic	sprawić
sprawiedliwosc	sprawiedliwość
sprawiedliwosci	sprawiedliwości
sprawiedliwoscia	sprawiedliwością
sprawil	sprawił
sprawila	sprawiła
sprawilam	sprawiłam
sprawilas	sprawiłaś
sprawilem	sprawiłem
sprawiles	sprawiłeś
sprawilo	sprawiło
sprawiloby	sprawiłoby
sprawily	sprawiły
sprawnosc	sprawność
sprawnosci	sprawności
sprobowac	spróbować
sprobowal	spróbował
sprobowala	spróbowała
sprobowalam	spróbowałam
sprobowalem	spróbowałem
sprobowales	spróbowałeś
sprobowali	spróbowali
sprobowalismy	spróbowaliśmy
sprobuj	spróbuj
sprobuja	spróbują
sprobujcie	spróbujcie
sprobuje	spróbuję
sprobujecie	spróbujecie
sprobujemy	spróbujemy
sprobujesz	spróbujesz
sprobujmy	spróbujmy
sprosne	sprośne
sprosny	sprośny
sprostac	sprostać
sprowadz	sprowadź
sprowadzac	sprowadzać
sprowadzaja	sprowadzają
sprowadzcie	sprowadźcie
sprowadze	sprowadzę
sprowadzic	sprowadzić
sprowadzil	sprowadził
sprowadzila	sprowadziła
sprowadzilam	sprowadziłam
sprowadzilas	sprowadziłaś
sprowadzilem	sprowadziłem
sprowadziles	sprowadziłeś
sprowadzilismy	sprowadziliśmy
sprowadzilo	sprowadziło
sprowadzmy	sprowadźmy
sprowokowac	sprowokować
sprzata	sprząta
sprzatac	sprzątać
sprzataczka	sprzątaczka
sprzataczke	sprzątaczkę
sprzataczki	sprzątaczki
sprzatal	sprzątał
sprzatala	sprzątała
sprzatalam	sprzątałam
sprzatalem	sprzątałem
sprzatam	sprzątam
sprzatania	sprzątania
sprzatanie	sprzątanie
sprzataniu	sprzątaniu
sprzatasz	sprzątasz
sprzatnac	sprzątnąć
sprzatnal	sprzątnął
sprzatnij	sprzątnij
sprzecie	sprzęcie
sprzeciwiac	sprzeciwiać
sprzeciwic	sprzeciwić
sprzeciwil	sprzeciwił
sprzeczac	sprzeczać
sprzeczke	sprzeczkę
sprzecznosci	sprzeczności
sprzedac	sprzedać
sprzedadza	sprzedadzą
sprzedaja	sprzedają
sprzedajac	sprzedając
sprzedal	sprzedał
sprzedala	sprzedała
sprzedalam	sprzedałam
sprzedalas	sprzedałaś
sprzedalem	sprzedałem
sprzedales	sprzedałeś
sprzedalismy	sprzedaliśmy
sprzedawac	sprzedawać
sprzedawal	sprzedawał
sprzedawala	sprzedawała
sprzedawalem	sprzedawałem
sprzedawales	sprzedawałeś
sprzedawce	sprzedawcę
sprzedawcow	sprzedawców
sprzedaz	sprzedaż
sprzedaza	sprzedażą
sprzedazy	sprzedaży
sprzeglo	sprzęgło
sprzet	sprzęt
sprzetem	sprzętem
sprzetu	sprzętu
sprzymierzencem	sprzymierzeńcem
sprzymierzencow	sprzymierzeńców
spuchniete	spuchnięte
spudlowal	spudłował
spusc	spuść
spuscic	spuścić
spuscil	spuścił
spuscilem	spuściłem
spuscizna	spuścizna
spuscizne	spuściznę
spuszczac	spuszczać
spuszcze	spuszczę
spytac	spytać
spytaja	spytają
spytal	spytał
spytala	spytała
spytalam	spytałam
spytalas	spytałaś
spytalem	spytałem
spytales	spytałeś
srac	srać
sraja	srają
sredni	średni
srednich	średnich
srednicy	średnicy
srednie	średnie
sredniego	średniego
sredniej	średniej
srednim	średnim
srednio	średnio
sredniowiecza	średniowiecza
sredniowieczu	średniowieczu
sroda	środa
srode	środę
srodek	środek
srodka	środka
srodkach	środkach
srodkami	środkami
srodki	środki
srodkiem	środkiem
srodkow	środków
srodkowa	środkowa
srodkowego	środkowego
srodkowej	środkowej
srodkowy	środkowy
srodkowym	środkowym
srodku	środku
srodmiescia	śródmieścia
srodmiesciu	śródmieściu
srodowiska	środowiska
srodowiskiem	środowiskiem
srodowisko	środowisko
srodowisku	środowisku
srody	środy
sruba	śruba
srube	śrubę
srubokret	śrubokręt
sruby	śruby
ssac	ssać
ssakow	ssaków
stabilnosc	stabilność
stabilnosci	stabilności
stac	stać
stacjonowal	stacjonował
stad	stąd
staja	stają
stajac	stając
stal	stał
stala	stała
stalam	stałam
stalas	stałaś
stalby	stałby
stalego	stałego
stalej	stałej
stalem	stałem
stales	stałeś
staliscie	staliście
stalismy	staliśmy
stalo	stało
staloby	stałoby
staly	stały
stalych	stałych
stalym	stałym
stamtad	stamtąd
stanac	stanąć
stanal	stanął
stanalem	stanąłem
stanales	stanąłeś
stancie	stańcie
standardow	standardów
stane	stanę
stanela	stanęła
staneli	stanęli
stanelismy	stanęliśmy
stanelo	stanęło
stanely	stanęły
stanow	stanów
stanowia	stanowią
stanowic	stanowić
stanowie	stanowię
stanowil	stanowił
stanowilo	stanowiło
stapasz	stąpasz
starac	starać
staraja	starają
starajac	starając
staral	starał
starala	starała
staralam	starałam
staralas	starałaś
staralem	starałem
starales	starałeś
staralismy	staraliśmy
staran	starań
starcow	starców
starczyc	starczyć
starczylo	starczyło
starosc	starość
starosci	starości
staroswiecki	staroświecki
staroswieckie	staroświeckie
starozytne	starożytne
starozytnego	starożytnego
starozytnej	starożytnej
starozytni	starożytni
starozytny	starożytny
starozytnych	starożytnych
starozytnym	starożytnym
startowac	startować
startowal	startował
staruszke	staruszkę
staruszkow	staruszków
starzeja	starzeją
statkow	statków
stawac	stawać
stawal	stawał
stawala	stawała
stawalo	stawało
stawaly	stawały
stawiac	stawiać
stawiaja	stawiają
stawiajac	stawiając
stawial	stawiał
stawic	stawić
stawil	stawił
stawke	stawkę
stawow	stawów
staz	staż
stazem	stażem
stazu	stażu
stazysci	stażyści
stazystow	stażystów
stekow	steków
sterowac	sterować
sterte	stertę
sterydow	sterydów
stesknilam	stęskniłam
stesknilem	stęskniłem
stezenie	stężenie
stluc	stłuc
stluczenia	stłuczenia
stlukl	stłukł
stlumic	stłumić
stoczyc	stoczyć
stoczyl	stoczył
stodola	stodoła
stodoly	stodoły
stoj	stój
stoja	stoją
stojac	stojąc
stojaca	stojącą
stojace	stojące
stojacego	stojącego
stojaco	stojąco
stojacy	stojący
stojacych	stojących
stojcie	stójcie
stoje	stoję
stol	stół
stolach	stołach
stolek	stołek
stolem	stołem
stolice	stolicę
stolikow	stolików
stolow	stołów
stolowce	stołówce
stolowki	stołówki
stolu	stołu
stoly	stoły
stope	stopę
stopien	stopień
stosowac	stosować
stosuja	stosują
stosunkow	stosunków
stow	stów
stowe	stówę
stowy	stówy
strac	strać
straca	stracą
strace	stracę
stracic	stracić
stracil	stracił
stracila	straciła
stracilam	straciłam
stracilas	straciłaś
stracilbym	straciłbym
stracilem	straciłem
straciles	straciłeś
straciliscie	straciliście
stracilismy	straciliśmy
stracilo	straciło
stracily	straciły
straszyc	straszyć
straszyl	straszył
strate	stratę
strategie	strategię
straz	straż
straza	strażą
strazacki	strażacki
strazacy	strażacy
strazak	strażak
strazaka	strażaka
strazakiem	strażakiem
strazakow	strażaków
straze	straże
straznicy	strażnicy
straznik	strażnik
straznika	strażnika
straznikami	strażnikami
straznikiem	strażnikiem
straznikom	strażnikom
straznikow	strażników
straznikowi	strażnikowi
strazniku	strażniku
strazy	straży
strefe	strefę
stresowac	stresować
stresujaca	stresująca
stresujace	stresujące
streszczac	streszczać
streszczal	streszczał
stroic	stroić
stroj	strój
strojow	strojów
strone	stronę
stroz	stróż
stroza	stróża
strozem	stróżem
strozow	stróżów
strukture	strukturę
strumien	strumień
strzal	strzał
strzala	strzała
strzalami	strzałami
strzalem	strzałem
strzalki	strzałki
strzalow	strzałów
strzalu	strzału
strzaly	strzały
strzega	strzegą
strzegl	strzegł
strzelac	strzelać
strzelaja	strzelają
strzelajac	strzelając
strzelal	strzelał
strzelala	strzelała
strzelalem	strzelałem
strzelales	strzelałeś
strzelanine	strzelaninę
strzelbe	strzelbę
strzelcow	strzelców
strzele	strzelę
strzelic	strzelić
strzelil	strzelił
strzelila	strzeliła
strzelilem	strzeliłem
strzeliles	strzeliłeś
strzelilo	strzeliło
strzelnice	strzelnicę
strzepy	strzępy
strzez	strzeż
strzezcie	strzeżcie
strzeze	strzeże
strzezone	strzeżone
strzezony	strzeżony
strzykawke	strzykawkę
strzyzenie	strzyżenie
studentke	studentkę
studentow	studentów
studiow	studiów
studiowac	studiować
studiowal	studiował
studiowala	studiowała
studiowalam	studiowałam
studiowalem	studiowałem
studiowales	studiowałeś
studiowalismy	studiowaliśmy
studnie	studnię
studniowke	studniówkę
stuknieta	stuknięta
stukniety	stuknięty
stwarzac	stwarzać
stwierdzic	stwierdzić
stwierdzil	stwierdził
stwierdzila	stwierdziła
stwierdzilam	stwierdziłam
stwierdzilem	stwierdziłem
stwierdzilismy	stwierdziliśmy
stwor	stwór
stworcy	stwórcy
stworz	stwórz
stworze	stworzę
stworzen	stworzeń
stworzyc	stworzyć
stworzyl	stworzył
stworzyla	stworzyła
stworzylam	stworzyłam
stworzylas	stworzyłaś
stworzylem	stworzyłem
stworzyles	stworzyłeś
stworzylismy	stworzyliśmy
stworzylo	stworzyło
stworzyly	stworzyły
styczen	styczeń
stycznosc	styczność
sugerowac	sugerować
sugerowal	sugerował
sugeruja	sugerują
sukcesow	sukcesów
suke	sukę
sukienke	sukienkę
sukinsynow	sukinsynów
suknie	suknię
sultan	sułtan
sultana	sułtana
sume	sumę
sumke	sumkę
superbohaterow	superbohaterów
surfowac	surfować
suszarke	suszarkę
sutkow	sutków
swa	swą
swedzenie	swędzenie
swedzi	swędzi
swiadcza	świadczą
swiadczy	świadczy
swiadczyc	świadczyć
swiadectw	świadectw
swiadectwa	świadectwa
swiadectwo	świadectwo
swiadek	świadek
swiadka	świadka
swiadkami	świadkami
swiadkiem	świadkiem
swiadkow	świadków
swiadkowie	świadkowie
swiadom	świadom
swiadoma	świadoma
swiadome	świadome
swiadomi	świadomi
swiadomie	świadomie
swiadomosc	świadomość
swiadomosci	świadomości
swiadomoscia	świadomością
swiadomy	świadomy
swiat	świat
swiata	świata
swiatach	światach
swiatami	światami
swiateczne	świąteczne
swiatecznego	świątecznego
swiatecznej	świątecznej
swiateczny	świąteczny
swiatecznych	świątecznych
swiatecznym	świątecznym
swiatel	świateł
swiatelka	światełka
swiatelko	światełko
swiatem	światem
swiatla	światła
swiatlach	światłach
swiatlami	światłami
swiatlem	światłem
swiatlo	światło
swiatlosc	światłość
swiatlosci	światłości
swiatobliwosc	świątobliwość
swiatow	światów
swiatowe	światowe
swiatowego	światowego
swiatowej	światowej
swiatowy	światowy
swiatowych	światowych
swiatowym	światowym
swiatu	światu
swiaty	światy
swiatyni	świątyni
swiatynia	świątynia
swiatynie	świątynię
swicie	świcie
swieca	świecą
swiecace	świecące
swiecach	świecach
swiece	świece
swiecic	świecić
swiecie	świecie
swiecilo	świeciło
swiecy	świecy
swieczek	świeczek
swieczke	świeczkę
swieczki	świeczki
swieta	święta
swietach	świętach
swietami	świętami
swiete	święte
swietego	świętego
swietej	świętej
swietem	świętem
swietlana	świetlaną
swietle	świetle
swietlicy	świetlicy
swietliki	świetliki
swietlne	świetlne
swietlnych	świetlnych
swietna	świetna
swietne	świetne
swietnego	świetnego
swietnej	świetnej
swietni	świetni
swietnie	świetnie
swietnosci	świetności
swietny	świetny
swietnych	świetnych
swietnym	świetnym
swietnymi	świetnymi
swieto	święto
swietosc	świętość
swietosci	świętości
swietowac	świętować
swietowania	świętowania
swietowanie	świętowanie
swietuja	świętują
swietujemy	świętujemy
swietujmy	świętujmy
swiety	święty
swietych	świętych
swietym	świętym
swiezak	świeżak
swieze	świeże
swiezego	świeżego
swiezej	świeżej
swiezo	świeżo
swiezy	świeży
swiezych	świeżych
swiezym	świeżym
swin	świń
swini	świni
swinia	świnia
swiniami	świniami
swinie	świnie
swinio	świnio
swinka	świnka
swinke	świnkę
swinki	świnki
swinko	świnko
swinski	świński
swinskie	świńskie
swinstwa	świństwa
swinstwo	świństwo
swir	świr
swira	świra
swirem	świrem
swirow	świrów
swirowac	świrować
swiruj	świruj
swirujesz	świrujesz
swiry	świry
swirze	świrze
swit	świt
swita	świta
switem	świtem
switu	świtu
swobode	swobodę
swoj	swój
swoja	swoją
sygnal	sygnał
sygnalem	sygnałem
sygnalow	sygnałów
sygnalu	sygnału
sygnaly	sygnały
sygnature	sygnaturę
sylwetke	sylwetkę
sympatie	sympatię
symptomow	symptomów
synow	synów
sypac	sypać
sypiac	sypiać
sypiaja	sypiają
sypial	sypiał
sypiala	sypiała
syrene	syrenę
systemow	systemów
sytuacje	sytuację
szachow	szachów
szafe	szafę
szafke	szafkę
szalal	szalał
szalala	szalała
szalas	szałas
szalec	szaleć
szaleja	szaleją
szalenca	szaleńca
szalencem	szaleńcem
szalencow	szaleńców
szalency	szaleńcy
szalenczo	szaleńczo
szalenstwa	szaleństwa
szalenstwem	szaleństwem
szalenstwie	szaleństwie
szalenstwo	szaleństwo
szalu	szału
szanowac	szanować
szanowal	szanował
szanowalem	szanowałem
szantaz	szantaż
szantazowac	szantażować
szantazowal	szantażował
szantazu	szantażu
szantazuje	szantażuje
szanuja	szanują
szarlotke	szarlotkę
szarpac	szarpać
szate	szatę
szczatki	szczątki
szczatkow	szczątków
szczegol	szczegół
szczegolach	szczegółach
szczegolami	szczegółami
szczegole	szczególe
szczegolne	szczególne
szczegolnego	szczególnego
szczegolnej	szczególnej
szczegolnie	szczególnie
szczegolnosci	szczególności
szczegolny	szczególny
szczegolnych	szczególnych
szczegolnym	szczególnym
szczegolow	szczegółów
szczegolowe	szczegółowe
szczegolowo	szczegółowo
szczegolowy	szczegółowy
szczegolu	szczegółu
szczegoly	szczegóły
szczekac	szczekać
szczeke	szczękę
szczeki	szczęki
szczeline	szczelinę
szczepionke	szczepionkę
szczerosc	szczerość
szczerosci	szczerości
szczescia	szczęścia
szczesciarz	szczęściarz
szczesciarza	szczęściarza
szczesciarzami	szczęściarzami
szczesciarze	szczęściarze
szczesciarzem	szczęściarzem
szczescie	szczęście
szczesciem	szczęściem
szczesciu	szczęściu
szczesliwa	szczęśliwa
szczesliwe	szczęśliwe
szczesliwego	szczęśliwego
szczesliwej	szczęśliwej
szczesliwi	szczęśliwi
szczesliwie	szczęśliwie
szczesliwsi	szczęśliwsi
szczesliwsza	szczęśliwsza
szczesliwszy	szczęśliwszy
szczesliwy	szczęśliwy
szczesliwych	szczęśliwych
szczesliwym	szczęśliwym
szczesliwymi	szczęśliwymi
szczoteczke	szczoteczkę
szczotke	szczotkę
szczupla	szczupła
szczuply	szczupły
szczurow	szczurów
szedl	szedł
szedlem	szedłem
szedles	szedłeś
szefow	szefów
szeptac	szeptać
szerokosc	szerokość
szerokosci	szerokości
szeryfow	szeryfów
szesc	sześć
szescdziesiat	sześćdziesiąt
szescian	sześcian
szescioma	sześcioma
szesciopak	sześciopak
szescioro	sześcioro
szesciu	sześciu
szescset	sześćset
szesnascie	szesnaście
szkla	szkła
szklaneczke	szklaneczkę
szklanke	szklankę
szklem	szkłem
szklo	szkło
szkod	szkód
szkode	szkodę
szkodza	szkodzą
szkodzic	szkodzić
szkol	szkół
szkola	szkoła
szkolach	szkołach
szkolic	szkolić
szkolil	szkolił
szkolki	szkółki
szkoly	szkoły
szkopul	szkopuł
szla	szła
szlam	szłam
szlismy	szliśmy
szlo	szło
szly	szły
szmate	szmatę
szminke	szminkę
sznurkow	sznurków
sznurowki	sznurówki
szokujace	szokujące
szope	szopę
szopke	szopkę
szoste	szóste
szostego	szóstego
szostej	szóstej
szostka	szóstka
szostke	szóstkę
szostki	szóstki
szosty	szósty
szostym	szóstym
szpiegow	szpiegów
szpiegowac	szpiegować
szpiegowal	szpiegował
sztabow	sztabów
sztucce	sztućce
sztuczke	sztuczkę
sztuke	sztukę
szuflade	szufladę
szukac	szukać
szukaja	szukają
szukajac	szukając
szukajacy	szukający
szukajacych	szukających
szukal	szukał
szukala	szukała
szukalam	szukałam
szukalas	szukałaś
szukalem	szukałem
szukales	szukałeś
szukaliscie	szukaliście
szukalismy	szukaliśmy
szurnieta	szurnięta
szurniety	szurnięty
szwow	szwów
szybe	szybę
szybkosc	szybkość
szybkosci	szybkości
szybkoscia	szybkością
szyc	szyć
szyje	szyję
szyjna	szyjną
szykowac	szykować
szykuja	szykują
szylingow	szylingów
szynke	szynkę
tabletke	tabletkę
tabliczke	tabliczkę
tace	tacę
taelonow	taelonów
taksowce	taksówce
taksowek	taksówek
taksowkarz	taksówkarz
taksowkarza	taksówkarza
taksowkarzem	taksówkarzem
taksowke	taksówkę
taksowki	taksówki
taktyke	taktykę
takze	także
talentow	talentów
talibow	talibów
talie	talię
tame	tamę
tamponow	tamponów
tamtad	tamtąd
tamtedy	tamtędy
tanca	tańca
tancach	tańcach
tance	tańce
tancem	tańcem
tancow	tańców
tancu	tańcu
tancz	tańcz
tancza	tańczą
tanczac	tańcząc
tanczace	tańczące
tanczacy	tańczący
tanczcie	tańczcie
tancze	tańczę
tanczenia	tańczenia
tanczy	tańczy
tanczyc	tańczyć
tanczyl	tańczył
tanczyla	tańczyła
tanczylam	tańczyłam
tanczylas	tańczyłaś
tanczylem	tańczyłem
tanczyles	tańczyłeś
tanczyli	tańczyli
tanczylismy	tańczyliśmy
tanczymy	tańczymy
tanczysz	tańczysz
tansze	tańsze
tanszy	tańszy
tare	tarę
targowac	targować
taryfe	taryfę
tasm	taśm
tasma	taśma
tasmach	taśmach
tasme	taśmę
tasmie	taśmie
tasmy	taśmy
tate	tatę
tatuaz	tatuaż
tatuazami	tatuażami
tatuaze	tatuaże
tatuazem	tatuażem
tatuazu	tatuażu
tatuazy	tatuaży
tatus	tatuś
tatuska	tatuśka
tatusku	tatuśku
tchorz	tchórz
tchorza	tchórza
tchorzami	tchórzami
tchorze	tchórze
tchorzem	tchórzem
tchorzliwy	tchórzliwy
tchorzostwo	tchórzostwo
tchorzu	tchórzu
tchorzy	tchórzy
technike	technikę
technikow	techników
technologie	technologię
tecza	tęcza
tecze	tęczę
teczke	teczkę
teczy	tęczy
tedy	tędy
tekscie	tekście
tekstow	tekstów
telefonow	telefonów
telepatow	telepatów
teleportowac	teleportować
telewizje	telewizję
telewizorow	telewizorów
tematow	tematów
temperature	temperaturę
tenisowki	tenisówki
tepa	tępa
tepe	tępe
tepy	tępy
tepym	tępym
tequile	tequilę
terapeute	terapeutę
terapie	terapię
terazniejszosc	teraźniejszość
terazniejszosci	teraźniejszości
terazniejszoscia	teraźniejszością
terenow	terenów
terminow	terminów
terrorysci	terroryści
terroryste	terrorystę
terrorystow	terrorystów
terrorystyczna	terrorystyczną
tesc	teść
tescia	teścia
tescie	teście
tesciowej	teściowej
teskni	tęskni
tesknia	tęsknią
tesknic	tęsknić
tesknie	tęsknię
tesknil	tęsknił
tesknila	tęskniła
tesknilam	tęskniłam
tesknilas	tęskniłaś
tesknilem	tęskniłem
teskniles	tęskniłeś
tesknilismy	tęskniliśmy
tesknimy	tęsknimy
tesknisz	tęsknisz
tesknota	tęsknota
tesknoty	tęsknoty
testow	testów
testowac	testować
testuja	testują
tetna	tętna
tetniak	tętniak
tetniaka	tętniaka
tetnica	tętnica
tetnice	tętnicę
tetnicy	tętnicy
tetno	tętno
tez	też
tine	tinę
tkanke	tkankę
tknac	tknąć
tknal	tknął
tknalem	tknąłem
tkne	tknę
tkwic	tkwić
tkwie	tkwię
tkwil	tkwił
tla	tła
tlo	tło
tloczno	tłoczno
tlok	tłok
tluc	tłuc
tlum	tłum
tlumacz	tłumacz
tlumacza	tłumacza
tlumacze	tłumaczę
tlumaczem	tłumaczem
tlumaczenia	tłumaczenia
tlumaczenie	tłumaczenie
tlumaczeniu	tłumaczeniu
tlumaczy	tłumaczy
tlumaczyc	tłumaczyć
tlumaczyl	tłumaczył
tlumaczyla	tłumaczyła
tlumaczylem	tłumaczyłem
tlumaczyli	tłumaczyli
tlumaczylo	tłumaczyło
tlumem	tłumem
tlumie	tłumie
tlumik	tłumik
tlumow	tłumów
tlumu	tłumu
tlumy	tłumy
tlusciochu	tłuściochu
tluste	tłuste
tlustego	tłustego
tlusty	tłusty
tlustym	tłustym
tluszcz	tłuszcz
tluszczem	tłuszczem
tluszczu	tłuszczu
toalete	toaletę
toba	tobą
tocza	toczą
toczyc	toczyć
tolerowac	tolerować
tolerowal	tolerował
tomografie	tomografię
tona	toną
tone	tonę
topor	topór
torbe	torbę
torebke	torebkę
torow	torów
torturowac	torturować
torturowal	torturował
towarow	towarów
towarzyszaca	towarzyszącą
towarzyszyc	towarzyszyć
towarzyszyl	towarzyszył
towarzyszyla	towarzyszyła
toz	toż
tozsamosc	tożsamość
tozsamosci	tożsamości
tozsamoscia	tożsamością
trabce	trąbce
trabia	trąbią
trac	trać
traca	tracą
tracac	tracąc
trace	tracę
tracic	tracić
tracil	tracił
tracila	traciła
tracmy	traćmy
trafiaja	trafiają
trafic	trafić
trafie	trafię
trafien	trafień
trafil	trafił
trafila	trafiła
trafilam	trafiłam
trafilas	trafiłaś
trafilem	trafiłem
trafiles	trafiłeś
trafiliscie	trafiliście
trafilismy	trafiliśmy
trafilo	trafiło
trafily	trafiły
trajektorie	trajektorię
traktowac	traktować
traktowal	traktował
traktowala	traktowała
traktowalam	traktowałam
traktowalem	traktowałem
traktowales	traktowałeś
traktuja	traktują
transfuzje	transfuzję
transmisje	transmisję
trase	trasę
tratwe	tratwę
traume	traumę
trawe	trawę
trawke	trawkę
treme	tremę
trenerow	trenerów
treningow	treningów
trenowac	trenować
trenowal	trenował
trenowalem	trenowałem
trenowales	trenowałeś
tresc	treść
tresci	treści
troche	trochę
trojce	trójce
trojka	trójka
trojkacie	trójkącie
trojkacik	trójkącik
trojkat	trójkąt
trojkata	trójkąta
trojke	trójkę
trojki	trójki
tropic	tropić
tropow	tropów
troske	troskę
troszcza	troszczą
troszcze	troszczę
troszczyc	troszczyć
troszczyl	troszczył
troszeczke	troszeczkę
troszke	troszkę
trucizne	truciznę
trudnosc	trudność
trudnosci	trudności
trudz	trudź
trujace	trujące
trujacy	trujący
trumne	trumnę
trupow	trupów
trwac	trwać
trwaja	trwają
trwal	trwał
trwala	trwała
trwalego	trwałego
trwalo	trwało
trwaly	trwały
trybunal	trybunał
trybunalu	trybunału
trzasc	trząść
trzasl	trząsł
trzesa	trzęsą
trzese	trzęsę
trzesie	trzęsie
trzesienia	trzęsienia
trzesienie	trzęsienie
trzesieniu	trzęsieniu
trzesiesz	trzęsiesz
trzezwa	trzeźwa
trzezwo	trzeźwo
trzezwosc	trzeźwość
trzezwosci	trzeźwości
trzezwy	trzeźwy
trzydziesci	trzydzieści
trzymac	trzymać
trzymaja	trzymają
trzymajac	trzymając
trzymal	trzymał
trzymala	trzymała
trzymalam	trzymałam
trzymalas	trzymałaś
trzymalem	trzymałem
trzymales	trzymałeś
trzymalismy	trzymaliśmy
trzymalo	trzymało
trzymaly	trzymały
trzynascie	trzynaście
tubylcow	tubylców
tulow	tułów
tunczyk	tuńczyk
tunczyka	tuńczyka
tunczykiem	tuńczykiem
turysci	turyści
turystow	turystów
tuz	tuż
twarza	twarzą
twierdza	twierdzą
twierdzac	twierdząc
twierdze	twierdzę
twierdzic	twierdzić
twierdzil	twierdził
twierdzila	twierdziła
twierdziles	twierdziłeś
twoj	twój
tworcow	twórców
tworcy	twórcy
tworczosc	twórczość
tworczy	twórczy
tworza	tworzą
tworzac	tworząc
tworze	tworzę
tworzyc	tworzyć
tworzyl	tworzył
tydzien	tydzień
tygrysow	tygrysów
tyl	tył
tylach	tyłach
tyleczek	tyłeczek
tyleczkiem	tyłeczkiem
tylek	tyłek
tylem	tyłem
tylka	tyłka
tylkach	tyłkach
tylki	tyłki
tylkiem	tyłkiem
tylkow	tyłków
tylku	tyłku
tylna	tylną
tyly	tyły
typow	typów
tysiac	tysiąc
tysiaca	tysiąca
tysiacach	tysiącach
tysiacami	tysiącami
tysiace	tysiące
tysiacem	tysiącem
tysiaclecia	tysiąclecia
tysiakow	tysiaków
tysiecy	tysięcy
tytanow	tytanów
tyton	tytoń
tytul	tytuł
tytulem	tytułem
tytulow	tytułów
tytulu	tytułu
tytuly	tytuły
ubezpieczen	ubezpieczeń
ubic	ubić
ubiegac	ubiegać
ubieglego	ubiegłego
ubieglej	ubiegłej
ubieglym	ubiegłym
ubierac	ubierać
ubieraja	ubierają
ubieral	ubierał
ubior	ubiór
ubiore	ubiorę
ubostwa	ubóstwa
ubostwo	ubóstwo
ubrac	ubrać
ubral	ubrał
ubrala	ubrała
ubralam	ubrałam
ubralas	ubrałaś
ubralem	ubrałem
ubrales	ubrałeś
ubran	ubrań
ubrudzic	ubrudzić
ucalowac	ucałować
ucaluj	ucałuj
uchodzcow	uchodźców
uchodzcy	uchodźcy
uchodzic	uchodzić
uchronic	uchronić
uchwycic	uchwycić
uciac	uciąć
ucial	uciął
uciazliwe	uciążliwe
ucieczke	ucieczkę
uciekac	uciekać
uciekaja	uciekają
uciekajac	uciekając
uciekajacego	uciekającego
uciekal	uciekał
uciekala	uciekała
uciekalam	uciekałam
uciekalem	uciekałem
uciekales	uciekałeś
uciekinierow	uciekinierów
uciekl	uciekł
uciekla	uciekła
ucieklam	uciekłam
ucieklas	uciekłaś
ucieklem	uciekłem
uciekles	uciekłeś
ucieklismy	uciekliśmy
ucieklo	uciekło
uciekly	uciekły
uciekna	uciekną
uciekne	ucieknę
ucierpial	ucierpiał
ucierpiala	ucierpiała
ucierpialo	ucierpiało
ucierpiec	ucierpieć
uciesza	ucieszą
ucieszyl	ucieszył
ucieszyla	ucieszyła
ucieszylem	ucieszyłem
uciskac	uciskać
uciszyc	uciszyć
ucza	uczą
uczac	ucząc
uczcic	uczcić
uczciwosc	uczciwość
uczciwosci	uczciwości
ucze	uczę
uczen	uczeń
uczestniczyc	uczestniczyć
uczestniczyl	uczestniczył
uczestnikow	uczestników
uczeszczac	uczęszczać
uczeszczal	uczęszczał
uczniow	uczniów
uczte	ucztę
uczuc	uczuć
uczyc	uczyć
uczyl	uczył
uczyla	uczyła
uczylam	uczyłam
uczylas	uczyłaś
uczylem	uczyłem
uczyles	uczyłeś
uczylismy	uczyliśmy
uczyn	uczyń
uczynia	uczynią
uczynic	uczynić
uczynie	uczynię
uczynil	uczynił
uczynila	uczyniła
uczynilam	uczyniłam
uczynilas	uczyniłaś
uczynilem	uczyniłem
uczyniles	uczyniłeś
uczynilo	uczyniło
uczynily	uczyniły
uczynkow	uczynków
udac	udać
udaja	udają
udajac	udając
udajacy	udający
udal	udał
udala	udała
udalem	udałem
udalismy	udaliśmy
udalo	udało
udaloby	udałoby
udawac	udawać
udawal	udawał
udawala	udawała
udawalam	udawałam
udawalas	udawałaś
udawalem	udawałem
udawales	udawałeś
udawalo	udawało
uderzac	uderzać
uderzaja	uderzają
uderzajac	uderzając
uderzajace	uderzające
uderzal	uderzał
uderze	uderzę
uderzen	uderzeń
uderzyc	uderzyć
uderzyl	uderzył
uderzyla	uderzyła
uderzylam	uderzyłam
uderzylas	uderzyłaś
uderzylem	uderzyłem
uderzyles	uderzyłeś
uderzylismy	uderzyliśmy
uderzylo	uderzyło
uderzyly	uderzyły
udoskonalic	udoskonalić
udowa	udową
udowadniac	udowadniać
udowodnia	udowodnią
udowodnic	udowodnić
udowodnie	udowodnię
udowodnil	udowodnił
udowodnila	udowodniła
udowodnilem	udowodniłem
udowodniles	udowodniłeś
udusic	udusić
udusil	udusił
udusze	uduszę
udzial	udział
udzialem	udziałem
udzialow	udziałów
udzialowcow	udziałowców
udzialu	udziału
udzialy	udziały
udzielac	udzielać
udzielal	udzielał
udziele	udzielę
udzielic	udzielić
udzielil	udzielił
ufac	ufać
ufaja	ufają
ufajac	ufając
ufal	ufał
ufala	ufała
ufalam	ufałam
ufalem	ufałem
uganiac	uganiać
ugasic	ugasić
ugode	ugodę
ugotowac	ugotować
ugryz	ugryź
ugryzc	ugryźć
ugryze	ugryzę
ugryzl	ugryzł
ugryzla	ugryzła
ugryzlo	ugryzło
uhonorowac	uhonorować
ujac	ująć
ujal	ujął
ujales	ująłeś
ujawniac	ujawniać
ujawniaja	ujawniają
ujawnic	ujawnić
ujawnie	ujawnię
ujawnil	ujawnił
ujawnila	ujawniła
ujec	ujęć
ujecia	ujęcia
ujecie	ujęcie
ujeciu	ujęciu
ujme	ujmę
ujmujac	ujmując
ujrza	ujrzą
ujrzal	ujrzał
ujrzala	ujrzała
ujrzalam	ujrzałam
ujrzalem	ujrzałem
ujrze	ujrzę
ujrzec	ujrzeć
ujsc	ujść
ujscia	ujścia
ujscie	ujście
ukarac	ukarać
ukaral	ukarał
ukaszenie	ukąszenie
ukaz	ukaż
ukazac	ukazać
ukazal	ukazał
ukazala	ukazała
ukaze	ukaże
ukazuja	ukazują
uklad	układ
uklada	układa
ukladac	układać
ukladaja	układają
ukladalo	układało
ukladam	układam
ukladanka	układanka
ukladanke	układankę
ukladanki	układanki
ukladem	układem
ukladow	układów
ukladu	układu
uklady	układy
ukladzie	układzie
ukleknij	uklęknij
uklon	ukłon
uklucie	ukłucie
ukoic	ukoić
ukonczenia	ukończenia
ukonczenie	ukończenie
ukonczeniu	ukończeniu
ukonczona	ukończona
ukonczone	ukończone
ukonczony	ukończony
ukonczyc	ukończyć
ukonczyl	ukończył
ukonczyla	ukończyła
ukonczylam	ukończyłam
ukonczylem	ukończyłem
ukradl	ukradł
ukradla	ukradła
ukradlam	ukradłam
ukradlas	ukradłaś
ukradlem	ukradłem
ukradles	ukradłeś
ukradliscie	ukradliście
ukradlismy	ukradliśmy
ukradne	ukradnę
ukrasc	ukraść
ukryc	ukryć
ukryl	ukrył
ukryla	ukryła
ukrylam	ukryłam
ukrylas	ukryłaś
ukrylem	ukryłem
ukryles	ukryłeś
ukrywac	ukrywać
ukrywaja	ukrywają
ukrywajac	ukrywając
ukrywal	ukrywał
ukrywala	ukrywała
ukrywalam	ukrywałam
ukrywalas	ukrywałaś
ukrywalem	ukrywałem
ukrywales	ukrywałeś
ulal	ulał
ulamek	ułamek
ulaskawienie	ułaskawienie
ulatwi	ułatwi
ulatwia	ułatwia
ulatwiasz	ułatwiasz
ulatwic	ułatwić
ulatwie	ułatwię
uldow	uldów
uleczyc	uleczyć
ulegaja	ulegają
ulegl	uległ
ulegla	uległa
uleglo	uległo
ulegly	uległy
ulepszyc	ulepszyć
ulge	ulgę
uliczke	uliczkę
ulotke	ulotkę
uloz	ułóż
ulozenie	ułożenie
ulozone	ułożone
ulozy	ułoży
ulozyc	ułożyć
ulozyl	ułożył
ulozylo	ułożyło
ulubiencem	ulubieńcem
ulubiencow	ulubieńców
ulubiency	ulubieńcy
ulubienica	ulubienicą
ulzy	ulży
ulzyc	ulżyć
ulzylo	ulżyło
umarl	umarł
umarla	umarła
umarlam	umarłam
umarlas	umarłaś
umarlbym	umarłbym
umarlem	umarłem
umarles	umarłeś
umarlo	umarło
umarly	umarły
umarlych	umarłych
umawiac	umawiać
umawial	umawiał
umawiala	umawiała
umawialam	umawiałam
umawialem	umawiałem
umawialismy	umawialiśmy
umial	umiał
umiala	umiała
umialam	umiałam
umialem	umiałem
umiales	umiałeś
umiec	umieć
umieja	umieją
umiejetnosc	umiejętność
umiejetnosci	umiejętności
umiejetnosciach	umiejętnościach
umiejetnosciami	umiejętnościami
umierac	umierać
umieraja	umierają
umierajac	umierając
umierajaca	umierająca
umierajacego	umierającego
umierajacy	umierający
umierajacych	umierających
umieral	umierał
umierala	umierała
umiesc	umieść
umiesci	umieści
umiescic	umieścić
umiescil	umieścił
umiescila	umieściła
umiescilam	umieściłam
umiescilem	umieściłem
umiesciles	umieściłeś
umiescili	umieścili
umiescilismy	umieściliśmy
umiescimy	umieścimy
umiescisz	umieścisz
umieszczac	umieszczać
umieszczaja	umieszczają
umieszcze	umieszczę
umknac	umknąć
umknelo	umknęło
umow	umów
umowe	umowę
umowi	umówi
umowic	umówić
umowieni	umówieni
umowil	umówił
umowila	umówiła
umowilam	umówiłam
umowilas	umówiłaś
umowilem	umówiłem
umowiles	umówiłeś
umowilismy	umówiliśmy
umowimy	umówimy
umowiona	umówiona
umowione	umówione
umowiony	umówiony
umowisz	umówisz
umowmy	umówmy
umozliwi	umożliwi
umozliwia	umożliwia
umozliwic	umożliwić
umra	umrą
umre	umrę
umrzec	umrzeć
umyc	umyć
umyje	umyję
umyl	umył
umylem	umyłem
umyles	umyłeś
umysl	umysł
umyslach	umysłach
umysle	umyśle
umyslem	umysłem
umyslnie	umyślnie
umyslow	umysłów
umyslowe	umysłowe
umyslowo	umysłowo
umyslowych	umysłowych
umyslu	umysłu
umysly	umysły
unicestwic	unicestwić
uniemozliwia	uniemożliwia
uniemozliwic	uniemożliwić
unieruchomic	unieruchomić
unies	unieś
uniesc	unieść
unieszkodliwic	unieszkodliwić
uniewaznic	unieważnić
uniewaznienie	unieważnienie
unikac	unikać
unikaja	unikają
unikajac	unikając
unikal	unikał
unikalem	unikałem
uniknac	uniknąć
uniknal	uniknął
unikniecia	uniknięcia
unikniecie	uniknięcie
unosic	unosić
unosil	unosił
unosza	unoszą
upadaja	upadają
upadl	upadł
upadla	upadła
upadlam	upadłam
upadlas	upadłaś
upadlego	upadłego
upadlem	upadłem
upadles	upadłeś
upadlo	upadło
upadly	upadły
upadne	upadnę
upal	upał
uparl	uparł
upasc	upaść
upewnic	upewnić
upewnie	upewnię
upewnil	upewnił
upewnilem	upewniłem
upic	upić
upieke	upiekę
upiekla	upiekła
upieklam	upiekłam
upieklo	upiekło
upil	upił
upilem	upiłem
upiles	upiłeś
upior	upiór
uplynelo	upłynęło
uplynie	upłynie
uplywa	upływa
uplywem	upływem
uplywu	upływu
upokarzajace	upokarzające
upokorzyc	upokorzyć
upokorzyl	upokorzył
upolowac	upolować
upor	upór
uporac	uporać
uporzadkowac	uporządkować
uposledzony	upośledzony
upowaznienia	upoważnienia
upowaznienie	upoważnienie
upowazniony	upoważniony
upozorowac	upozorować
upozorowal	upozorował
uprawiac	uprawiać
uprawiaja	uprawiają
uprawial	uprawiał
uprawiala	uprawiała
uprawialam	uprawiałam
uprawialas	uprawiałaś
uprawialem	uprawiałem
uprawiales	uprawiałeś
uprawialiscie	uprawialiście
uprawialismy	uprawialiśmy
uprawnien	uprawnień
uprowadzil	uprowadził
uprzatnac	uprzątnąć
uprzaz	uprząż
uprzedzen	uprzedzeń
uprzedzic	uprzedzić
uprzedzil	uprzedził
uprzejmosc	uprzejmość
uprzejmosci	uprzejmości
upusc	upuść
upuscic	upuścić
upuscil	upuścił
upuscila	upuściła
upuscilam	upuściłam
upuscilas	upuściłaś
upuscilem	upuściłem
upusciles	upuściłeś
uratowac	uratować
uratowal	uratował
uratowala	uratowała
uratowalam	uratowałam
uratowalas	uratowałaś
uratowalem	uratowałem
uratowales	uratowałeś
uratowaliscie	uratowaliście
uratowalismy	uratowaliśmy
uratowalo	uratowało
uratuja	uratują
uraze	urazę
urazic	urazić
urazilem	uraziłem
urazona	urażona
urazony	urażony
urazow	urazów
uregulowac	uregulować
uroczyscie	uroczyście
uroczystosc	uroczystość
uroczystosci	uroczystości
urode	urodę
urodze	urodzę
urodzic	urodzić
urodzil	urodził
urodzila	urodziła
urodzilam	urodziłam
urodzilas	urodziłaś
urodzilem	urodziłem
urodziles	urodziłeś
urodzilismy	urodziliśmy
urodzilo	urodziło
urodzily	urodziły
urosl	urósł
urosla	urosła
urosles	urosłeś
urosly	urosły
urosna	urosną
urosnac	urosnąć
urosnie	urośnie
uruchomic	uruchomić
uruchomie	uruchomię
uruchomil	uruchomił
uruchomilem	uruchomiłem
urwac	urwać
urwal	urwał
urwe	urwę
urzad	urząd
urzadza	urządza
urzadzac	urządzać
urzadzaja	urządzają
urzadzam	urządzam
urzadzamy	urządzamy
urzadzasz	urządzasz
urzadze	urządzę
urzadzen	urządzeń
urzadzenia	urządzenia
urzadzenie	urządzenie
urzadzeniem	urządzeniem
urzadzeniu	urządzeniu
urzadzic	urządzić
urzadzil	urządził
urzadzila	urządziła
urzadziles	urządziłeś
urzadzili	urządzili
urzadzimy	urządzimy
urzeczywistnic	urzeczywistnić
urzedem	urzędem
urzednicy	urzędnicy
urzednik	urzędnik
urzednika	urzędnika
urzednikiem	urzędnikiem
urzednikow	urzędników
urzedu	urzędu
urzedzie	urzędzie
uscisk	uścisk
usciskac	uściskać
usciskaj	uściskaj
usciski	uściski
usciskow	uścisków
uscisku	uścisku
uscisnac	uścisnąć
uscisnij	uściśnij
usiade	usiądę
usiadl	usiadł
usiadla	usiadła
usiadlam	usiadłam
usiadlem	usiadłem
usiadz	usiądź
usiadzcie	usiądźcie
usiadzie	usiądzie
usiadziemy	usiądziemy
usiadziesz	usiądziesz
usiadzmy	usiądźmy
usiasc	usiąść
usilowal	usiłował
usilowanie	usiłowanie
usilujesz	usiłujesz
uslug	usług
usluga	usługa
uslugach	usługach
usluge	usługę
uslugi	usługi
uslysz	usłysz
uslysza	usłyszą
uslyszal	usłyszał
uslyszala	usłyszała
uslyszalam	usłyszałam
uslyszalas	usłyszałaś
uslyszalem	usłyszałem
uslyszales	usłyszałeś
uslysze	usłyszę
uslyszec	usłyszeć
uslyszeli	usłyszeli
uslyszeliscie	usłyszeliście
uslyszelismy	usłyszeliśmy
uslyszenia	usłyszenia
uslyszeniu	usłyszeniu
uslyszy	usłyszy
uslyszycie	usłyszycie
uslyszymy	usłyszymy
uslyszysz	usłyszysz
usmaze	usmażę
usmazyc	usmażyć
usmiech	uśmiech
usmiecha	uśmiecha
usmiechac	uśmiechać
usmiechaj	uśmiechaj
usmiechaja	uśmiechają
usmiechal	uśmiechał
usmiechala	uśmiechała
usmiecham	uśmiecham
usmiechasz	uśmiechasz
usmiechem	uśmiechem
usmiechnac	uśmiechnąć
usmiechnal	uśmiechnął
usmiechnela	uśmiechnęła
usmiechnie	uśmiechnie
usmiechnieta	uśmiechnięta
usmiechnij	uśmiechnij
usmiechu	uśmiechu
usmiechy	uśmiechy
usmiercic	uśmiercić
usmieszek	uśmieszek
usnac	usnąć
uspic	uśpić
uspiony	uśpiony
uspokajajace	uspokajające
uspokajajacy	uspokajający
uspokajajacych	uspokajających
uspokoic	uspokoić
uspokoil	uspokoił
uspokoila	uspokoiła
uspokoilo	uspokoiło
uspokoj	uspokój
uspokoja	uspokoją
uspokojcie	uspokójcie
uspokoje	uspokoję
uspokojmy	uspokójmy
usprawiedliwiac	usprawiedliwiać
usprawiedliwic	usprawiedliwić
ustabilizowac	ustabilizować
ustac	ustać
ustalac	ustalać
ustale	ustalę
ustalic	ustalić
ustalil	ustalił
ustalila	ustaliła
ustalilem	ustaliłem
ustaliliscie	ustaliliście
ustalilismy	ustaliliśmy
ustalo	ustało
ustaly	ustały
ustanowic	ustanowić
ustanowil	ustanowił
ustapi	ustąpi
ustapic	ustąpić
ustapil	ustąpił
ustatkowac	ustatkować
ustawe	ustawę
ustawiac	ustawiać
ustawiaja	ustawiają
ustawic	ustawić
ustawil	ustawił
ustawila	ustawiła
ustawilem	ustawiłem
ustawiles	ustawiłeś
ustawilismy	ustawiliśmy
ustepuje	ustępuje
usterke	usterkę
usun	usuń
usuna	usuną
usunac	usunąć
usunal	usunął
usunalem	usunąłem
usuncie	usuńcie
usune	usunę
usunela	usunęła
usunelam	usunęłam
usuneli	usunęli
usunelismy	usunęliśmy
usuniecia	usunięcia
usuniecie	usunięcie
usunieciu	usunięciu
usunieta	usunięta
usuniete	usunięte
usunieto	usunięto
usuniety	usunięty
usuwac	usuwać
uswiadamiasz	uświadamiasz
uswiadomic	uświadomić
uswiadomil	uświadomił
uswiadomila	uświadomiła
uswiadomilam	uświadomiłam
uswiadomilem	uświadomiłem
uszanowac	uszanować
uszczesliwi	uszczęśliwi
uszczesliwia	uszczęśliwia
uszczesliwiac	uszczęśliwiać
uszczesliwic	uszczęśliwić
uszkodzen	uszkodzeń
uszkodzic	uszkodzić
uszkodzil	uszkodził
uszkodzila	uszkodziła
uszlo	uszło
utknac	utknąć
utknal	utknął
utknalem	utknąłem
utknales	utknąłeś
utknela	utknęła
utknelam	utknęłam
utknelas	utknęłaś
utkneli	utknęli
utknelismy	utknęliśmy
utknelo	utknęło
utkwila	utkwiła
utne	utnę
utonac	utonąć
utonal	utonął
utonela	utonęła
utoniecie	utonięcie
utopic	utopić
utopie	utopię
utopil	utopił
utopila	utopiła
utracic	utracić
utracil	utracił
utrate	utratę
utrudniac	utrudniać
utrudnic	utrudnić
utrzymac	utrzymać
utrzymaja	utrzymają
utrzymal	utrzymał
utrzymuja	utrzymują
utrzymujac	utrzymując
utrzymywac	utrzymywać
utrzymywal	utrzymywał
utrzymywala	utrzymywała
utwor	utwór
utworow	utworów
utworzyc	utworzyć
uwage	uwagę
uwaza	uważa
uwazac	uważać
uwazacie	uważacie
uwazaj	uważaj
uwazaja	uważają
uwazajcie	uważajcie
uwazal	uważał
uwazala	uważała
uwazalam	uważałam
uwazalas	uważałaś
uwazalem	uważałem
uwazales	uważałeś
uwazali	uważali
uwazalismy	uważaliśmy
uwazam	uważam
uwazamy	uważamy
uwazana	uważana
uwazane	uważane
uwazano	uważano
uwazany	uważany
uwazasz	uważasz
uwaznie	uważnie
uwazniej	uważniej
uwazny	uważny
uwielbiac	uwielbiać
uwielbiaja	uwielbiają
uwielbial	uwielbiał
uwielbiala	uwielbiała
uwielbialam	uwielbiałam
uwielbialem	uwielbiałem
uwierza	uwierzą
uwierze	uwierzę
uwierzyc	uwierzyć
uwierzyl	uwierzył
uwierzyla	uwierzyła
uwierzylabys	uwierzyłabyś
uwierzylam	uwierzyłam
uwierzylas	uwierzyłaś
uwierzylbys	uwierzyłbyś
uwierzylem	uwierzyłem
uwierzyles	uwierzyłeś
uwiesc	uwieść
uwiezic	uwięzić
uwiezieni	uwięzieni
uwiezienie	uwięzienie
uwiezil	uwięził
uwieziona	uwięziona
uwiezione	uwięzione
uwieziony	uwięziony
uwiezionych	uwięzionych
uwiezionym	uwięzionym
uwiodl	uwiódł
uwolnia	uwolnią
uwolnic	uwolnić
uwolnie	uwolnię
uwolnil	uwolnił
uwolnila	uwolniła
uwolnilem	uwolniłem
uwolniles	uwolniłeś
uwzial	uwziął
uzalac	użalać
uzaleznieni	uzależnieni
uzaleznienia	uzależnienia
uzaleznienie	uzależnienie
uzaleznieniem	uzależnieniem
uzalezniona	uzależniona
uzalezniony	uzależniony
uzaleznionych	uzależnionych
uzasadnic	uzasadnić
uzbroic	uzbroić
uzdrowic	uzdrowić
uzerac	użerać
uzgodnic	uzgodnić
uzgodnilismy	uzgodniliśmy
uznac	uznać
uznaja	uznają
uznal	uznał
uznala	uznała
uznalam	uznałam
uznalem	uznałem
uznales	uznałeś
uznalismy	uznaliśmy
uzupelnic	uzupełnić
uzupelnienie	uzupełnienie
uzyc	użyć
uzycia	użycia
uzycie	użycie
uzyciem	użyciem
uzyciu	użyciu
uzyj	użyj
uzyja	użyją
uzyjcie	użyjcie
uzyjecie	użyjecie
uzyjemy	użyjemy
uzyjesz	użyjesz
uzyjmy	użyjmy
uzyl	użył
uzyla	użyła
uzylam	użyłam
uzylas	użyłaś
uzylbym	użyłbym
uzylem	użyłem
uzyles	użyłeś
uzyli	użyli
uzylismy	użyliśmy
uzyskac	uzyskać
uzyskal	uzyskał
uzyskalem	uzyskałem
uzyskalismy	uzyskaliśmy
uzyta	użyta
uzyte	użyte
uzyteczna	użyteczna
uzyteczne	użyteczne
uzytecznego	użytecznego
uzyteczny	użyteczny
uzytek	użytek
uzytkownik	użytkownik
uzytkownika	użytkownika
uzytkownikow	użytkowników
uzytku	użytku
uzyto	użyto
uzyty	użyty
uzywa	używa
uzywac	używać
uzywacie	używacie
uzywaj	używaj
uzywaja	używają
uzywajac	używając
uzywajcie	używajcie
uzywal	używał
uzywala	używała
uzywalam	używałam
uzywalas	używałaś
uzywalem	używałem
uzywales	używałeś
uzywali	używali
uzywalismy	używaliśmy
uzywam	używam
uzywamy	używamy
uzywana	używana
uzywane	używane
uzywania	używania
uzywanie	używanie
uzywano	używano
uzywany	używany
uzywanych	używanych
uzywasz	używasz
vanesse	vanessę
victorie	victorię
vipow	vipów
wachac	wąchać
wage	wagę
wagine	waginę
wagonow	wagonów
wahac	wahać
wahadlowca	wahadłowca
wahadlowiec	wahadłowiec
walcza	walczą
walczac	walcząc
walczace	walczące
walczacy	walczący
walczacych	walczących
walcze	walczę
walczyc	walczyć
walczyl	walczył
walczyla	walczyła
walczylam	walczyłam
walczylas	walczyłaś
walczylem	walczyłem
walczyles	walczyłeś
walczyliscie	walczyliście
walczylismy	walczyliśmy
walczyly	walczyły
wale	walę
walic	walić
walil	walił
walilo	waliło
walizke	walizkę
walke	walkę
walnac	walnąć
walnal	walnął
walnalem	walnąłem
walnales	walnąłeś
walne	walnę
walnela	walnęła
walnieta	walnięta
walniety	walnięty
wampirow	wampirów
wanne	wannę
warge	wargę
wariatke	wariatkę
wariatow	wariatów
wariowac	wariować
wariuja	wariują
warstwe	warstwę
wartosc	wartość
wartosci	wartości
wartoscia	wartością
wartosciowa	wartościowa
wartosciowe	wartościowe
wartosciowego	wartościowego
wartosciowy	wartościowy
wartosciowych	wartościowych
wartosciowym	wartościowym
warunkow	warunków
wasami	wąsami
waska	wąska
waski	wąski
waskie	wąskie
wasow	wąsów
wasy	wąsy
watek	wątek
watpi	wątpi
watpic	wątpić
watpie	wątpię
watpienia	wątpienia
watpilem	wątpiłem
watpisz	wątpisz
watpliwe	wątpliwe
watpliwosc	wątpliwość
watpliwosci	wątpliwości
watroba	wątroba
watrobe	wątrobę
watrobie	wątrobie
watroby	wątroby
wawozu	wąwozu
wazna	ważna
wazne	ważne
waznego	ważnego
waznej	ważnej
wazni	ważni
wazniak	ważniak
wazniaka	ważniaka
wazniaku	ważniaku
wazniejsza	ważniejsza
wazniejsze	ważniejsze
wazniejszego	ważniejszego
wazniejszy	ważniejszy
wazniejszych	ważniejszych
waznosc	ważność
waznosci	ważności
wazny	ważny
waznych	ważnych
waznym	ważnym
waznymi	ważnymi
wazy	waży
wazyc	ważyć
wazyl	ważył
wazysz	ważysz
wbic	wbić
wbiegl	wbiegł
wbil	wbił
wbila	wbiła
wchodz	wchodź
wchodza	wchodzą
wchodzac	wchodząc
wchodzcie	wchodźcie
wchodze	wchodzę
wchodzic	wchodzić
wchodzil	wchodził
wchodzila	wchodziła
wchodzilem	wchodziłem
wciaga	wciąga
wciagac	wciągać
wciagaj	wciągaj
wciagasz	wciągasz
wciagnac	wciągnąć
wciagnal	wciągnął
wciagnalem	wciągnąłem
wciagnales	wciągnąłeś
wciagnela	wciągnęła
wciagnelam	wciągnęłam
wciagnelo	wciągnęło
wciagnie	wciągnie
wciagniety	wciągnięty
wciagnij	wciągnij
wciaz	wciąż
wciskac	wciskać
wcisnac	wcisnąć
wcisnal	wcisnął
wcisne	wcisnę
wcisniesz	wciśniesz
wcisnij	wciśnij
wczesnie	wcześnie
wczesniej	wcześniej
wczesniejsza	wcześniejszą
wczesniejsze	wcześniejsze
wczesniejszego	wcześniejszego
wczesniejszej	wcześniejszej
wczesniejszy	wcześniejszy
wczesniejszych	wcześniejszych
wczesniejszym	wcześniejszym
wczuc	wczuć
wdal	wdał
wdala	wdała
wdawac	wdawać
wdow	wdów
wdowe	wdowę
wdzieczna	wdzięczna
wdzieczne	wdzięczne
wdzieczni	wdzięczni
wdziecznosc	wdzięczność
wdziecznosci	wdzięczności
wdzieczny	wdzięczny
wdziek	wdzięk
wdziekiem	wdziękiem
wdzieku	wdzięku
wech	węch
wedke	wędkę
wedlug	według
wedrowac	wędrować
wedrowka	wędrówka
wedrowke	wędrówkę
wedrowki	wędrówki
wedruja	wędrują
wedruje	wędruje
wegetarianka	wegetarianką
wegiel	węgiel
wegla	węgla
wehikul	wehikuł
wehikulu	wehikułu
wejda	wejdą
wejde	wejdę
wejdz	wejdź
wejdzcie	wejdźcie
wejdzmy	wejdźmy
wejsc	wejść
wejscia	wejścia
wejscie	wejście
wejsciem	wejściem
wejsciowe	wejściowe
wejsciowki	wejściówki
wejsciowych	wejściowych
wejsciu	wejściu
welny	wełny
wentylacje	wentylację
wepchnac	wepchnąć
wepchnal	wepchnął
wepchne	wepchnę
wersje	wersję
wesola	wesoła
wesole	wesołe
wesolego	wesołego
wesolej	wesołej
wesolo	wesoło
wesoly	wesoły
wesolych	wesołych
wesolym	wesołym
wesprzec	wesprzeć
weszla	weszła
weszlam	weszłam
weszlas	weszłaś
weszliscie	weszliście
weszlismy	weszliśmy
weszlo	weszło
weszly	weszły
weszy	węszy
weszyc	węszyć
weteranow	weteranów
wewnatrz	wewnątrz
wewnetrzne	wewnętrzne
wewnetrznego	wewnętrznego
wewnetrznej	wewnętrznej
wewnetrznie	wewnętrznie
wewnetrzny	wewnętrzny
wewnetrznych	wewnętrznych
wewnetrznym	wewnętrznym
wez	weź
weza	węża
wezami	wężami
wezcie	weźcie
weze	węże
wezel	węzeł
wezem	wężem
wezla	węzła
wezlem	węzłem
wezlow	węzłów
wezly	węzły
wezma	wezmą
wezme	wezmę
wezmie	weźmie
wezmiecie	weźmiecie
wezmiemy	weźmiemy
wezmiesz	weźmiesz
wezmy	weźmy
wezu	wężu
wezwa	wezwą
wezwac	wezwać
wezwal	wezwał
wezwala	wezwała
wezwalam	wezwałam
wezwalas	wezwałaś
wezwalem	wezwałem
wezwales	wezwałeś
wezwalismy	wezwaliśmy
wezwan	wezwań
wezwe	wezwę
wezy	węży
wglad	wgląd
wgladu	wglądu
wiac	wiać
wiadomosc	wiadomość
wiadomosci	wiadomości
wiadomoscia	wiadomością
wiadomosciach	wiadomościach
wiadomosciami	wiadomościami
wiare	wiarę
wiarygodnosc	wiarygodność
wiarygodnosci	wiarygodności
wiatrow	wiatrów
wiaza	wiążą
wiazac	wiązać
wiazania	wiązania
wiaze	wiąże
wiazka	wiązka
wiazke	wiązkę
wiazki	wiązki
widac	widać
widly	widły
widocznosc	widoczność
widokow	widoków
widownie	widownię
widywac	widywać
widywal	widywał
widywala	widywała
widywalam	widywałam
widywalem	widywałem
widywalismy	widywaliśmy
widza	widzą
widzac	widząc
widze	widzę
widzial	widział
widziala	widziała
widzialam	widziałam
widzialas	widziałaś
widzialem	widziałem
widziales	widziałeś
widzialo	widziało
widzialy	widziały
widzialyscie	widziałyście
widzialysmy	widziałyśmy
widziec	widzieć
widzieliscie	widzieliście
widzielismy	widzieliśmy
widzow	widzów
wiec	więc
wiecej	więcej
wiecznosc	wieczność
wiecznosci	wieczności
wieczor	wieczór
wieczorna	wieczorną
wieczorow	wieczorów
wiedza	wiedzą
wiedzac	wiedząc
wiedze	wiedzę
wiedzial	wiedział
wiedziala	wiedziała
wiedzialaby	wiedziałaby
wiedzialabym	wiedziałabym
wiedzialabys	wiedziałabyś
wiedzialam	wiedziałam
wiedzialas	wiedziałaś
wiedzialby	wiedziałby
wiedzialbym	wiedziałbym
wiedzialbys	wiedziałbyś
wiedzialem	wiedziałem
wiedziales	wiedziałeś
wiedzialo	wiedziało
wiedzialy	wiedziały
wiedzialysmy	wiedziałyśmy
wiedziec	wiedzieć
wiedzielibysmy	wiedzielibyśmy
wiedzieliscie	wiedzieliście
wiedzielismy	wiedzieliśmy
wiedzm	wiedźm
wiedzme	wiedźmę
wiedzmo	wiedźmo
wiedzmy	wiedźmy
wiekow	wieków
wieksi	więksi
wieksze	większe
wiekszego	większego
wiekszej	większej
wiekszosc	większość
wiekszosci	większości
wiekszoscia	większością
wiekszy	większy
wiekszych	większych
wiekszym	większym
wiekszymi	większymi
wielblad	wielbłąd
wielblada	wielbłąda
wielblady	wielbłądy
wielkosc	wielkość
wielkosci	wielkości
wielorybow	wielorybów
wieprzowine	wieprzowinę
wiercic	wiercić
wiernosc	wierność
wiernosci	wierności
wiertlo	wiertło
wierza	wierzą
wierzac	wierząc
wierzacy	wierzący
wierzcholek	wierzchołek
wierze	wierzę
wierzen	wierzeń
wierzyc	wierzyć
wierzyl	wierzył
wierzyla	wierzyła
wierzylam	wierzyłam
wierzylas	wierzyłaś
wierzylem	wierzyłem
wierzyles	wierzyłeś
wierzylismy	wierzyliśmy
wies	wieś
wiesc	wieść
wiesci	wieści
wiesciami	wieściami
wiesniacy	wieśniacy
wiesniak	wieśniak
wiesniakow	wieśniaków
wiesniaku	wieśniaku
wieszac	wieszać
wieszaja	wieszają
wiewiorek	wiewiórek
wiewiorka	wiewiórka
wiewiorke	wiewiórkę
wiewiorki	wiewiórki
wiez	więź
wieza	wieża
wiezi	więzi
wiezic	więzić
wiezien	więzień
wiezienia	więzienia
wiezieniach	więzieniach
wiezienie	więzienie
wiezieniem	więzieniem
wiezieniu	więzieniu
wiezienna	więzienna
wiezienne	więzienne
wieziennego	więziennego
wieziennej	więziennej
wieziennictwa	więziennictwa
wiezienny	więzienny
wieziennym	więziennym
wieznia	więźnia
wiezniami	więźniami
wiezniem	więźniem
wiezniow	więźniów
wiezniowie	więźniowie
wiezow	więzów
wiezy	wieży
wigilie	wigilię
wikingow	wikingów
wilgoc	wilgoć
wilgotnosc	wilgotność
wilkolak	wilkołak
wilkolaka	wilkołaka
wilkolaki	wilkołaki
wilkolakiem	wilkołakiem
wilkolakow	wilkołaków
wilkow	wilków
wille	willę
winde	windę
wine	winę
winic	winić
winil	winił
wiodl	wiódł
wioske	wioskę
wiosla	wiosła
wioslowac	wiosłować
wiosluj	wiosłuj
wiosne	wiosnę
wioza	wiozą
wioze	wiozę
wiozl	wiózł
wirusow	wirusów
wisial	wisiał
wisiala	wisiała
wisialo	wisiało
wisiec	wisieć
wisni	wiśni
wisnie	wiśnie
wisniowy	wiśniowy
wisza	wiszą
wisze	wiszę
witac	witać
witaja	witają
wize	wizę
wizyte	wizytę
wizytowka	wizytówka
wizytowke	wizytówkę
wizytowki	wizytówki
wjechac	wjechać
wjechal	wjechał
wjechala	wjechała
wjezdza	wjeżdża
wklad	wkład
wklada	wkłada
wkladac	wkładać
wkladaj	wkładaj
wkladaja	wkładają
wkladal	wkładał
wkladam	wkładam
wkladamy	wkładamy
wkladasz	wkładasz
wkladu	wkładu
wkolo	wkoło
wkoncu	wkońcu
wkrecic	wkręcić
wkroczyc	wkroczyć
wkroczyl	wkroczył
wkroczyla	wkroczyła
wkrotce	wkrótce
wkurzac	wkurzać
wkurzaja	wkurzają
wkurzajaca	wkurzająca
wkurzajace	wkurzające
wkurzajacy	wkurzający
wkurze	wkurzę
wkurzyc	wkurzyć
wkurzyl	wkurzył
wkurzyla	wkurzyła
wkurzylem	wkurzyłem
wkurzyles	wkurzyłeś
wkurzylo	wkurzyło
wla	wła
wlac	wlać
wlaciwie	właciwie
wlacz	włącz
wlacza	włącza
wlaczac	włączać
wlaczaj	włączaj
wlaczajac	włączając
wlaczam	włączam
wlaczasz	włączasz
wlaczcie	włączcie
wlacze	włączę
wlaczenie	włączenie
wlacznie	włącznie
wlacznik	włącznik
wlaczona	włączona
wlaczone	włączone
wlaczony	włączony
wlaczy	włączy
wlaczyc	włączyć
wlaczyl	włączył
wlaczyla	włączyła
wlaczylam	włączyłam
wlaczylem	włączyłem
wlaczyles	włączyłeś
wlaczyli	włączyli
wlaczymy	włączymy
wlaczysz	włączysz
wlada	włada
wladac	władać
wladce	władcę
wladco	władco
wladcow	władców
wladcy	władcy
wladz	władz
wladza	władza
wladzami	władzami
wladzo	władzo
wladzom	władzom
wladzy	władzy
wlam	włam
wlamac	włamać
wlamal	włamał
wlamala	włamała
wlamalas	włamałaś
wlamalem	włamałem
wlamales	włamałeś
wlamali	włamali
wlaman	włamań
wlamania	włamania
wlamanie	włamanie
wlamaniem	włamaniem
wlamaniu	włamaniu
wlamano	włamano
wlamiemy	włamiemy
wlamuje	włamuje
wlamywac	włamywać
wlamywacz	włamywacz
wlamywacza	włamywacza
wlamywaczem	włamywaczem
wlamywaczy	włamywaczy
wlasciciel	właściciel
wlasciciela	właściciela
wlascicielami	właścicielami
wlasciciele	właściciele
wlascicielem	właścicielem
wlascicieli	właścicieli
wlascicielowi	właścicielowi
wlasciwe	właściwe
wlasciwego	właściwego
wlasciwej	właściwej
wlasciwie	właściwie
wlasciwosci	właściwości
wlasciwy	właściwy
wlasciwych	właściwych
wlasciwym	właściwym
wlasna	własną
wlasne	własne
wlasnego	własnego
wlasnej	własnej
wlasnemu	własnemu
wlasnie	właśnie
wlasnorecznie	własnoręcznie
wlasnosc	własność
wlasnosci	własności
wlasnoscia	własnością
wlasny	własny
wlasnych	własnych
wlasnym	własnym
wlasnymi	własnymi
wlaz	właź
wlazcie	właźcie
wlazic	włazić
wlazl	wlazł
wlazu	włazu
wlecial	wleciał
wliczajac	wliczając
wloch	włoch
wlochaty	włochaty
wlochem	włochem
wlochow	włochów
wlochy	włochy
wloczega	włóczęga
wloczegow	włóczęgów
wloczni	włóczni
wlocznie	włócznię
wloczy	włóczy
wloczyc	włóczyć
wlokien	włókien
wlokna	włókna
wlokno	włókno
wlos	włos
wlosa	włosa
wlosach	włosach
wlosami	włosami
wlosi	włosi
wloski	włoski
wloskich	włoskich
wloskie	włoskie
wloskiego	włoskiego
wloskiej	włoskiej
wloskim	włoskim
wlosku	włosku
wlosow	włosów
wlosy	włosy
wloszech	włoszech
wloz	włóż
wlozcie	włóżcie
wloze	włożę
wlozy	włoży
wlozyc	włożyć
wlozyl	włożył
wlozyla	włożyła
wlozylam	włożyłam
wlozylas	włożyłaś
wlozylem	włożyłem
wlozyles	włożyłeś
wlozyli	włożyli
wlozylismy	włożyliśmy
wlozymy	włożymy
wlozysz	włożysz
wmawiac	wmawiać
wmieszac	wmieszać
wmieszal	wmieszał
wmowic	wmówić
wnetrz	wnętrz
wnetrza	wnętrza
wnetrze	wnętrze
wnetrznosci	wnętrzności
wnetrzu	wnętrzu
wniesc	wnieść
wniose	wniosę
wnioskow	wniosków
wnioskujac	wnioskując
wnioskuje	wnioskuję
wniosl	wniósł
wniosla	wniosła
wnosic	wnosić
wnosze	wnoszę
wnuczke	wnuczkę
wnukow	wnuków
wod	wód
wode	wodę
wodka	wódka
wodke	wódkę
wodki	wódki
wodor	wodór
wodz	wódz
wogole	wogóle
wojne	wojnę
wojowniczka	wojowniczką
wojownikow	wojowników
wokol	wokół
wokolo	wokoło
wol	wół
wolac	wołać
wolaj	wołaj
wolaja	wołają
wolala	wolała
wolalaby	wolałaby
wolalabym	wolałabym
wolalabys	wolałabyś
wolalam	wolałam
wolalby	wolałby
wolalbym	wolałbym
wolalbys	wolałbyś
wolalem	wolałem
wolales	wolałeś
wolali	wołali
wolam	wołam
wolanie	wołanie
wolasz	wołasz
wole	wolę
wolelibysmy	wolelibyśmy
wolnosc	wolność
wolnosci	wolności
wolnoscia	wolnością
wolontariuszka	wolontariuszką
wolowina	wołowina
wolowine	wołowinę
wolowiny	wołowiny
woltow	woltów
wonow	wonów
wor	wór
workow	worków
wowczas	wówczas
woz	wóz
wozek	wózek
wozic	wozić
wozil	woził
wozka	wózka
wozki	wózki
wozkiem	wózkiem
wozku	wózku
woznego	woźnego
wozny	woźny
woznym	woźnym
wozow	wozów
wpadac	wpadać
wpadaja	wpadają
wpadal	wpadał
wpadl	wpadł
wpadla	wpadła
wpadlam	wpadłam
wpadlas	wpadłaś
wpadlem	wpadłem
wpadles	wpadłeś
wpadliscie	wpadliście
wpadlismy	wpadliśmy
wpadlo	wpadło
wpadly	wpadły
wpadna	wpadną
wpadne	wpadnę
wpakowac	wpakować
wpakowal	wpakował
wpakowala	wpakowała
wpakowalem	wpakowałem
wpakowales	wpakowałeś
wpasc	wpaść
wpasowac	wpasować
wpedzic	wpędzić
wpisac	wpisać
wpisal	wpisał
wpisalem	wpisałem
wpisze	wpiszę
wplacic	wpłacić
wplacil	wpłacił
wplatac	wplątać
wplatal	wplątał
wplatales	wplątałeś
wplatany	wplątany
wplaty	wpłaty
wplyna	wpłyną
wplynac	wpłynąć
wplynal	wpłynął
wplynela	wpłynęła
wplynelo	wpłynęło
wplynely	wpłynęły
wplynie	wpłynie
wplyw	wpływ
wplywa	wpływa
wplywac	wpływać
wplywaja	wpływają
wplywem	wpływem
wplywow	wpływów
wplywowi	wpływowi
wplywowy	wpływowy
wplywowych	wpływowych
wplywowym	wpływowym
wplywu	wpływu
wplywy	wpływy
wpol	wpół
wporzadku	wporządku
wprowadz	wprowadź
wprowadzac	wprowadzać
wprowadzaja	wprowadzają
wprowadzcie	wprowadźcie
wprowadze	wprowadzę
wprowadzic	wprowadzić
wprowadzil	wprowadził
wprowadzila	wprowadziła
wprowadzilam	wprowadziłam
wprowadzilas	wprowadziłaś
wprowadzilem	wprowadziłem
wprowadziles	wprowadziłeś
wprowadzilismy	wprowadziliśmy
wpusc	wpuść
wpusccie	wpuśćcie
wpusci	wpuści
wpuscic	wpuścić
wpuscie	wpuście
wpuscil	wpuścił
wpuscila	wpuściła
wpuscilem	wpuściłem
wpusciles	wpuściłeś
wpuscili	wpuścili
wpuscimy	wpuścimy
wpuscisz	wpuścisz
wpuszczac	wpuszczać
wpuszczaja	wpuszczają
wpuszcze	wpuszczę
wracac	wracać
wracaja	wracają
wracajac	wracając
wracal	wracał
wracala	wracała
wracalam	wracałam
wracalem	wracałem
wracalismy	wracaliśmy
wrazen	wrażeń
wrazenia	wrażenia
wrazenie	wrażenie
wrazeniem	wrażeniem
wrazliwa	wrażliwa
wrazliwe	wrażliwe
wrazliwi	wrażliwi
wrazliwosc	wrażliwość
wrazliwosci	wrażliwości
wrazliwy	wrażliwy
wrazliwym	wrażliwym
wrecz	wręcz
wreczyc	wręczyć
wreczyl	wręczył
wrobel	wróbel
wrobic	wrobić
wrobil	wrobił
wrobila	wrobiła
wrobiles	wrobiłeś
wroble	wróble
wroc	wróć
wroca	wrócą
wroccie	wróćcie
wroce	wrócę
wroci	wróci
wrocic	wrócić
wrocicie	wrócicie
wrocil	wrócił
wrocila	wróciła
wrocilam	wróciłam
wrocilas	wróciłaś
wrocilbym	wróciłbym
wrocilem	wróciłem
wrociles	wróciłeś
wrocili	wrócili
wrociliscie	wróciliście
wrocilismy	wróciliśmy
wrocilo	wróciło
wrocily	wróciły
wrocimy	wrócimy
wrocisz	wrócisz
wrocmy	wróćmy
wrodzona	wrodzoną
wrog	wróg
wrogosc	wrogość
wrogosci	wrogości
wrogow	wrogów
wrot	wrót
wrozek	wróżek
wrozke	wróżkę
wrozki	wróżki
wrozy	wróży
wrzesien	wrzesień
wrzesnia	września
wrzesniu	wrześniu
wrzeszczal	wrzeszczał
wrzeszczec	wrzeszczeć
wrzod	wrzód
wrzuc	wrzuć
wrzucac	wrzucać
wrzucaja	wrzucają
wrzuccie	wrzućcie
wrzuce	wrzucę
wrzucic	wrzucić
wrzucil	wrzucił
wrzucila	wrzuciła
wrzucilam	wrzuciłam
wrzucilem	wrzuciłem
wrzuciles	wrzuciłeś
wsadz	wsadź
wsadzac	wsadzać
wsadzcie	wsadźcie
wsadze	wsadzę
wsadzic	wsadzić
wsadzil	wsadził
wsadzila	wsadziła
wsadzilam	wsadziłam
wsadzilem	wsadziłem
wsadziles	wsadziłeś
wschod	wschód
wscibska	wścibska
wscibski	wścibski
wscieka	wścieka
wsciekac	wściekać
wsciekaj	wściekaj
wsciekam	wściekam
wsciekasz	wściekasz
wsciekl	wściekł
wsciekla	wściekła
wsciekle	wściekłe
wscieklego	wściekłego
wsciekli	wściekli
wscieklizne	wściekliznę
wscieklosc	wściekłość
wscieklosci	wściekłości
wsciekly	wściekły
wscieklych	wściekłych
wscieklym	wściekłym
wscieknie	wścieknie
wsiadac	wsiadać
wsiade	wsiądę
wsiadl	wsiadł
wsiadla	wsiadła
wsiadlam	wsiadłam
wsiadlem	wsiadłem
wsiadz	wsiądź
wsiadzie	wsiądzie
wsiadziemy	wsiądziemy
wsiadziesz	wsiądziesz
wsiasc	wsiąść
wskaz	wskaż
wskazac	wskazać
wskazal	wskazał
wskazala	wskazała
wskaze	wskaże
wskaznik	wskaźnik
wskazniki	wskaźniki
wskazowek	wskazówek
wskazowka	wskazówka
wskazowkami	wskazówkami
wskazowke	wskazówkę
wskazowki	wskazówki
wskazuja	wskazują
wskazujace	wskazujące
wskazujacy	wskazujący
wskazywac	wskazywać
wskazywal	wskazywał
wskazywalo	wskazywało
wskocze	wskoczę
wskoczyc	wskoczyć
wskoczyl	wskoczył
wskoczyla	wskoczyła
wskoczylem	wskoczyłem
wskros	wskroś
wskrzesic	wskrzesić
wslizgnac	wślizgnąć
wsluchaj	wsłuchaj
wspaniala	wspaniała
wspanialego	wspaniałego
wspanialej	wspaniałej
wspanialomyslny	wspaniałomyślny
wspanialosci	wspaniałości
wspanialy	wspaniały
wspanialych	wspaniałych
wspanialym	wspaniałym
wspanialymi	wspaniałymi
wspiac	wspiąć
wspial	wspiął
wspierac	wspierać
wspieraja	wspierają
wspieral	wspierał
wspierala	wspierała
wspieralem	wspierałem
wspinac	wspinać
wspinaczke	wspinaczkę
wspinal	wspinał
wspolczesna	współczesna
wspolczesne	współczesne
wspolczesnego	współczesnego
wspolczesnej	współczesnej
wspolczesny	współczesny
wspolczesnych	współczesnych
wspolczuc	współczuć
wspolczucia	współczucia
wspolczucie	współczucie
wspolczuje	współczuję
wspolczynnik	współczynnik
wspollokator	współlokator
wspollokatora	współlokatora
wspollokatorami	współlokatorami
wspollokatorem	współlokatorem
wspollokatorka	współlokatorka
wspollokatorke	współlokatorkę
wspollokatorki	współlokatorki
wspollokatorow	współlokatorów
wspolne	wspólne
wspolnego	wspólnego
wspolnej	wspólnej
wspolnicy	wspólnicy
wspolnie	wspólnie
wspolnik	wspólnik
wspolnika	wspólnika
wspolnikami	wspólnikami
wspolnikiem	wspólnikiem
wspolnikow	wspólników
wspolniku	wspólniku
wspolnocie	wspólnocie
wspolnota	wspólnota
wspolnote	wspólnotę
wspolnoty	wspólnoty
wspolny	wspólny
wspolnych	wspólnych
wspolnym	wspólnym
wspolpraca	współpraca
wspolprace	współpracę
wspolpracowac	współpracować
wspolpracowal	współpracował
wspolpracowala	współpracowała
wspolpracowali	współpracowali
wspolpracownicy	współpracownicy
wspolpracownik	współpracownik
wspolpracownika	współpracownika
wspolpracownikami	współpracownikami
wspolpracownikiem	współpracownikiem
wspolpracownikow	współpracowników
wspolpracuj	współpracuj
wspolpracuja	współpracują
wspolpracuje	współpracuje
wspolpracujemy	współpracujemy
wspolpracujesz	współpracujesz
wspolpracy	współpracy
wspolrzedne	współrzędne
wspolrzednych	współrzędnych
wspoludzial	współudział
wspominac	wspominać
wspominaja	wspominają
wspominajac	wspominając
wspominal	wspominał
wspominala	wspominała
wspominalam	wspominałam
wspominalas	wspominałaś
wspominalem	wspominałem
wspominales	wspominałeś
wspomne	wspomnę
wspomnial	wspomniał
wspomniala	wspomniała
wspomnialam	wspomniałam
wspomnialas	wspomniałaś
wspomnialem	wspomniałem
wspomniales	wspomniałeś
wspomniec	wspomnieć
wspomnien	wspomnień
wspomoc	wspomóc
wsrod	wśród
wstac	wstać
wstaja	wstają
wstal	wstał
wstala	wstała
wstalam	wstałam
wstalas	wstałaś
wstalem	wstałem
wstales	wstałeś
wstan	wstań
wstancie	wstańcie
wstane	wstanę
wstapic	wstąpić
wstapie	wstąpię
wstapil	wstąpił
wstapilam	wstąpiłam
wstapilem	wstąpiłem
wstapiles	wstąpiłeś
wstapilo	wstąpiło
wstawac	wstawać
wstawic	wstawić
wstawie	wstawię
wstawil	wstawił
wstazke	wstążkę
wstazki	wstążki
wstep	wstęp
wstepne	wstępne
wstepnej	wstępnej
wstepnie	wstępnie
wstepny	wstępny
wstepnych	wstępnych
wstepu	wstępu
wstret	wstręt
wstretna	wstrętna
wstretne	wstrętne
wstretny	wstrętny
wstrzas	wstrząs
wstrzasajace	wstrząsające
wstrzasnac	wstrząsnąć
wstrzasnelo	wstrząsnęło
wstrzasnienie	wstrząśnienie
wstrzasnieta	wstrząśnięta
wstrzasniety	wstrząśnięty
wstrzasow	wstrząsów
wstrzasu	wstrząsu
wstrzasy	wstrząsy
wstrzyknac	wstrzyknąć
wstrzyknal	wstrzyknął
wstrzymac	wstrzymać
wstrzymal	wstrzymał
wstrzymywac	wstrzymywać
wstydz	wstydź
wstydzcie	wstydźcie
wstydze	wstydzę
wstydzic	wstydzić
wstydzil	wstydził
wstydzilam	wstydziłam
wstydzilem	wstydziłem
wsypal	wsypał
wszczac	wszcząć
wszechczasow	wszechczasów
wszechmogacego	wszechmogącego
wszechmogacy	wszechmogący
wszechswiat	wszechświat
wszechswiata	wszechświata
wszechswiatem	wszechświatem
wszechswiecie	wszechświecie
wszedl	wszedł
wszedlem	wszedłem
wszedles	wszedłeś
wszedzie	wszędzie
wszelka	wszelką
wtargnal	wtargnął
wtargniecie	wtargnięcie
wtopic	wtopić
wtraca	wtrąca
wtracac	wtrącać
wtracaj	wtrącaj
wtracal	wtrącał
wtracam	wtrącam
wtracasz	wtrącasz
wtracic	wtrącić
wtyczke	wtyczkę
wybaczac	wybaczać
wybacze	wybaczę
wybaczyc	wybaczyć
wybaczyl	wybaczył
wybaczyla	wybaczyła
wybaczylam	wybaczyłam
wybaczylem	wybaczyłem
wybadac	wybadać
wybawca	wybawcą
wybic	wybić
wybiegl	wybiegł
wybiegla	wybiegła
wybierac	wybierać
wybieraja	wybierają
wybierajac	wybierając
wybieral	wybierał
wybierala	wybierała
wybieralem	wybierałem
wybil	wybił
wybila	wybiła
wybiora	wybiorą
wybiore	wybiorę
wybor	wybór
wyborcow	wyborców
wyborow	wyborów
wybrac	wybrać
wybral	wybrał
wybrala	wybrała
wybralabym	wybrałabym
wybralam	wybrałam
wybralas	wybrałaś
wybralbym	wybrałbym
wybralem	wybrałem
wybrales	wybrałeś
wybraliscie	wybraliście
wybralismy	wybraliśmy
wybralo	wybrało
wybrancem	wybrańcem
wybrnac	wybrnąć
wybrzeza	wybrzeża
wybrzeze	wybrzeże
wybrzezu	wybrzeżu
wybrzezy	wybrzeży
wybuchaja	wybuchają
wybuchl	wybuchł
wybuchla	wybuchła
wybuchlo	wybuchło
wybuchly	wybuchły
wybuchna	wybuchną
wybuchnac	wybuchnąć
wybuchow	wybuchów
wybudowac	wybudować
wybudowal	wybudował
wyc	wyć
wycelowac	wycelować
wychodz	wychodź
wychodza	wychodzą
wychodzac	wychodząc
wychodzace	wychodzące
wychodzacego	wychodzącego
wychodzacych	wychodzących
wychodzcie	wychodźcie
wychodze	wychodzę
wychodzic	wychodzić
wychodzil	wychodził
wychodzila	wychodziła
wychodzilam	wychodziłam
wychodzilas	wychodziłaś
wychodzilem	wychodziłem
wychodziles	wychodziłeś
wychodzilismy	wychodziliśmy
wychodzilo	wychodziło
wychodzily	wychodziły
wychowac	wychować
wychowal	wychował
wychowala	wychowała
wychowalam	wychowałam
wychowalas	wychowałaś
wychowalem	wychowałem
wychowales	wychowałeś
wychowalismy	wychowaliśmy
wychowywac	wychowywać
wychowywal	wychowywał
wychowywala	wychowywała
wychowywalem	wychowywałem
wychylac	wychylać
wyciac	wyciąć
wyciag	wyciąg
wyciaga	wyciąga
wyciagac	wyciągać
wyciagaj	wyciągaj
wyciagaja	wyciągają
wyciagal	wyciągał
wyciagam	wyciągam
wyciagamy	wyciągamy
wyciaganie	wyciąganie
wyciagasz	wyciągasz
wyciagi	wyciągi
wyciagna	wyciągną
wyciagnac	wyciągnąć
wyciagnal	wyciągnął
wyciagnalem	wyciągnąłem
wyciagnales	wyciągnąłeś
wyciagne	wyciągnę
wyciagnela	wyciągnęła
wyciagnelam	wyciągnęłam
wyciagnelas	wyciągnęłaś
wyciagneli	wyciągnęli
wyciagnelismy	wyciągnęliśmy
wyciagnie	wyciągnie
wyciagniecia	wyciągnięcia
wyciagniecie	wyciągnięcie
wyciagniemy	wyciągniemy
wyciagniesz	wyciągniesz
wyciagnij	wyciągnij
wyciagnijcie	wyciągnijcie
wyciagnijmy	wyciągnijmy
wycial	wyciął
wyciecie	wycięcie
wycieczke	wycieczkę
wycieli	wycięli
wyciete	wycięte
wycisnac	wycisnąć
wyciszyc	wyciszyć
wycofac	wycofać
wycofaja	wycofają
wycofal	wycofał
wycofala	wycofała
wycofalem	wycofałem
wycofuja	wycofują
wycofywac	wycofywać
wyczerpujace	wyczerpujące
wyczuc	wyczuć
wyczul	wyczuł
wyczulam	wyczułam
wyczulem	wyczułem
wyczuwaja	wyczuwają
wyczysc	wyczyść
wyczyscic	wyczyścić
wyczyscil	wyczyścił
wyczyscilem	wyczyściłem
wyczyszcze	wyczyszczę
wyczytac	wyczytać
wydac	wydać
wydadza	wydadzą
wydaja	wydają
wydajac	wydając
wydajnosc	wydajność
wydajnosci	wydajności
wydal	wydał
wydala	wydała
wydalam	wydałam
wydalas	wydałaś
wydalem	wydałem
wydales	wydałeś
wydalismy	wydaliśmy
wydalo	wydało
wydarzen	wydarzeń
wydarzyc	wydarzyć
wydarzyl	wydarzył
wydarzyla	wydarzyła
wydarzylo	wydarzyło
wydarzyly	wydarzyły
wydatkow	wydatków
wydawac	wydawać
wydawal	wydawał
wydawala	wydawała
wydawalas	wydawałaś
wydawales	wydawałeś
wydawalo	wydawało
wydawaly	wydawały
wydobyc	wydobyć
wydostac	wydostać
wydostal	wydostał
wydostala	wydostała
wydostalem	wydostałem
wydostales	wydostałeś
wydostan	wydostań
wydostane	wydostanę
wydrukowac	wydrukować
wydus	wyduś
wydusic	wydusić
wydymac	wydymać
wydzial	wydział
wydzialem	wydziałem
wydzialowi	wydziałowi
wydzialu	wydziału
wydzwaniac	wydzwaniać
wyeliminowac	wyeliminować
wygadac	wygadać
wygadal	wygadał
wygasla	wygasła
wyglad	wygląd
wyglada	wygląda
wygladac	wyglądać
wygladacie	wyglądacie
wygladaj	wyglądaj
wygladaja	wyglądają
wygladajac	wyglądając
wygladajace	wyglądające
wygladajacy	wyglądający
wygladajacych	wyglądających
wygladal	wyglądał
wygladala	wyglądała
wygladalaby	wyglądałaby
wygladalam	wyglądałam
wygladalas	wyglądałaś
wygladalby	wyglądałby
wygladalem	wyglądałem
wygladales	wyglądałeś
wygladali	wyglądali
wygladalo	wyglądało
wygladaloby	wyglądałoby
wygladaly	wyglądały
wygladam	wyglądam
wygladamy	wyglądamy
wygladasz	wyglądasz
wygladem	wyglądem
wygladu	wyglądu
wygladzie	wyglądzie
wyglasza	wygłasza
wyglaszac	wygłaszać
wyglosi	wygłosi
wyglosic	wygłosić
wyglosil	wygłosił
wyglupiac	wygłupiać
wyglupiaj	wygłupiaj
wyglupiam	wygłupiam
wyglupow	wygłupów
wyglupy	wygłupy
wygnac	wygnać
wygnancow	wygnańców
wygode	wygodę
wygrac	wygrać
wygraja	wygrają
wygral	wygrał
wygrala	wygrała
wygralam	wygrałam
wygralas	wygrałaś
wygralem	wygrałem
wygrales	wygrałeś
wygraliscie	wygraliście
wygralismy	wygraliśmy
wygralo	wygrało
wygraly	wygrały
wygrywac	wygrywać
wygrywaja	wygrywają
wygrywal	wygrywał
wygrzebac	wygrzebać
wyhodowac	wyhodować
wyizolowac	wyizolować
wyjac	wyjąć
wyjada	wyjadą
wyjade	wyjadę
wyjal	wyjął
wyjalem	wyjąłem
wyjales	wyjąłeś
wyjasni	wyjaśni
wyjasnia	wyjaśnia
wyjasniac	wyjaśniać
wyjasnialo	wyjaśniało
wyjasnialoby	wyjaśniałoby
wyjasniam	wyjaśniam
wyjasnic	wyjaśnić
wyjasnie	wyjaśnię
wyjasnien	wyjaśnień
wyjasnienia	wyjaśnienia
wyjasnienie	wyjaśnienie
wyjasnij	wyjaśnij
wyjasnijmy	wyjaśnijmy
wyjasnil	wyjaśnił
wyjasnila	wyjaśniła
wyjasnilam	wyjaśniłam
wyjasnilem	wyjaśniłem
wyjasniles	wyjaśniłeś
wyjasnilismy	wyjaśniliśmy
wyjasnilo	wyjaśniło
wyjasnimy	wyjaśnimy
wyjasnione	wyjaśnione
wyjasnisz	wyjaśnisz
wyjatek	wyjątek
wyjatki	wyjątki
wyjatkiem	wyjątkiem
wyjatkow	wyjątków
wyjatkowa	wyjątkowa
wyjatkowe	wyjątkowe
wyjatkowego	wyjątkowego
wyjatkowej	wyjątkowej
wyjatkowi	wyjątkowi
wyjatkowo	wyjątkowo
wyjatkowy	wyjątkowy
wyjatkowych	wyjątkowych
wyjatkowym	wyjątkowym
wyjatku	wyjątku
wyjawic	wyjawić
wyjawie	wyjawię
wyjawil	wyjawił
wyjda	wyjdą
wyjde	wyjdę
wyjdz	wyjdź
wyjdzcie	wyjdźcie
wyjdzmy	wyjdźmy
wyjechac	wyjechać
wyjechal	wyjechał
wyjechala	wyjechała
wyjechalam	wyjechałam
wyjechalas	wyjechałaś
wyjechalem	wyjechałem
wyjechales	wyjechałeś
wyjechalismy	wyjechaliśmy
wyjedz	wyjedź
wyjedzmy	wyjedźmy
wyjelam	wyjęłam
wyjezdza	wyjeżdża
wyjezdzac	wyjeżdżać
wyjezdzacie	wyjeżdżacie
wyjezdzaj	wyjeżdżaj
wyjezdzaja	wyjeżdżają
wyjezdzal	wyjeżdżał
wyjezdzala	wyjeżdżała
wyjezdzalem	wyjeżdżałem
wyjezdzam	wyjeżdżam
wyjezdzamy	wyjeżdżamy
wyjezdzasz	wyjeżdżasz
wyjezdzie	wyjeździe
wyjme	wyjmę
wyjsc	wyjść
wyjscia	wyjścia
wyjscie	wyjście
wyjsciem	wyjściem
wyjsciu	wyjściu
wykancza	wykańcza
wykapac	wykąpać
wykarmic	wykarmić
wykazac	wykazać
wykazal	wykazał
wykazala	wykazała
wykazalo	wykazało
wykazaly	wykazały
wykaze	wykaże
wykazuja	wykazują
wykiwac	wykiwać
wykiwal	wykiwał
wyklad	wykład
wyklada	wykłada
wykladow	wykładów
wykladowca	wykładowcą
wykladu	wykładu
wyklady	wykłady
wykladzie	wykładzie
wykluczyc	wykluczyć
wykombinowac	wykombinować
wykonac	wykonać
wykonaja	wykonają
wykonal	wykonał
wykonala	wykonała
wykonalam	wykonałam
wykonalas	wykonałaś
wykonalem	wykonałem
wykonales	wykonałeś
wykonalismy	wykonaliśmy
wykoncz	wykończ
wykoncza	wykończą
wykoncze	wykończę
wykonczona	wykończona
wykonczony	wykończony
wykonczy	wykończy
wykonczyc	wykończyć
wykonczyl	wykończył
wykonczysz	wykończysz
wykonuja	wykonują
wykonujac	wykonując
wykonywac	wykonywać
wykonywal	wykonywał
wykonywala	wykonywała
wykonywalam	wykonywałam
wykonywalem	wykonywałem
wykopac	wykopać
wykopal	wykopał
wykopala	wykopała
wykopalem	wykopałem
wykopia	wykopią
wykorzystac	wykorzystać
wykorzystaja	wykorzystają
wykorzystal	wykorzystał
wykorzystala	wykorzystała
wykorzystalam	wykorzystałam
wykorzystalas	wykorzystałaś
wykorzystalem	wykorzystałem
wykorzystales	wykorzystałeś
wykorzystalismy	wykorzystaliśmy
wykorzystuja	wykorzystują
wykorzystujac	wykorzystując
wykorzystywac	wykorzystywać
wykorzystywal	wykorzystywał
wykradl	wykradł
wykrasc	wykraść
wykrecic	wykręcić
wykrecil	wykręcił
wykreslic	wykreślić
wykroczen	wykroczeń
wykrwawic	wykrwawić
wykrwawil	wykrwawił
wykrwawila	wykrwawiła
wykryc	wykryć
wykryja	wykryją
wykryl	wykrył
wykrylem	wykryłem
wykrylismy	wykryliśmy
wykryly	wykryły
wykrywaja	wykrywają
wykrztus	wykrztuś
wyksztalcenia	wykształcenia
wyksztalcenie	wykształcenie
wyksztalcona	wykształcona
wyksztalcony	wykształcony
wykupic	wykupić
wykupil	wykupił
wykurzyc	wykurzyć
wylac	wylać
wylacz	wyłącz
wylacza	wyłącza
wylaczac	wyłączać
wylaczaj	wyłączaj
wylaczajac	wyłączając
wylaczam	wyłączam
wylaczcie	wyłączcie
wylacze	wyłączę
wylaczenia	wyłączenia
wylaczenie	wyłączenie
wylacznie	wyłącznie
wylacznik	wyłącznik
wylacznosc	wyłączność
wylaczona	wyłączona
wylaczone	wyłączone
wylaczony	wyłączony
wylaczy	wyłączy
wylaczyc	wyłączyć
wylaczyl	wyłączył
wylaczyla	wyłączyła
wylaczylam	wyłączyłam
wylaczylem	wyłączyłem
wylaczyles	wyłączyłeś
wylaczyli	wyłączyli
wylaczymy	wyłączymy
wylaczysz	wyłączysz
wyladowac	wylądować
wyladowal	wylądował
wyladowala	wylądowała
wyladowalam	wylądowałam
wyladowalem	wylądowałem
wyladowales	wylądowałeś
wyladowali	wylądowali
wyladowalismy	wylądowaliśmy
wyladowalo	wylądowało
wyladowanie	wyładowanie
wyladowaniu	wylądowaniu
wyladuja	wylądują
wyladuje	wyląduje
wyladujemy	wylądujemy
wyladujesz	wylądujesz
wylal	wylał
wylala	wylała
wylalem	wylałem
wylania	wyłania
wylapac	wyłapać
wylaz	wyłaź
wylazcie	wyłaźcie
wylazic	wyłazić
wylecial	wyleciał
wyleciala	wyleciała
wylecialo	wyleciało
wyleciec	wylecieć
wylecze	wyleczę
wyleczyc	wyleczyć
wyleczyl	wyleczył
wyleja	wyleją
wylize	wyliże
wylom	wyłom
wyloze	wyłożę
wylozyc	wyłożyć
wyluzowac	wyluzować
wymagac	wymagać
wymagaja	wymagają
wymagajaca	wymagająca
wymagajace	wymagające
wymagajacy	wymagający
wymagal	wymagał
wymagala	wymagała
wymagalo	wymagało
wymagan	wymagań
wymawiac	wymawiać
wymazac	wymazać
wymiane	wymianę
wymiarow	wymiarów
wymien	wymień
wymieniac	wymieniać
wymieniaja	wymieniają
wymienic	wymienić
wymienie	wymienię
wymienil	wymienił
wymienilem	wymieniłem
wymienilismy	wymieniliśmy
wymierzyc	wymierzyć
wymigac	wymigać
wymiotowac	wymiotować
wymiotowal	wymiotował
wymknac	wymknąć
wymknal	wymknął
wymknela	wymknęła
wymknelo	wymknęło
wymknely	wymknęły
wymowek	wymówek
wymowic	wymówić
wymowka	wymówka
wymowke	wymówkę
wymowki	wymówki
wymusic	wymusić
wymykac	wymykać
wymysl	wymyśl
wymyslac	wymyślać
wymyslaja	wymyślają
wymyslam	wymyślam
wymyslasz	wymyślasz
wymysle	wymyślę
wymyslec	wymyśleć
wymysli	wymyśli
wymyslic	wymyślić
wymyslil	wymyślił
wymyslila	wymyśliła
wymyslilam	wymyśliłam
wymyslilas	wymyśliłaś
wymyslilem	wymyśliłem
wymysliles	wymyśliłeś
wymyslili	wymyślili
wymyslilismy	wymyśliliśmy
wymyslimy	wymyślimy
wymyslisz	wymyślisz
wymyslne	wymyślne
wymyslona	wymyślona
wymyslone	wymyślone
wymyslony	wymyślony
wynagrodze	wynagrodzę
wynagrodzic	wynagrodzić
wynajac	wynająć
wynajal	wynajął
wynajalem	wynająłem
wynajales	wynająłeś
wynajecia	wynajęcia
wynajecie	wynajęcie
wynajela	wynajęła
wynajelam	wynajęłam
wynajeli	wynajęli
wynajelismy	wynajęliśmy
wynajety	wynajęty
wynajme	wynajmę
wynajmowac	wynajmować
wynajmowal	wynajmował
wynalazkow	wynalazków
wynalazl	wynalazł
wynalazlem	wynalazłem
wynalezc	wynaleźć
wynalezli	wynaleźli
wynegocjowac	wynegocjować
wynies	wynieś
wyniesc	wynieść
wyniesli	wynieśli
wyniklo	wynikło
wynikow	wyników
wyniose	wyniosę
wyniosl	wyniósł
wyniosla	wyniosła
wynioslem	wyniosłem
wynos	wynoś
wynoscie	wynoście
wynosic	wynosić
wynosil	wynosił
wynosila	wynosiła
wynosmy	wynośmy
wynosza	wynoszą
wynosze	wynoszę
wyobraz	wyobraź
wyobraza	wyobraża
wyobrazac	wyobrażać
wyobrazacie	wyobrażacie
wyobrazal	wyobrażał
wyobrazalam	wyobrażałam
wyobrazalas	wyobrażałaś
wyobrazalem	wyobrażałem
wyobrazales	wyobrażałeś
wyobrazam	wyobrażam
wyobrazasz	wyobrażasz
wyobrazcie	wyobraźcie
wyobrazenia	wyobrażenia
wyobrazenie	wyobrażenie
wyobrazic	wyobrazić
wyobrazilem	wyobraziłem
wyobrazmy	wyobraźmy
wyobrazni	wyobraźni
wyobraznia	wyobraźnia
wyobraznie	wyobraźnię
wypadaja	wypadają
wypadkow	wypadków
wypadl	wypadł
wypadla	wypadła
wypadlem	wypadłem
wypadles	wypadłeś
wypadlo	wypadło
wypadly	wypadły
wypalic	wypalić
wypalil	wypalił
wypalila	wypaliła
wypalilo	wypaliło
wyparowal	wyparował
wypasc	wypaść
wypatrywac	wypatrywać
wypchac	wypchać
wypchnac	wypchnąć
wypedzic	wypędzić
wypelni	wypełni
wypelnia	wypełnia
wypelniac	wypełniać
wypelniaja	wypełniają
wypelnial	wypełniał
wypelniam	wypełniam
wypelniasz	wypełniasz
wypelnic	wypełnić
wypelnie	wypełnię
wypelnienia	wypełnienia
wypelnienie	wypełnienie
wypelnij	wypełnij
wypelnil	wypełnił
wypelnila	wypełniła
wypelnilem	wypełniłem
wypelniles	wypełniłeś
wypelnimy	wypełnimy
wypelniona	wypełniona
wypelnione	wypełnione
wypelniony	wypełniony
wypelnisz	wypełnisz
wypic	wypić
wypierdalac	wypierdalać
wypil	wypił
wypila	wypiła
wypilam	wypiłam
wypilas	wypiłaś
wypilem	wypiłem
wypiles	wypiłeś
wypilismy	wypiliśmy
wypisac	wypisać
wypisal	wypisał
wypisze	wypiszę
wyplacic	wypłacić
wyplakac	wypłakać
wyplat	wypłat
wyplata	wypłata
wyplatac	wyplątać
wyplate	wypłatę
wyplaty	wypłaty
wyplynac	wypłynąć
wyplynal	wypłynął
wyplynela	wypłynęła
wyplynelo	wypłynęło
wyplynie	wypłynie
wyplywa	wypływa
wyplywaja	wypływają
wyplywamy	wypływamy
wypoczac	wypocząć
wyposazenia	wyposażenia
wyposazenie	wyposażenie
wyposazone	wyposażone
wyposazony	wyposażony
wypowiadac	wypowiadać
wypowiedzial	wypowiedział
wypowiedziec	wypowiedzieć
wypozyczalni	wypożyczalni
wypozyczony	wypożyczony
wypozyczyc	wypożyczyć
wyprac	wyprać
wypracowac	wypracować
wyprawe	wyprawę
wyprawiaja	wyprawiają
wyprawic	wyprawić
wyprobowac	wypróbować
wyprobuj	wypróbuj
wyprobuje	wypróbuję
wyprodukowac	wyprodukować
wyprostowac	wyprostować
wyprowadz	wyprowadź
wyprowadzac	wyprowadzać
wyprowadzcie	wyprowadźcie
wyprowadze	wyprowadzę
wyprowadzic	wyprowadzić
wyprowadzil	wyprowadził
wyprowadzila	wyprowadziła
wyprowadzilem	wyprowadziłem
wyprzedaz	wyprzedaż
wyprzedazy	wyprzedaży
wyprzedzic	wyprzedzić
wyprzedzil	wyprzedził
wypusc	wypuść
wypusccie	wypuśćcie
wypusci	wypuści
wypuscic	wypuścić
wypuscicie	wypuścicie
wypuscie	wypuście
wypuscil	wypuścił
wypuscila	wypuściła
wypuscilem	wypuściłem
wypusciles	wypuściłeś
wypuscili	wypuścili
wypuscilismy	wypuściliśmy
wypuscimy	wypuścimy
wypuscisz	wypuścisz
wypuszczac	wypuszczać
wypuszczaja	wypuszczają
wypuszcze	wypuszczę
wypytywac	wypytywać
wypytywal	wypytywał
wyrastaja	wyrastają
wyraza	wyraża
wyrazac	wyrażać
wyrazaj	wyrażaj
wyrazaja	wyrażają
wyrazam	wyrażam
wyrazania	wyrażania
wyrazasz	wyrażasz
wyraze	wyrażę
wyrazenia	wyrażenia
wyrazenie	wyrażenie
wyrazic	wyrazić
wyrazil	wyraził
wyrazila	wyraziła
wyrazilam	wyraziłam
wyrazilem	wyraziłem
wyraziles	wyraziłeś
wyrazne	wyraźne
wyraznie	wyraźnie
wyrazniej	wyraźniej
wyrazny	wyraźny
wyrazow	wyrazów
wyrobic	wyrobić
wyrokow	wyroków
wyrosl	wyrósł
wyrosla	wyrosła
wyroslas	wyrosłaś
wyroslem	wyrosłem
wyrosles	wyrosłeś
wyroslo	wyrosło
wyrosly	wyrosły
wyrosna	wyrosną
wyrosnac	wyrosnąć
wyrosnie	wyrośnie
wyrownac	wyrównać
wyrownane	wyrównane
wyrownania	wyrównania
wyroznia	wyróżnia
wyrozniac	wyróżniać
wyroznienie	wyróżnienie
wyroznieniem	wyróżnieniem
wyrozumiala	wyrozumiała
wyrozumialosc	wyrozumiałość
wyrozumialy	wyrozumiały
wyruchac	wyruchać
wyrusze	wyruszę
wyruszyc	wyruszyć
wyruszyl	wyruszył
wyruszylismy	wyruszyliśmy
wyrwac	wyrwać
wyrwal	wyrwał
wyrwala	wyrwała
wyrwalem	wyrwałem
wyrwales	wyrwałeś
wyrwe	wyrwę
wyrywac	wyrywać
wyrzadzic	wyrządzić
wyrzadzil	wyrządził
wyrzadzone	wyrządzone
wyrzuc	wyrzuć
wyrzucac	wyrzucać
wyrzucaja	wyrzucają
wyrzuccie	wyrzućcie
wyrzuce	wyrzucę
wyrzucic	wyrzucić
wyrzucil	wyrzucił
wyrzucila	wyrzuciła
wyrzucilam	wyrzuciłam
wyrzucilas	wyrzuciłaś
wyrzucilem	wyrzuciłem
wyrzuciles	wyrzuciłeś
wyrzucilismy	wyrzuciliśmy
wyrzucilo	wyrzuciło
wyrzutkow	wyrzutków
wyrzutow	wyrzutów
wysadz	wysadź
wysadza	wysadzą
wysadzac	wysadzać
wysadze	wysadzę
wysadzic	wysadzić
wysadzil	wysadził
wysadziles	wysadziłeś
wyscie	wyście
wyscig	wyścig
wyscigach	wyścigach
wyscigi	wyścigi
wyscigiem	wyścigiem
wyscigow	wyścigów
wyscigowy	wyścigowy
wyscigowym	wyścigowym
wyscigu	wyścigu
wysiadac	wysiadać
wysiade	wysiądę
wysiadl	wysiadł
wysiadla	wysiadła
wysiadlem	wysiadłem
wysiadlo	wysiadło
wysiadly	wysiadły
wysiadz	wysiądź
wysiadzie	wysiądzie
wysiasc	wysiąść
wysikac	wysikać
wysilek	wysiłek
wysilki	wysiłki
wysilkow	wysiłków
wysilku	wysiłku
wyskakiwac	wyskakiwać
wyskocze	wyskoczę
wyskoczyc	wyskoczyć
wyskoczyl	wyskoczył
wyskoczyla	wyskoczyła
wyskoczylem	wyskoczyłem
wyskoczylo	wyskoczyło
wysla	wyślą
wyslac	wysłać
wyslal	wysłał
wyslala	wysłała
wyslalam	wysłałam
wyslalas	wysłałaś
wyslalem	wysłałem
wyslales	wysłałeś
wyslali	wysłali
wyslaliscie	wysłaliście
wyslalismy	wysłaliśmy
wyslalo	wysłało
wyslana	wysłana
wyslane	wysłane
wyslani	wysłani
wyslania	wysłania
wyslanie	wysłanie
wyslannik	wysłannik
wyslano	wysłano
wyslany	wysłany
wysle	wyślę
wysledzic	wyśledzić
wyslemy	wyślemy
wyslesz	wyślesz
wyslij	wyślij
wyslijcie	wyślijcie
wyslijmy	wyślijmy
wyslucha	wysłucha
wysluchac	wysłuchać
wysluchaj	wysłuchaj
wysluchajcie	wysłuchajcie
wysluchajmy	wysłuchajmy
wysluchal	wysłuchał
wysluchala	wysłuchała
wyslucham	wysłucham
wysluchamy	wysłuchamy
wysluchane	wysłuchane
wysluchanie	wysłuchanie
wysluchasz	wysłuchasz
wysluchiwac	wysłuchiwać
wysmienicie	wyśmienicie
wysmienita	wyśmienita
wysmienite	wyśmienite
wysmienity	wyśmienity
wysokosc	wysokość
wysokosci	wysokości
wysokoscia	wysokością
wyspac	wyspać
wyspe	wyspę
wyspij	wyśpij
wyspowiadac	wyspowiadać
wysrac	wysrać
wyssac	wyssać
wystap	wystąp
wystapi	wystąpi
wystapia	wystąpią
wystapic	wystąpić
wystapie	wystąpię
wystapienia	wystąpienia
wystapienie	wystąpienie
wystapil	wystąpił
wystapila	wystąpiła
wystapili	wystąpili
wystapily	wystąpiły
wystapisz	wystąpisz
wystarczajace	wystarczające
wystarczajacej	wystarczającej
wystarczajaco	wystarczająco
wystarczajacy	wystarczający
wystarczajacych	wystarczających
wystarczajacym	wystarczającym
wystarczalo	wystarczało
wystarczyc	wystarczyć
wystarczyl	wystarczył
wystarczyla	wystarczyła
wystarczylo	wystarczyło
wystarczyloby	wystarczyłoby
wystartowac	wystartować
wystartowal	wystartował
wystawe	wystawę
wystawiac	wystawiać
wystawiaja	wystawiają
wystawic	wystawić
wystawil	wystawił
wystawila	wystawiła
wystawilas	wystawiłaś
wystawilem	wystawiłem
wystawiles	wystawiłeś
wystep	występ
wystepem	występem
wystepie	występie
wystepki	występki
wystepow	występów
wystepowac	występować
wystepowal	występował
wystepu	występu
wystepuja	występują
wystepuje	występuje
wystepujesz	występujesz
wystepy	występy
wystraszyc	wystraszyć
wystraszyl	wystraszył
wystraszyla	wystraszyła
wystraszylam	wystraszyłam
wystraszylas	wystraszyłaś
wystraszylem	wystraszyłem
wystraszyles	wystraszyłeś
wystraszylo	wystraszyło
wystroj	wystrój
wystrzal	wystrzał
wystrzalu	wystrzału
wystrzelic	wystrzelić
wystrzelil	wystrzelił
wystrzelila	wystrzeliła
wysuszyc	wysuszyć
wyswiadcz	wyświadcz
wyswiadczam	wyświadczam
wyswiadczyc	wyświadczyć
wyswiadczyl	wyświadczył
wyswiadczysz	wyświadczysz
wysyla	wysyła
wysylac	wysyłać
wysylaj	wysyłaj
wysylaja	wysyłają
wysylajac	wysyłając
wysylal	wysyłał
wysylala	wysyłała
wysylalem	wysyłałem
wysylali	wysyłali
wysylam	wysyłam
wysylamy	wysyłamy
wysylane	wysyłane
wysylanie	wysyłanie
wysylasz	wysyłasz
wysypke	wysypkę
wyszedl	wyszedł
wyszedlem	wyszedłem
wyszedles	wyszedłeś
wyszkolic	wyszkolić
wyszla	wyszła
wyszlam	wyszłam
wyszlas	wyszłaś
wyszliscie	wyszliście
wyszlismy	wyszliśmy
wyszlo	wyszło
wyszloby	wyszłoby
wyszly	wyszły
wytlumacz	wytłumacz
wytlumacze	wytłumaczę
wytlumaczenia	wytłumaczenia
wytlumaczenie	wytłumaczenie
wytlumaczy	wytłumaczy
wytlumaczyc	wytłumaczyć
wytlumaczyl	wytłumaczył
wytlumaczysz	wytłumaczysz
wytne	wytnę
wytoczyc	wytoczyć
wytropic	wytropić
wytrwac	wytrwać
wytrwalosc	wytrwałość
wytrzasnales	wytrzasnąłeś
wytrzec	wytrzeć
wytrzymac	wytrzymać
wytrzymaja	wytrzymają
wytrzymal	wytrzymał
wytrzymala	wytrzymała
wytrzymalosc	wytrzymałość
wytrzymalosci	wytrzymałości
wytrzymaly	wytrzymały
wytwarzaja	wytwarzają
wytwor	wytwór
wytworni	wytwórni
wytwornia	wytwórnia
wytwornie	wytwórnię
wytworzyc	wytworzyć
wywabic	wywabić
wywala	wywalą
wywale	wywalę
wywalic	wywalić
wywalil	wywalił
wywazyc	wyważyć
wywiadow	wywiadów
wywiezc	wywieźć
wywinac	wywinąć
wywinal	wywinął
wywnioskowac	wywnioskować
wywola	wywoła
wywolac	wywołać
wywolaj	wywołaj
wywolal	wywołał
wywolala	wywołała
wywolalo	wywołało
wywolane	wywołane
wywolania	wywołania
wywolanie	wywołanie
wywolany	wywołany
wywoluja	wywołują
wywoluje	wywołuje
wywolywac	wywoływać
wywrzec	wywrzeć
wyzdrowial	wyzdrowiał
wyzdrowiala	wyzdrowiała
wyzdrowiec	wyzdrowieć
wyzej	wyżej
wyznac	wyznać
wyznaczyc	wyznaczyć
wyznaczyl	wyznaczył
wyznaje	wyznaję
wyznal	wyznał
wyznala	wyznała
wyznawcow	wyznawców
wyzsze	wyższe
wyzszego	wyższego
wyzszej	wyższej
wyzszosci	wyższości
wyzszy	wyższy
wyzszych	wyższych
wyzszym	wyższym
wyzwac	wyzwać
wyzwal	wyzwał
wyzwan	wyzwań
wyzwolic	wyzwolić
wyzyc	wyżyć
wyzyny	wyżyny
wyzywic	wyżywić
wyzywienie	wyżywienie
wzbogacic	wzbogacić
wzbudzac	wzbudzać
wzbudzic	wzbudzić
wzdluz	wzdłuż
wzglad	wzgląd
wzgledami	względami
wzgledem	względem
wzglednie	względnie
wzglednosci	względności
wzgledow	względów
wzgledu	względu
wzgledy	względy
wzgledzie	względzie
wzgorz	wzgórz
wzgorza	wzgórza
wzgorzach	wzgórzach
wzgorze	wzgórze
wzgorzem	wzgórzem
wzgorzu	wzgórzu
wziac	wziąć
wzial	wziął
wzialby	wziąłby
wzialbym	wziąłbym
wzialem	wziąłem
wziales	wziąłeś
wziasc	wziąść
wzieci	wzięci
wziecia	wzięcia
wziecie	wzięcie
wziela	wzięła
wzielabym	wzięłabym
wzielam	wzięłam
wzielas	wzięłaś
wzieli	wzięli
wzieliscie	wzięliście
wzielismy	wzięliśmy
wzielo	wzięło
wziely	wzięły
wziete	wzięte
wzieto	wzięto
wziety	wzięty
wzmocnic	wzmocnić
wzniecic	wzniecić
wznies	wznieś
wzniesc	wznieść
wzniesmy	wznieśmy
wznosze	wznoszę
wznowic	wznowić
wzor	wzór
wzorow	wzorów
wzroscie	wzroście
wzrosl	wzrósł
wzrosla	wzrosła
wzroslo	wzrosło
wzrosly	wzrosły
wzrosnie	wzrośnie
wzruszajaca	wzruszająca
wzruszajace	wzruszające
wzwod	wzwód
wzywac	wzywać
wzywaja	wzywają
wzywal	wzywał
wzywala	wzywała
wzywalas	wzywałaś
wzywalem	wzywałem
wzywales	wzywałeś
zaakceptowac	zaakceptować
zaakceptowal	zaakceptował
zaakceptowala	zaakceptowała
zaakceptowalem	zaakceptowałem
zaakceptuja	zaakceptują
zaangazowac	zaangażować
zaangazowal	zaangażował
zaangazowana	zaangażowana
zaangazowane	zaangażowane
zaangazowani	zaangażowani
zaangazowania	zaangażowania
zaangazowanie	zaangażowanie
zaangazowaniem	zaangażowaniem
zaangazowany	zaangażowany
zaaranzowac	zaaranżować
zaaranzowal	zaaranżował
zaatakowac	zaatakować
zaatakowal	zaatakował
zaatakowala	zaatakowała
zaatakowales	zaatakowałeś
zaatakowalo	zaatakowało
zaatakowaly	zaatakowały
zaatakuja	zaatakują
zab	ząb
zaba	żaba
zabawe	zabawę
zabawiac	zabawiać
zabawial	zabawiał
zabawic	zabawić
zabawke	zabawkę
zabe	żabę
zabezpieczen	zabezpieczeń
zabezpieczyc	zabezpieczyć
zabezpieczylismy	zabezpieczyliśmy
zabic	zabić
zabiegow	zabiegów
zabierac	zabierać
zabieraja	zabierają
zabierajac	zabierając
zabieral	zabierał
zabierala	zabierała
zabieralem	zabierałem
zabijac	zabijać
zabijaja	zabijają
zabijajac	zabijając
zabijal	zabijał
zabijala	zabijała
zabijalem	zabijałem
zabijales	zabijałeś
zabil	zabił
zabila	zabiła
zabilaby	zabiłaby
zabilabym	zabiłabym
zabilam	zabiłam
zabilas	zabiłaś
zabilby	zabiłby
zabilbym	zabiłbym
zabilbys	zabiłbyś
zabilem	zabiłem
zabiles	zabiłeś
zabiliscie	zabiliście
zabilismy	zabiliśmy
zabilo	zabiło
zabiloby	zabiłoby
zabily	zabiły
zabiora	zabiorą
zabiore	zabiorę
zabki	ząbki
zablokowac	zablokować
zablokowal	zablokował
zablokowala	zablokowała
zabojca	zabójca
zabojcami	zabójcami
zabojce	zabójcę
zabojcow	zabójców
zabojcy	zabójcy
zabojcza	zabójcza
zabojcze	zabójcze
zabojczo	zabójczo
zabojczy	zabójczy
zabojczych	zabójczych
zabojczyni	zabójczyni
zabojczynia	zabójczynią
zabojstw	zabójstw
zabojstwa	zabójstwa
zabojstwach	zabójstwach
zabojstwami	zabójstwami
zabojstwem	zabójstwem
zabojstwie	zabójstwie
zabojstwo	zabójstwo
zabolalo	zabolało
zabolec	zaboleć
zabrac	zabrać
zabraklo	zabrakło
zabral	zabrał
zabrala	zabrała
zabralam	zabrałam
zabralas	zabrałaś
zabralbym	zabrałbym
zabralem	zabrałem
zabrales	zabrałeś
zabraliscie	zabraliście
zabralismy	zabraliśmy
zabralo	zabrało
zabraly	zabrały
zabronic	zabronić
zabronil	zabronił
zabronila	zabroniła
zabronilem	zabroniłem
zabrzmialo	zabrzmiało
zabrzmiec	zabrzmieć
zaburzen	zaburzeń
zaby	żaby
zachcialo	zachciało
zacheca	zachęca
zachecac	zachęcać
zachecajaco	zachęcająco
zachecam	zachęcam
zachecic	zachęcić
zachety	zachęty
zachod	zachód
zachodza	zachodzą
zachodzacego	zachodzącego
zachorowac	zachorować
zachorowal	zachorował
zachorowala	zachorowała
zachowac	zachować
zachowal	zachował
zachowala	zachowała
zachowalam	zachowałam
zachowalas	zachowałaś
zachowalem	zachowałem
zachowales	zachowałeś
zachowan	zachowań
zachowuja	zachowują
zachowujac	zachowując
zachowywac	zachowywać
zachowywal	zachowywał
zachowywala	zachowywała
zachowywalam	zachowywałam
zachowywalem	zachowywałem
zachowywales	zachowywałeś
zachwycajace	zachwycające
zaciagnac	zaciągnąć
zaciagnal	zaciągnął
zaciagnalem	zaciągnąłem
zaciagnales	zaciągnąłeś
zaciagne	zaciągnę
zaciagnij	zaciągnij
zacial	zaciął
zaciela	zacięła
zacielo	zacięło
zaciely	zacięły
zacisnac	zacisnąć
zacisnij	zaciśnij
zacmienia	zaćmienia
zacmienie	zaćmienie
zacytowac	zacytować
zaczac	zacząć
zaczal	zaczął
zaczalbym	zacząłbym
zaczalem	zacząłem
zaczales	zacząłeś
zaczekac	zaczekać
zaczekal	zaczekał
zaczekala	zaczekała
zaczela	zaczęła
zaczelam	zaczęłam
zaczelas	zaczęłaś
zaczeli	zaczęli
zaczeliscie	zaczęliście
zaczelismy	zaczęliśmy
zaczelo	zaczęło
zaczely	zaczęły
zaczelysmy	zaczęłyśmy
zaczepil	zaczepił
zaczerpnac	zaczerpnąć
zaczeto	zaczęto
zaczna	zaczną
zaczne	zacznę
zaczynac	zaczynać
zaczynaja	zaczynają
zaczynajac	zaczynając
zaczynal	zaczynał
zaczynala	zaczynała
zaczynalam	zaczynałam
zaczynalem	zaczynałem
zaczynalismy	zaczynaliśmy
zaczynalo	zaczynało
zaczynaly	zaczynały
zadac	zadać
zadajac	zadając
zadal	zadał
zadala	zadała
zadalam	zadałam
zadalem	zadałem
zadales	zadałeś
zadamy	żądamy
zadarles	zadarłeś
zadawac	zadawać
zadawal	zadawał
zadawala	zadawała
zadawalem	zadawałem
zadbac	zadbać
zadbal	zadbał
zadbalem	zadbałem
zadecydowac	zadecydować
zadecydowal	zadecydował
zademonstrowac	zademonstrować
zademonstruje	zademonstruję
zaden	żaden
zadna	żadna
zadne	żadne
zadnego	żadnego
zadnej	żadnej
zadnemu	żadnemu
zadni	żadni
zadny	żądny
zadnych	żadnych
zadnym	żadnym
zadnymi	żadnymi
zadosc	zadość
zadoscuczynic	zadośćuczynić
zadoscuczynienie	zadośćuczynienie
zadowolic	zadowolić
zadrapan	zadrapań
zadreczac	zadręczać
zadreczaj	zadręczaj
zadrzec	zadrzeć
zadza	żądza
zadzgal	zadźgał
zadziala	zadziała
zadzialac	zadziałać
zadzialaja	zadziałają
zadzialal	zadziałał
zadzialala	zadziałała
zadzialalo	zadziałało
zadzialaly	zadziałały
zadzierac	zadzierać
zadziwiajace	zadziwiające
zadziwiajaco	zadziwiająco
zadziwiajacy	zadziwiający
zadzwon	zadzwoń
zadzwoncie	zadzwońcie
zadzwonia	zadzwonią
zadzwonic	zadzwonić
zadzwonie	zadzwonię
zadzwonil	zadzwonił
zadzwonila	zadzwoniła
zadzwonilam	zadzwoniłam
zadzwonilas	zadzwoniłaś
zadzwonilem	zadzwoniłem
zadzwoniles	zadzwoniłeś
zadzwonilismy	zadzwoniliśmy
zadzwonmy	zadzwońmy
zadzy	żądzy
zagadac	zagadać
zagadke	zagadkę
zagiel	żagiel
zaginal	zaginął
zaginela	zaginęła
zagineli	zaginęli
zaginelo	zaginęło
zaginely	zaginęły
zaginiecia	zaginięcia
zaginiecie	zaginięcie
zaginieciem	zaginięciem
zaginieciu	zaginięciu
zagladac	zaglądać
zagladal	zaglądał
zaglade	zagładę
zaglady	zagłady
zagladzie	zagładzie
zagle	żagle
zaglebiac	zagłębiać
zaglosowac	zagłosować
zaglosuja	zagłosują
zaglosujemy	zagłosujemy
zagluszyc	zagłuszyć
zagrac	zagrać
zagraja	zagrają
zagral	zagrał
zagrala	zagrała
zagralem	zagrałem
zagrales	zagrałeś
zagraza	zagraża
zagrazaja	zagrażają
zagrozen	zagrożeń
zagrozeni	zagrożeni
zagrozenia	zagrożenia
zagrozenie	zagrożenie
zagrozeniem	zagrożeniem
zagrozeniu	zagrożeniu
zagrozic	zagrozić
zagrozil	zagroził
zagrozila	zagroziła
zagrozona	zagrożona
zagrozone	zagrożone
zagrozony	zagrożony
zagrozonych	zagrożonych
zagwarantowac	zagwarantować
zahamowan	zahamowań
zaimponowac	zaimponować
zaimponowales	zaimponowałeś
zainspirowal	zainspirował
zainspirowala	zainspirowała
zainspirowalo	zainspirowało
zainstalowac	zainstalować
zainstalowal	zainstalował
zainteresowac	zainteresować
zainteresowal	zainteresował
zainteresowala	zainteresowała
zainteresowalo	zainteresowało
zainteresowan	zainteresowań
zainwestowac	zainwestować
zainwestowal	zainwestował
zainwestowalem	zainwestowałem
zaiskrzylo	zaiskrzyło
zaistniec	zaistnieć
zajac	zająć
zajal	zajął
zajalem	zająłem
zajales	zająłeś
zajde	zajdę
zajebie	zajebię
zajebiscie	zajebiście
zajec	zajęć
zajeci	zajęci
zajecia	zajęcia
zajeciach	zajęciach
zajeciami	zajęciami
zajecie	zajęcie
zajeciem	zajęciem
zajela	zajęła
zajelam	zajęłam
zajelas	zajęłaś
zajeli	zajęli
zajelismy	zajęliśmy
zajelo	zajęło
zajeloby	zajęłoby
zajely	zajęły
zajeta	zajęta
zajete	zajęte
zajeto	zajęto
zajety	zajęty
zajetym	zajętym
zajezdzie	zajeździe
zajma	zajmą
zajme	zajmę
zajmowac	zajmować
zajmowal	zajmował
zajmowala	zajmowała
zajmowalam	zajmowałam
zajmowalas	zajmowałaś
zajmowalem	zajmowałem
zajmowales	zajmowałeś
zajmuja	zajmują
zajmujac	zajmując
zajmujacy	zajmujący
zajrzal	zajrzał
zajrzalam	zajrzałam
zajrzalem	zajrzałem
zajrze	zajrzę
zajrzec	zajrzeć
zajsc	zajść
zajscia	zajścia
zajscie	zajście
zajsciu	zajściu
zakatek	zakątek
zakatku	zakątku
zakazac	zakazać
zakazal	zakazał
zakazenia	zakażenia
zakazenie	zakażenie
zakaznych	zakaźnych
zakiet	żakiet
zaklad	zakład
zaklada	zakłada
zakladac	zakładać
zakladach	zakładach
zakladaj	zakładaj
zakladaja	zakładają
zakladajac	zakładając
zakladal	zakładał
zakladalam	zakładałam
zakladalem	zakładałem
zakladalismy	zakładaliśmy
zakladam	zakładam
zakladamy	zakładamy
zakladasz	zakładasz
zakladnicy	zakładnicy
zakladnik	zakładnik
zakladnika	zakładnika
zakladnikami	zakładnikami
zakladnikiem	zakładnikiem
zakladnikow	zakładników
zakladow	zakładów
zakladu	zakładu
zaklady	zakłady
zakladzie	zakładzie
zaklec	zaklęć
zaklecia	zaklęcia
zaklecie	zaklęcie
zakleciem	zaklęciem
zaklepuje	zaklepuję
zakloca	zakłóca
zaklocac	zakłócać
zaklocanie	zakłócanie
zaklocen	zakłóceń
zaklocenia	zakłócenia
zaklocenie	zakłócenie
zaklocic	zakłócić
zaklopotana	zakłopotana
zaklopotanie	zakłopotanie
zaklopotany	zakłopotany
zakochac	zakochać
zakochal	zakochał
zakochala	zakochała
zakochalam	zakochałam
zakochalas	zakochałaś
zakochalem	zakochałem
zakochales	zakochałeś
zakochalismy	zakochaliśmy
zakochuja	zakochują
zakoncz	zakończ
zakoncza	zakończą
zakoncze	zakończę
zakonczenia	zakończenia
zakonczenie	zakończenie
zakonczeniem	zakończeniem
zakonczeniu	zakończeniu
zakonczmy	zakończmy
zakonczona	zakończona
zakonczone	zakończone
zakonczony	zakończony
zakonczy	zakończy
zakonczyc	zakończyć
zakonczyl	zakończył
zakonczyla	zakończyła
zakonczylem	zakończyłem
zakonczyli	zakończyli
zakonczylismy	zakończyliśmy
zakonczylo	zakończyło
zakonczyly	zakończyły
zakonczymy	zakończymy
zakonczysz	zakończysz
zakopac	zakopać
zakopal	zakopał
zakopalem	zakopałem
zakrasc	zakraść
zakrec	zakręć
zakrecic	zakręcić
zakrecie	zakręcie
zakrecilo	zakręciło
zakrecona	zakręcona
zakrecone	zakręcone
zakrecony	zakręcony
zakret	zakręt
zakretem	zakrętem
zakretu	zakrętu
zakrety	zakręty
zakryc	zakryć
zakuc	zakuć
zakupic	zakupić
zakupow	zakupów
zal	żal
zalac	zalać
zaladowac	załadować
zaladowane	załadowane
zaladowany	załadowany
zaladuj	załaduj
zaladunku	załadunku
zalagodzic	załagodzić
zalamac	załamać
zalamal	załamał
zalamala	załamała
zalamana	załamana
zalamania	załamania
zalamanie	załamanie
zalamany	załamany
zalamie	załamie
zalamuje	załamuje
zalapac	załapać
zalapal	załapał
zalapalam	załapałam
zalapalas	załapałaś
zalapalem	załapałem
zalapales	załapałeś
zalapiesz	załapiesz
zalatw	załatw
zalatwcie	załatwcie
zalatwi	załatwi
zalatwia	załatwia
zalatwiac	załatwiać
zalatwiaja	załatwiają
zalatwial	załatwiał
zalatwiam	załatwiam
zalatwiamy	załatwiamy
zalatwiasz	załatwiasz
zalatwic	załatwić
zalatwicie	załatwicie
zalatwie	załatwię
zalatwienia	załatwienia
zalatwienie	załatwienie
zalatwil	załatwił
zalatwila	załatwiła
zalatwilam	załatwiłam
zalatwilas	załatwiłaś
zalatwilem	załatwiłem
zalatwiles	załatwiłeś
zalatwili	załatwili
zalatwilismy	załatwiliśmy
zalatwimy	załatwimy
zalatwiona	załatwiona
zalatwione	załatwione
zalatwiony	załatwiony
zalatwisz	załatwisz
zalatwmy	załatwmy
zalecen	zaleceń
zalecil	zalecił
zalegle	zaległe
zaleglosci	zaległości
zalem	żalem
zaleza	zależą
zalezalo	zależało
zalezec	zależeć
zalezna	zależna
zalezne	zależne
zaleznie	zależnie
zaleznosci	zależności
zalezny	zależny
zalezy	zależy
zalicze	zaliczę
zaliczke	zaliczkę
zaliczyc	zaliczyć
zaliczyl	zaliczył
zaliczylem	zaliczyłem
zaliczyles	zaliczyłeś
zaloba	żałoba
zalobe	żałobę
zalobie	żałobie
zaloby	żałoby
zalodze	załodze
zaloga	załoga
zaloge	załogę
zalogi	załogi
zalosna	żałosna
zalosne	żałosne
zalosnego	żałosnego
zalosnej	żałosnej
zalosni	żałośni
zalosnie	żałośnie
zalosny	żałosny
zalosnych	żałosnych
zalosnym	żałosnym
zalowac	żałować
zalowal	żałował
zalowala	żałowała
zalowalem	żałowałem
zaloz	załóż
zalozcie	załóżcie
zaloze	założę
zalozenia	założenia
zalozenie	założenie
zalozeniem	założeniem
zalozeniu	założeniu
zalozmy	załóżmy
zalozona	założona
zalozone	założone
zalozony	założony
zalozonymi	założonymi
zalozy	założy
zalozyc	założyć
zalozyciel	założyciel
zalozyciela	założyciela
zalozyciele	założyciele
zalozycielem	założycielem
zalozycieli	założycieli
zalozyl	założył
zalozyla	założyła
zalozylam	założyłam
zalozylas	założyłaś
zalozylem	założyłem
zalozyles	założyłeś
zalozyli	założyli
zalozylismy	założyliśmy
zalozymy	założymy
zalozysz	założysz
zalu	żalu
zaluj	żałuj
zaluje	żałuję
zalujemy	żałujemy
zalujesz	żałujesz
zaluzje	żaluzje
zamachow	zamachów
zamartwiac	zamartwiać
zamarzl	zamarzł
zamarznac	zamarznąć
zamarzniete	zamarznięte
zamaskowac	zamaskować
zamawiac	zamawiać
zamawial	zamawiał
zamawialam	zamawiałam
zamawialem	zamawiałem
zameldowac	zameldować
zameldowal	zameldował
zamet	zamęt
zamezna	zamężna
zamiane	zamianę
zamiarow	zamiarów
zamiec	zamieć
zamien	zamień
zamieniac	zamieniać
zamieniaja	zamieniają
zamienic	zamienić
zamienie	zamienię
zamienil	zamienił
zamienila	zamieniła
zamienilam	zamieniłam
zamienilas	zamieniłaś
zamienilem	zamieniłem
zamieniles	zamieniłeś
zamienilismy	zamieniliśmy
zamienilo	zamieniło
zamienily	zamieniły
zamienmy	zamieńmy
zamierzaja	zamierzają
zamierzal	zamierzał
zamierzala	zamierzała
zamierzalam	zamierzałam
zamierzalas	zamierzałaś
zamierzalem	zamierzałem
zamierzales	zamierzałeś
zamierzalismy	zamierzaliśmy
zamieszkac	zamieszkać
zamieszkal	zamieszkał
zamieszkala	zamieszkała
zamilowanie	zamiłowanie
zamkna	zamkną
zamknac	zamknąć
zamknal	zamknął
zamknalem	zamknąłem
zamknales	zamknąłeś
zamkne	zamknę
zamknela	zamknęła
zamknelam	zamknęłam
zamknelas	zamknęłaś
zamkneli	zamknęli
zamkneliscie	zamknęliście
zamknelismy	zamknęliśmy
zamknelo	zamknęło
zamknely	zamknęły
zamknieci	zamknięci
zamkniecia	zamknięcia
zamkniecie	zamknięcie
zamknieciem	zamknięciem
zamknieciu	zamknięciu
zamknieta	zamknięta
zamkniete	zamknięte
zamknietego	zamkniętego
zamknietej	zamkniętej
zamknieto	zamknięto
zamkniety	zamknięty
zamknietych	zamkniętych
zamknietym	zamkniętym
zamknietymi	zamkniętymi
zamkow	zamków
zamoczyc	zamoczyć
zamontowac	zamontować
zamordowac	zamordować
zamordowal	zamordował
zamordowala	zamordowała
zamordowalem	zamordowałem
zamordowales	zamordowałeś
zamorduje	zamorduję
zamow	zamów
zamowic	zamówić
zamowie	zamówię
zamowien	zamówień
zamowienia	zamówienia
zamowienie	zamówienie
zamowil	zamówił
zamowila	zamówiła
zamowilam	zamówiłam
zamowilas	zamówiłaś
zamowilem	zamówiłem
zamowiles	zamówiłeś
zamowili	zamówili
zamowilismy	zamówiliśmy
zamowimy	zamówimy
zamowisz	zamówisz
zamowmy	zamówmy
zamrazarce	zamrażarce
zamrazarki	zamrażarki
zamrozic	zamrozić
zamrozone	zamrożone
zamrozony	zamrożony
zamykac	zamykać
zamykaja	zamykają
zamykajac	zamykając
zamykal	zamykał
zamysl	zamysł
zanieczyszczen	zanieczyszczeń
zanies	zanieś
zaniesc	zanieść
zaniescie	zanieście
zaniose	zaniosę
zaniosl	zaniósł
zanotowac	zanotować
zanudzac	zanudzać
zanurzyc	zanurzyć
zaoferowac	zaoferować
zaoferowal	zaoferował
zaoferowala	zaoferowała
zaoferowalem	zaoferowałem
zaoferowales	zaoferowałeś
zaopiekowac	zaopiekować
zaopiekowal	zaopiekował
zaoszczedze	zaoszczędzę
zaoszczedzi	zaoszczędzi
zaoszczedzic	zaoszczędzić
zaoszczedzimy	zaoszczędzimy
zaoszczedzisz	zaoszczędzisz
zapachow	zapachów
zapadl	zapadł
zapadla	zapadła
zapakowac	zapakować
zapale	zapalę
zapalek	zapałek
zapalem	zapałem
zapalic	zapalić
zapalil	zapalił
zapalila	zapaliła
zapalke	zapałkę
zapalki	zapałki
zapalniczke	zapalniczkę
zapalu	zapału
zapamieta	zapamięta
zapamietac	zapamiętać
zapamietaj	zapamiętaj
zapamietaja	zapamiętają
zapamietajcie	zapamiętajcie
zapamietal	zapamiętał
zapamietala	zapamiętała
zapamietalam	zapamiętałam
zapamietalas	zapamiętałaś
zapamietalem	zapamiętałem
zapamietales	zapamiętałeś
zapamietam	zapamiętam
zapamietania	zapamiętania
zapamietany	zapamiętany
zapamietasz	zapamiętasz
zapanowac	zapanować
zapanowal	zapanował
zaparkowac	zaparkować
zaparkowal	zaparkował
zaparkowalem	zaparkowałem
zaparkowales	zaparkowałeś
zaparze	zaparzę
zaparzyc	zaparzyć
zapasc	zapaść
zapasow	zapasów
zapasowa	zapasową
zapelnic	zapełnić
zapewniaja	zapewniają
zapewnial	zapewniał
zapewnic	zapewnić
zapewnie	zapewnię
zapewnil	zapewnił
zapewnila	zapewniła
zapewnilem	zapewniłem
zapiac	zapiąć
zapieczetowane	zapieczętowane
zapiekanke	zapiekankę
zapierdole	zapierdolę
zapisac	zapisać
zapisal	zapisał
zapisala	zapisała
zapisalam	zapisałam
zapisalas	zapisałaś
zapisalem	zapisałem
zapisales	zapisałeś
zapisow	zapisów
zapisywac	zapisywać
zaplac	zapłać
zaplaca	zapłacą
zaplace	zapłacę
zaplacenia	zapłacenia
zaplaci	zapłaci
zaplacic	zapłacić
zaplacicie	zapłacicie
zaplacil	zapłacił
zaplacila	zapłaciła
zaplacilam	zapłaciłam
zaplacilas	zapłaciłaś
zaplacilem	zapłaciłem
zaplaciles	zapłaciłeś
zaplacili	zapłacili
zaplacilismy	zapłaciliśmy
zaplacimy	zapłacimy
zaplacisz	zapłacisz
zaplacone	zapłacone
zaplacono	zapłacono
zaplanowac	zaplanować
zaplanowal	zaplanował
zaplanowala	zaplanowała
zaplanowalam	zaplanowałam
zaplanowalas	zaplanowałaś
zaplanowalem	zaplanowałem
zaplanowales	zaplanowałeś
zaplanowalismy	zaplanowaliśmy
zaplata	zapłata
zaplate	zapłatę
zaplaty	zapłaty
zaplodnil	zapłodnił
zaplon	zapłon
zaplonu	zapłonu
zapobiegac	zapobiegać
zapoczatkowal	zapoczątkował
zapolowac	zapolować
zapominac	zapominać
zapominaja	zapominają
zapominajac	zapominając
zapomna	zapomną
zapomne	zapomnę
zapomnial	zapomniał
zapomniala	zapomniała
zapomnialam	zapomniałam
zapomnialas	zapomniałaś
zapomnialbym	zapomniałbym
zapomnialem	zapomniałem
zapomniales	zapomniałeś
zapomniec	zapomnieć
zapomnieliscie	zapomnieliście
zapomnielismy	zapomnieliśmy
zapore	zaporę
zapowiedz	zapowiedź
zapoznac	zapoznać
zapracowac	zapracować
zapraszac	zapraszać
zapraszaja	zapraszają
zapraszal	zapraszał
zapraszalem	zapraszałem
zaprawde	zaprawdę
zaprezentowac	zaprezentować
zaprogramowac	zaprogramować
zaprojektowac	zaprojektować
zaprojektowal	zaprojektował
zaprojektowalem	zaprojektowałem
zaproponowac	zaproponować
zaproponowal	zaproponował
zaproponowala	zaproponowała
zaproponowalam	zaproponowałam
zaproponowalem	zaproponowałem
zaproponowales	zaproponowałeś
zapros	zaproś
zaprosic	zaprosić
zaprosil	zaprosił
zaprosila	zaprosiła
zaprosilam	zaprosiłam
zaprosilas	zaprosiłaś
zaprosilem	zaprosiłem
zaprosiles	zaprosiłeś
zaprosilismy	zaprosiliśmy
zaprosze	zaproszę
zaproszen	zaproszeń
zaprotestowac	zaprotestować
zaprowadz	zaprowadź
zaprowadza	zaprowadzą
zaprowadzcie	zaprowadźcie
zaprowadze	zaprowadzę
zaprowadzic	zaprowadzić
zaprowadzil	zaprowadził
zaprowadzila	zaprowadziła
zaprowadzilo	zaprowadziło
zaprzeczac	zaprzeczać
zaprzeczaja	zaprzeczają
zaprzecze	zaprzeczę
zaprzeczyc	zaprzeczyć
zaprzeczyl	zaprzeczył
zaprzepascic	zaprzepaścić
zaprzestac	zaprzestać
zaprzyjaznic	zaprzyjaźnić
zapukac	zapukać
zapukal	zapukał
zapuscic	zapuścić
zapytac	zapytać
zapytaja	zapytają
zapytal	zapytał
zapytala	zapytała
zapytalam	zapytałam
zapytalas	zapytałaś
zapytalem	zapytałem
zapytales	zapytałeś
zar	żar
zarabiac	zarabiać
zarabiaja	zarabiają
zarabial	zarabiał
zarabiscie	zarąbiście
zarabiste	zarąbiste
zaradzic	zaradzić
zaraze	zarazę
zarazeni	zarażeni
zarazic	zarazić
zarazil	zaraził
zarazila	zaraziła
zarazkow	zarazków
zarazliwa	zaraźliwa
zarazliwe	zaraźliwe
zarazona	zarażona
zarazony	zarażony
zarazonych	zarażonych
zarcia	żarcia
zarcie	żarcie
zarciem	żarciem
zarcik	żarcik
zardzewialy	zardzewiały
zareagowac	zareagować
zareagowal	zareagował
zareagowala	zareagowała
zareagowalem	zareagowałem
zareaguja	zareagują
zareczeni	zaręczeni
zareczona	zaręczona
zareczony	zaręczony
zareczylismy	zaręczyliśmy
zareczyn	zaręczyn
zareczynach	zaręczynach
zareczynowe	zaręczynowe
zareczynowy	zaręczynowy
zareczyny	zaręczyny
zarejestrowac	zarejestrować
zarejestrowal	zarejestrował
zarezerwowac	zarezerwować
zarezerwowal	zarezerwował
zarezerwowalam	zarezerwowałam
zarezerwowalem	zarezerwowałem
zarobic	zarobić
zarobie	zarobię
zarobil	zarobił
zarobila	zarobiła
zarobilam	zarobiłam
zarobilem	zarobiłem
zarobiles	zarobiłeś
zarobilismy	zarobiliśmy
zarobkow	zarobków
zarowka	żarówka
zarowke	żarówkę
zarowki	żarówki
zarowno	zarówno
zarozumialy	zarozumiały
zart	żart
zartach	żartach
zartami	żartami
zartem	żartem
zartow	żartów
zartowac	żartować
zartowal	żartował
zartowala	żartowała
zartowalam	żartowałam
zartowalem	żartowałem
zartowales	żartowałeś
zartowalismy	żartowaliśmy
zartownis	żartowniś
zartu	żartu
zartuj	żartuj
zartuja	żartują
zartuje	żartuję
zartujecie	żartujecie
zartujemy	żartujemy
zartujesz	żartujesz
zarty	żarty
zaryzykowac	zaryzykować
zaryzykowal	zaryzykował
zaryzykuje	zaryzykuję
zarzad	zarząd
zarzadcy	zarządcy
zarzadem	zarządem
zarzadu	zarządu
zarzadza	zarządza
zarzadzac	zarządzać
zarzadzal	zarządzał
zarzadzam	zarządzam
zarzadzania	zarządzania
zarzadzanie	zarządzanie
zarzadzaniu	zarządzaniu
zarzadzenie	zarządzenie
zarzadzie	zarządzie
zarzadzil	zarządził
zarzucic	zarzucić
zarzutow	zarzutów
zas	zaś
zasade	zasadę
zasadzke	zasadzkę
zasiasc	zasiąść
zasieg	zasięg
zasiegiem	zasięgiem
zasiegnac	zasięgnąć
zasiegu	zasięgu
zasilek	zasiłek
zasilic	zasilić
zasilku	zasiłku
zaskakiwac	zaskakiwać
zaskakujace	zaskakujące
zaskakujaco	zaskakująco
zaskakujacy	zaskakujący
zaskocze	zaskoczę
zaskoczyc	zaskoczyć
zaskoczyl	zaskoczył
zaskoczyla	zaskoczyła
zaskoczylas	zaskoczyłaś
zaskoczyles	zaskoczyłeś
zaskoczylo	zaskoczyło
zaslania	zasłania
zaslaniasz	zasłaniasz
zaslepiony	zaślepiony
zaslone	zasłonę
zaslonic	zasłonić
zasloniete	zasłonięte
zaslony	zasłony
zaslug	zasług
zasluga	zasługa
zaslugi	zasługi
zaslugiwal	zasługiwał
zaslugiwala	zasługiwała
zasluguja	zasługują
zasluguje	zasługuje
zaslugujecie	zasługujecie
zaslugujemy	zasługujemy
zaslugujesz	zasługujesz
zasluzyc	zasłużyć
zasluzyl	zasłużył
zasluzyla	zasłużyła
zasluzylam	zasłużyłam
zasluzylas	zasłużyłaś
zasluzylem	zasłużyłem
zasluzyles	zasłużyłeś
zasluzyli	zasłużyli
zasluzyliscie	zasłużyliście
zasluzylismy	zasłużyliśmy
zasnac	zasnąć
zasnal	zasnął
zasnalem	zasnąłem
zasnales	zasnąłeś
zasne	zasnę
zasnela	zasnęła
zasnelam	zasnęłam
zasnie	zaśnie
zasniesz	zaśniesz
zasnij	zaśnij
zasobow	zasobów
zaspalem	zaspałem
zaspiewa	zaśpiewa
zaspiewac	zaśpiewać
zaspiewaj	zaśpiewaj
zaspiewajmy	zaśpiewajmy
zaspiewal	zaśpiewał
zaspiewala	zaśpiewała
zaspiewam	zaśpiewam
zaspiewamy	zaśpiewamy
zaspiewasz	zaśpiewasz
zaspokoic	zaspokoić
zasrancu	zasrańcu
zastac	zastać
zastal	zastał
zastalam	zastałam
zastalem	zastałem
zastalismy	zastaliśmy
zastanawiac	zastanawiać
zastanawiaja	zastanawiają
zastanawiajac	zastanawiając
zastanawial	zastanawiał
zastanawiala	zastanawiała
zastanawialam	zastanawiałam
zastanawialas	zastanawiałaś
zastanawialem	zastanawiałem
zastanawiales	zastanawiałeś
zastanawialismy	zastanawialiśmy
zastane	zastanę
zastanow	zastanów
zastanowcie	zastanówcie
zastanowic	zastanowić
zastanowie	zastanowię
zastanowmy	zastanówmy
zastap	zastąp
zastapi	zastąpi
zastapic	zastąpić
zastapie	zastąpię
zastapil	zastąpił
zastapila	zastąpiła
zastapiony	zastąpiony
zastapisz	zastąpisz
zastawic	zastawić
zastawil	zastawił
zastepce	zastępcę
zastepco	zastępco
zastepcow	zastępców
zastepcy	zastępcy
zastepcze	zastępcze
zastepczej	zastępczej
zastepczy	zastępczy
zastepczych	zastępczych
zastepstwa	zastępstwa
zastepstwie	zastępstwie
zastepstwo	zastępstwo
zastosowac	zastosować
zastraszyc	zastraszyć
zastrzela	zastrzelą
zastrzele	zastrzelę
zastrzelic	zastrzelić
zastrzelil	zastrzelił
zastrzelila	zastrzeliła
zastrzelilam	zastrzeliłam
zastrzelilas	zastrzeliłaś
zastrzelilem	zastrzeliłem
zastrzeliles	zastrzeliłeś
zastrzezen	zastrzeżeń
zastrzezenia	zastrzeżenia
zastrzezone	zastrzeżone
zastrzezony	zastrzeżony
zastrzykow	zastrzyków
zasugerowac	zasugerować
zasugerowal	zasugerował
zasugerowala	zasugerowała
zasugerowalem	zasugerowałem
zaswiadczenie	zaświadczenie
zaswiatach	zaświatach
zaswiatow	zaświatów
zaswiaty	zaświaty
zaszalec	zaszaleć
zaszedl	zaszedł
zaszedlem	zaszedłem
zaszedles	zaszedłeś
zaszkodzic	zaszkodzić
zaszkodzilo	zaszkodziło
zaszkodziloby	zaszkodziłoby
zaszla	zaszła
zaszlam	zaszłam
zaszlas	zaszłaś
zaszlismy	zaszliśmy
zaszlo	zaszło
zaszly	zaszły
zaszyc	zaszyć
zaszyl	zaszył
zataic	zataić
zatamowac	zatamować
zatancz	zatańcz
zatancze	zatańczę
zatanczmy	zatańczmy
zatanczy	zatańczy
zatanczyc	zatańczyć
zatanczymy	zatańczymy
zatanczysz	zatańczysz
zatankowac	zatankować
zatkac	zatkać
zatkalo	zatkało
zatluke	zatłukę
zatoke	zatokę
zatonal	zatonął
zatopic	zatopić
zatracic	zatracić
zatroszczyc	zatroszczyć
zatruc	zatruć
zatrudniac	zatrudniać
zatrudniaja	zatrudniają
zatrudnic	zatrudnić
zatrudnie	zatrudnię
zatrudnil	zatrudnił
zatrudnila	zatrudniła
zatrudnilam	zatrudniłam
zatrudnilas	zatrudniłaś
zatrudnilem	zatrudniłem
zatrudniles	zatrudniłeś
zatrudnilismy	zatrudniliśmy
zatrul	zatruł
zatrzec	zatrzeć
zatrzymac	zatrzymać
zatrzymaja	zatrzymają
zatrzymal	zatrzymał
zatrzymala	zatrzymała
zatrzymalam	zatrzymałam
zatrzymalas	zatrzymałaś
zatrzymalem	zatrzymałem
zatrzymales	zatrzymałeś
zatrzymaliscie	zatrzymaliście
zatrzymalismy	zatrzymaliśmy
zatrzymalo	zatrzymało
zatrzymaly	zatrzymały
zatrzyman	zatrzymań
zatrzymuja	zatrzymują
zatrzymujac	zatrzymując
zatrzymywac	zatrzymywać
zatrzymywal	zatrzymywał
zatuszowac	zatuszować
zatwierdzic	zatwierdzić
zatwierdzil	zatwierdził
zaufac	zaufać
zaufal	zaufał
zaufala	zaufała
zaufalam	zaufałam
zaufalem	zaufałem
zaufales	zaufałeś
zaulek	zaułek
zaulku	zaułku
zauwaz	zauważ
zauwazac	zauważać
zauwazaja	zauważają
zauwazam	zauważam
zauwazasz	zauważasz
zauwaze	zauważę
zauwazono	zauważono
zauwazony	zauważony
zauwazy	zauważy
zauwazyc	zauważyć
zauwazycie	zauważycie
zauwazyl	zauważył
zauwazyla	zauważyła
zauwazylam	zauważyłam
zauwazylas	zauważyłaś
zauwazylem	zauważyłem
zauwazyles	zauważyłeś
zauwazyli	zauważyli
zauwazyliscie	zauważyliście
zauwazylismy	zauważyliśmy
zauwazysz	zauważysz
zawal	zawał
zawalic	zawalić
zawalil	zawalił
zawalila	zawaliła
zawalilam	zawaliłam
zawalilem	zawaliłem
zawaliles	zawaliłeś
zawalu	zawału
zawarl	zawarł
zawarlem	zawarłem
zawarles	zawarłeś
zawarlismy	zawarliśmy
zawartosc	zawartość
zawartosci	zawartości
zawartoscia	zawartością
zawdziecza	zawdzięcza
zawdzieczam	zawdzięczam
zawdzieczamy	zawdzięczamy
zawdzieczasz	zawdzięczasz
zaweza	zawęża
zawezic	zawęzić
zawiadomic	zawiadomić
zawiadomie	zawiadomię
zawiadomil	zawiadomił
zawiaz	zawiąż
zawiazac	zawiązać
zawiedlismy	zawiedliśmy
zawiedz	zawiedź
zawierac	zawierać
zawieraja	zawierają
zawierajacy	zawierający
zawieral	zawierał
zawierala	zawierała
zawiesc	zawieść
zawiesic	zawiesić
zawiesil	zawiesił
zawiez	zawieź
zawiezc	zawieźć
zawinil	zawinił
zawioda	zawiodą
zawiode	zawiodę
zawiodl	zawiódł
zawiodla	zawiodła
zawiodlam	zawiodłam
zawiodlas	zawiodłaś
zawiodlem	zawiodłem
zawiodles	zawiodłeś
zawiodlo	zawiodło
zawiodly	zawiodły
zawioze	zawiozę
zawiozl	zawiózł
zawiozlem	zawiozłem
zawisnac	zawisnąć
zawisnie	zawiśnie
zawladnac	zawładnąć
zawod	zawód
zawodnikow	zawodników
zawodow	zawodów
zawodowcow	zawodowców
zawodza	zawodzą
zawola	zawoła
zawolac	zawołać
zawolaj	zawołaj
zawolajcie	zawołajcie
zawolal	zawołał
zawolam	zawołam
zawolanie	zawołanie
zawolasz	zawołasz
zawor	zawór
zawracac	zawracać
zawracaja	zawracają
zawroc	zawróć
zawrocic	zawrócić
zawrocil	zawrócił
zawrzec	zawrzeć
zawstydzajace	zawstydzające
zawstydzic	zawstydzić
zazada	zażąda
zazadac	zażądać
zazadal	zażądał
zazalenie	zażalenie
zazdrosc	zazdrość
zazdrosci	zazdrości
zazdroscic	zazdrościć
zazdroscisz	zazdrościsz
zazdrosni	zazdrośni
zazdroszcze	zazdroszczę
zazenowana	zażenowana
zazenowany	zażenowany
zaznac	zaznać
zaznaczyc	zaznaczyć
zazyc	zażyć
zazywa	zażywa
zazywac	zażywać
zbadac	zbadać
zbadal	zbadał
zbadalam	zbadałam
zbadalem	zbadałem
zbadalismy	zbadaliśmy
zbawca	zbawcą
zbedna	zbędna
zbedne	zbędne
zbednego	zbędnego
zbedny	zbędny
zbednych	zbędnych
zbic	zbić
zbiegl	zbiegł
zbiegly	zbiegły
zbiegow	zbiegów
zbierac	zbierać
zbieraja	zbierają
zbierajac	zbierając
zbieral	zbierał
zbierala	zbierała
zbieralem	zbierałem
zbieralismy	zbieraliśmy
zbil	zbił
zbior	zbiór
zbiora	zbiorą
zbiorce	zbiórce
zbiore	zbiorę
zbiorka	zbiórka
zbiorke	zbiórkę
zbiorki	zbiórki
zbiornikow	zbiorników
zbiorow	zbiorów
zbirow	zbirów
zbliz	zbliż
zbliza	zbliża
zblizac	zbliżać
zblizaj	zbliżaj
zblizaja	zbliżają
zblizajcie	zbliżajcie
zblizal	zbliżał
zblizala	zbliżała
zblizam	zbliżam
zblizamy	zbliżamy
zblizania	zbliżania
zblizasz	zbliżasz
zblizcie	zbliżcie
zblize	zbliżę
zblizenia	zbliżenia
zblizenie	zbliżenie
zblizy	zbliży
zblizyc	zbliżyć
zblizyl	zbliżył
zblizyla	zbliżyła
zblizylem	zbliżyłem
zblizylismy	zbliżyliśmy
zblizymy	zbliżymy
zblizysz	zbliżysz
zboczenca	zboczeńca
zboczencem	zboczeńcem
zboczencow	zboczeńców
zboczencu	zboczeńcu
zboczency	zboczeńcy
zboza	zboża
zboze	zboże
zbroje	zbroję
zbudowac	zbudować
zbudowal	zbudował
zbudowala	zbudowała
zbudowalem	zbudowałem
zbudowales	zbudowałeś
zbudowalismy	zbudowaliśmy
zbudz	zbudź
zbudzic	zbudzić
zburzyc	zburzyć
zdac	zdać
zdadza	zdadzą
zdaja	zdają
zdajac	zdając
zdal	zdał
zdalam	zdałam
zdalas	zdałaś
zdalem	zdałem
zdales	zdałeś
zdalismy	zdaliśmy
zdalo	zdało
zdan	zdań
zdarzaja	zdarzają
zdarzalo	zdarzało
zdarzaly	zdarzały
zdarzen	zdarzeń
zdarzyc	zdarzyć
zdarzyl	zdarzył
zdarzyla	zdarzyła
zdarzylo	zdarzyło
zdarzyly	zdarzyły
zdawac	zdawać
zdawal	zdawał
zdawala	zdawała
zdawalam	zdawałam
zdawalem	zdawałem
zdawalo	zdawało
zdaza	zdążą
zdaze	zdążę
zdazy	zdąży
zdazyc	zdążyć
zdazyl	zdążył
zdazyla	zdążyła
zdazylam	zdążyłam
zdazylas	zdążyłaś
zdazylem	zdążyłem
zdazyles	zdążyłeś
zdazyli	zdążyli
zdazylismy	zdążyliśmy
zdazymy	zdążymy
zdazysz	zdążysz
zdechl	zdechł
zdechla	zdechła
zdechly	zdechły
zdechnac	zdechnąć
zdecydowac	zdecydować
zdecydowal	zdecydował
zdecydowala	zdecydowała
zdecydowalam	zdecydowałam
zdecydowalas	zdecydowałaś
zdecydowalem	zdecydowałem
zdecydowales	zdecydowałeś
zdecydowaliscie	zdecydowaliście
zdecydowalismy	zdecydowaliśmy
zdecyduja	zdecydują
zdefiniowac	zdefiniować
zdejma	zdejmą
zdejme	zdejmę
zdejmowac	zdejmować
zdemaskowac	zdemaskować
zdenerwowac	zdenerwować
zdenerwowal	zdenerwował
zdenerwowala	zdenerwowała
zdenerwowalam	zdenerwowałam
zdenerwowalem	zdenerwowałem
zdenerwowales	zdenerwowałeś
zdenerwowalo	zdenerwowało
zdetonowac	zdetonować
zdjac	zdjąć
zdjal	zdjął
zdjalem	zdjąłem
zdjales	zdjąłeś
zdjec	zdjęć
zdjecia	zdjęcia
zdjeciach	zdjęciach
zdjeciami	zdjęciami
zdjecie	zdjęcie
zdjeciem	zdjęciem
zdjeciowa	zdjęciową
zdjeciu	zdjęciu
zdjela	zdjęła
zdjelam	zdjęłam
zdjeli	zdjęli
zdjelismy	zdjęliśmy
zdjety	zdjęty
zdobadz	zdobądź
zdobadzcie	zdobądźcie
zdobadzmy	zdobądźmy
zdobeda	zdobędą
zdobede	zdobędę
zdobedzie	zdobędzie
zdobedziecie	zdobędziecie
zdobedziemy	zdobędziemy
zdobedziesz	zdobędziesz
zdobyc	zdobyć
zdobycza	zdobyczą
zdobyl	zdobył
zdobyla	zdobyła
zdobylam	zdobyłam
zdobylas	zdobyłaś
zdobylem	zdobyłem
zdobyles	zdobyłeś
zdobylismy	zdobyliśmy
zdobywac	zdobywać
zdobywaja	zdobywają
zdola	zdoła
zdolacie	zdołacie
zdolaja	zdołają
zdolal	zdołał
zdolala	zdołała
zdolalem	zdołałem
zdolales	zdołałeś
zdolali	zdołali
zdolalismy	zdołaliśmy
zdolam	zdołam
zdolamy	zdołamy
zdolasz	zdołasz
zdolnosc	zdolność
zdolnosci	zdolności
zdolnoscia	zdolnością
zdolnosciach	zdolnościach
zdolnosciami	zdolnościami
zdolowany	zdołowany
zdrade	zdradę
zdradz	zdradź
zdradzac	zdradzać
zdradzaja	zdradzają
zdradzal	zdradzał
zdradzala	zdradzała
zdradze	zdradzę
zdradzic	zdradzić
zdradzil	zdradził
zdradzila	zdradziła
zdradzilam	zdradziłam
zdradzilas	zdradziłaś
zdradzilem	zdradziłem
zdradziles	zdradziłeś
zdrajce	zdrajcę
zdrajcow	zdrajców
zdrow	zdrów
zdrowas	zdrowaś
zdrowko	zdrówko
zdrzemnac	zdrzemnąć
zdrzemne	zdrzemnę
zdumiewajaca	zdumiewająca
zdumiewajace	zdumiewające
zdumiewajacy	zdumiewający
zdusic	zdusić
zdyskredytowac	zdyskredytować
zdzialac	zdziałać
zdzialasz	zdziałasz
zdzire	zdzirę
zdziwil	zdziwił
zdziwilabys	zdziwiłabyś
zdziwilbym	zdziwiłbym
zdziwilbys	zdziwiłbyś
zdziwilo	zdziwiło
zeba	zęba
zebach	zębach
zebami	zębami
zeber	żeber
zeberka	żeberka
zebow	zębów
zebra	żebra
zebrac	zebrać
zebrak	żebrak
zebrakow	żebraków
zebral	zebrał
zebrala	zebrała
zebralam	zebrałam
zebralem	zebrałem
zebrales	zebrałeś
zebralismy	zebraliśmy
zebralo	zebrało
zebro	żebro
zeby	żeby
zebym	żebym
zebys	żebyś
zebyscie	żebyście
zebysmy	żebyśmy
zechca	zechcą
zechcial	zechciał
zechciala	zechciała
zechcialaby	zechciałaby
zechcialabys	zechciałabyś
zechcialby	zechciałby
zechcialbys	zechciałbyś
zedrzec	zedrzeć
zegarkow	zegarków
zeglarz	żeglarz
zeglarzem	żeglarzem
zeglowac	żeglować
zegna	żegna
zegnac	żegnać
zegnaj	żegnaj
zegnajcie	żegnajcie
zegnam	żegnam
zegnamy	żegnamy
zejda	zejdą
zejde	zejdę
zejdz	zejdź
zejdzcie	zejdźcie
zejdzmy	zejdźmy
zejsc	zejść
zejscia	zejścia
zejscie	zejście
zel	żel
zelaza	żelaza
zelazne	żelazne
zelaznej	żelaznej
zelazny	żelazny
zelazo	żelazo
zelki	żelki
zelu	żelu
zem	żem
zemdlal	zemdlał
zemdlala	zemdlała
zemdlalam	zemdlałam
zemdlalem	zemdlałem
zemdlales	zemdlałeś
zemdlec	zemdleć
zemdleje	zemdleję
zemsci	zemści
zemscic	zemścić
zemscie	zemście
zemste	zemstę
zemszcze	zemszczę
zenada	żenada
zeni	żeni
zenic	żenić
zenie	żenię
zenisz	żenisz
zenski	żeński
zenskie	żeńskie
zenskiego	żeńskiego
zenskiej	żeńskiej
zenujace	żenujące
zepchnac	zepchnąć
zepchnal	zepchnął
zepsuc	zepsuć
zepsul	zepsuł
zepsula	zepsuła
zepsulam	zepsułam
zepsulas	zepsułaś
zepsulem	zepsułem
zepsules	zepsułeś
zepsulo	zepsuło
zerknac	zerknąć
zerkne	zerknę
zerwac	zerwać
zerwal	zerwał
zerwala	zerwała
zerwalam	zerwałam
zerwalas	zerwałaś
zerwalem	zerwałem
zerwales	zerwałeś
zerwaliscie	zerwaliście
zerwalismy	zerwaliśmy
zerwe	zerwę
zerznac	zerżnąć
zes	żeś
zescie	żeście
zeslal	zesłał
zeslany	zesłany
zeslij	ześlij
zesmy	żeśmy
zespol	zespół
zespolem	zespołem
zespolow	zespołów
zespolowa	zespołowa
zespolowi	zespołowi
zespolu	zespołu
zespoly	zespoły
zestarzec	zestarzeć
zestrzelic	zestrzelić
zesz	żesz
zeszla	zeszła
zeszlam	zeszłam
zeszlego	zeszłego
zeszlej	zeszłej
zeszlismy	zeszliśmy
zeszlo	zeszło
zeszly	zeszły
zeszlym	zeszłym
zeton	żeton
zetonow	żetonów
zetony	żetony
zetrzec	zetrzeć
zewnatrz	zewnątrz
zewnetrzne	zewnętrzne
zewnetrznego	zewnętrznego
zewnetrznej	zewnętrznej
zewnetrzny	zewnętrzny
zewnetrznych	zewnętrznych
zewnetrznym	zewnętrznym
zewszad	zewsząd
zeznac	zeznać
zeznal	zeznał
zeznala	zeznała
zeznan	zeznań
zeznawac	zeznawać
zeznawal	zeznawał
zeznawala	zeznawała
zezwolil	zezwolił
zgadl	zgadł
zgadlem	zgadłem
zgadles	zgadłeś
zgadnac	zgadnąć
zgadne	zgadnę
zgaduje	zgaduję
zgadywac	zgadywać
zgadzac	zgadzać
zgadzaja	zgadzają
zgadzal	zgadzał
zgadzalo	zgadzało
zgarna	zgarną
zgarnac	zgarnąć
zgarnal	zgarnął
zgarne	zgarnę
zgarnela	zgarnęła
zgarneli	zgarnęli
zgarnelismy	zgarnęliśmy
zgarniecia	zgarnięcia
zgas	zgaś
zgascie	zgaście
zgasic	zgasić
zgasl	zgasł
zgaslo	zgasło
zgasly	zgasły
zgasnie	zgaśnie
zgin	zgiń
zgina	zginą
zginac	zginąć
zginal	zginął
zginalem	zginąłem
zginales	zginąłeś
zgine	zginę
zginela	zginęła
zginelam	zginęłam
zginelas	zginęłaś
zgineli	zginęli
zginelismy	zginęliśmy
zginelo	zginęło
zginely	zginęły
zgladzic	zgładzić
zglasza	zgłasza
zglaszac	zgłaszać
zglaszaja	zgłaszają
zglaszam	zgłaszam
zglodnialem	zgłodniałem
zglos	zgłoś
zgloscie	zgłoście
zglosi	zgłosi
zglosic	zgłosić
zglosil	zgłosił
zglosila	zgłosiła
zglosilam	zgłosiłam
zglosilas	zgłosiłaś
zglosilem	zgłosiłem
zglosiles	zgłosiłeś
zglosili	zgłosili
zglosisz	zgłosisz
zglosza	zgłoszą
zglosze	zgłoszę
zgloszen	zgłoszeń
zgloszenia	zgłoszenia
zgloszenie	zgłoszenie
zgloszono	zgłoszono
zglupiales	zgłupiałeś
zgnic	zgnić
zgniesc	zgnieść
zgnile	zgniłe
zgnily	zgniły
zgode	zgodę
zgodnosc	zgodność
zgodnosci	zgodności
zgodz	zgódź
zgodza	zgodzą
zgodze	zgodzę
zgodzic	zgodzić
zgodzil	zgodził
zgodzila	zgodziła
zgodzilam	zgodziłam
zgodzilas	zgodziłaś
zgodzilby	zgodziłby
zgodzilbym	zgodziłbym
zgodzilem	zgodziłem
zgodziles	zgodziłeś
zgodzilismy	zgodziliśmy
zgonow	zgonów
zgorzknialy	zgorzkniały
zgrac	zgrać
zgromadzic	zgromadzić
zgrywac	zgrywać
zgrzeszylem	zgrzeszyłem
zgube	zgubę
zgubic	zgubić
zgubie	zgubię
zgubil	zgubił
zgubila	zgubiła
zgubilam	zgubiłam
zgubilas	zgubiłaś
zgubilem	zgubiłem
zgubiles	zgubiłeś
zgubiliscie	zgubiliście
zgubilismy	zgubiliśmy
zgwalcic	zgwałcić
zgwalcil	zgwałcił
zgwalcilem	zgwałciłem
zgwalciles	zgwałciłeś
zgwalcili	zgwałcili
zgwalcona	zgwałcona
zgwalcono	zgwałcono
zhakowac	zhakować
zidentyfikowac	zidentyfikować
zidentyfikowal	zidentyfikował
zidentyfikowala	zidentyfikowała
zidentyfikowalem	zidentyfikowałem
zidentyfikowalismy	zidentyfikowaliśmy
ziec	zięć
ziecia	zięcia
zieciem	zięciem
zielen	zieleń
ziemie	ziemię
ziemniakow	ziemniaków
zignorowac	zignorować
zignorowal	zignorował
zime	zimę
ziol	ziół
ziola	zioła
ziolko	ziółko
ziolo	zioło
ziomkow	ziomków
ziomus	ziomuś
zjadac	zjadać
zjadaja	zjadają
zjadl	zjadł
zjadla	zjadła
zjadlam	zjadłam
zjadlas	zjadłaś
zjadlbym	zjadłbym
zjadlem	zjadłem
zjadles	zjadłeś
zjadly	zjadły
zjawic	zjawić
zjawie	zjawię
zjawil	zjawił
zjawila	zjawiła
zjawilas	zjawiłaś
zjawilem	zjawiłem
zjawiles	zjawiłeś
zjebalem	zjebałem
zjebales	zjebałeś
zjechac	zjechać
zjechal	zjechał
zjedlismy	zjedliśmy
zjednoczyc	zjednoczyć
zjedza	zjedzą
zjesc	zjeść
zjezdza	zjeżdża
zjezdzac	zjeżdżać
zjezdzaj	zjeżdżaj
zjezdzamy	zjeżdżamy
zjezdzie	zjeździe
zla	zła
zlaczyc	złączyć
zlagodzic	złagodzić
zlam	złam
zlamac	złamać
zlamal	złamał
zlamala	złamała
zlamalam	złamałam
zlamalas	złamałaś
zlamalem	złamałem
zlamales	złamałeś
zlamali	złamali
zlamalismy	złamaliśmy
zlamalo	złamało
zlaman	złamań
zlamane	złamane
zlamanego	złamanego
zlamania	złamania
zlamanie	złamanie
zlamany	złamany
zlamanych	złamanych
zlamanym	złamanym
zlamasie	złamasie
zlamia	złamią
zlamiemy	złamiemy
zlamiesz	złamiesz
zlap	złap
zlapac	złapać
zlapal	złapał
zlapala	złapała
zlapalam	złapałam
zlapalas	złapałaś
zlapalem	złapałem
zlapales	złapałeś
zlapali	złapali
zlapaliscie	złapaliście
zlapalismy	złapaliśmy
zlapalo	złapało
zlapaly	złapały
zlapana	złapana
zlapani	złapani
zlapania	złapania
zlapanie	złapanie
zlapaniu	złapaniu
zlapano	złapano
zlapany	złapany
zlapcie	złapcie
zlapia	złapią
zlapiecie	złapiecie
zlapiemy	złapiemy
zlapiesz	złapiesz
zlapmy	złapmy
zlaz	złaź
zlecen	zleceń
zlecic	zlecić
zlecil	zlecił
zlecilem	zleciłem
zlego	złego
zlej	złej
zlem	złem
zli	źli
zliczyc	zliczyć
zlikwidowac	zlikwidować
zlo	zło
zlobka	żłobka
zlocie	złocie
zloczynca	złoczyńca
zloczyncow	złoczyńców
zloczyncy	złoczyńcy
zlodziei	złodziei
zlodziej	złodziej
zlodzieja	złodzieja
zlodziejami	złodziejami
zlodzieje	złodzieje
zlodziejem	złodziejem
zlodzieju	złodzieju
zlokalizowac	zlokalizować
zlokalizowalismy	zlokalizowaliśmy
zlom	złom
zlomowisko	złomowisko
zlomowisku	złomowisku
zlomu	złomu
zlosc	złość
zlosci	złości
zloscia	złością
zloscic	złościć
zloscisz	złościsz
zlosliwa	złośliwa
zlosliwe	złośliwe
zlosliwosci	złośliwości
zlosliwy	złośliwy
zloszcze	złoszczę
zlota	złota
zlote	złote
zlotego	złotego
zlotej	złotej
zlotem	złotem
zlotko	złotko
zloto	złoto
zloty	złoty
zlotych	złotych
zlotym	złotym
zlotymi	złotymi
zlowic	złowić
zloz	złóż
zlozcie	złóżcie
zloze	złożę
zlozenia	złożenia
zlozenie	złożenie
zlozmy	złóżmy
zlozona	złożona
zlozone	złożone
zlozono	złożono
zlozony	złożony
zlozonych	złożonych
zlozy	złoży
zlozyc	złożyć
zlozyl	złożył
zlozyla	złożyła
zlozylam	złożyłam
zlozylas	złożyłaś
zlozylem	złożyłem
zlozyles	złożyłeś
zlozyli	złożyli
zlozylismy	złożyliśmy
zlozylo	złożyło
zlozymy	złożymy
zlozysz	złożysz
zlu	złu
zludzen	złudzeń
zludzenia	złudzenia
zludzenie	złudzenie
zly	zły
zlych	złych
zlym	złym
zlymi	złymi
zmagac	zmagać
zmarl	zmarł
zmarla	zmarła
zmarlego	zmarłego
zmarlej	zmarłej
zmarlo	zmarło
zmarly	zmarły
zmarlych	zmarłych
zmarlym	zmarłym
zmarlymi	zmarłymi
zmarnowac	zmarnować
zmarnowal	zmarnował
zmarnowalam	zmarnowałam
zmarnowalem	zmarnowałem
zmarnowales	zmarnowałeś
zmarnowalismy	zmarnowaliśmy
zmartwien	zmartwień
zmartwychwstal	zmartwychwstał
zmeczeni	zmęczeni
zmeczenia	zmęczenia
zmeczenie	zmęczenie
zmeczona	zmęczona
zmeczone	zmęczone
zmeczonego	zmęczonego
zmeczony	zmęczony
zmeczy	zmęczy
zmeczylem	zmęczyłem
zmeczylo	zmęczyło
zmiane	zmianę
zmiazdze	zmiażdżę
zmiazdzona	zmiażdżona
zmiazdzone	zmiażdżone
zmiazdzony	zmiażdżony
zmiazdzy	zmiażdży
zmiazdzyc	zmiażdżyć
zmien	zmień
zmiencie	zmieńcie
zmieniac	zmieniać
zmieniaja	zmieniają
zmieniajac	zmieniając
zmienial	zmieniał
zmieniala	zmieniała
zmienialem	zmieniałem
zmienic	zmienić
zmienie	zmienię
zmienil	zmienił
zmienila	zmieniła
zmienilam	zmieniłam
zmienilas	zmieniłaś
zmienilem	zmieniłem
zmieniles	zmieniłeś
zmieniliscie	zmieniliście
zmienilismy	zmieniliśmy
zmienilo	zmieniło
zmienily	zmieniły
zmienmy	zmieńmy
zmiennoksztaltny	zmiennokształtny
zmierzac	zmierzać
zmierzaja	zmierzają
zmierzal	zmierzał
zmierze	zmierzę
zmierzyc	zmierzyć
zmiesci	zmieści
zmiescic	zmieścić
zmiescimy	zmieścimy
zmieszac	zmieszać
zmieszcze	zmieszczę
zmija	żmija
zmiluj	zmiłuj
zminimalizowac	zminimalizować
zmniejszyc	zmniejszyć
zmodyfikowac	zmodyfikować
zmotywowac	zmotywować
zmus	zmuś
zmusic	zmusić
zmusil	zmusił
zmusila	zmusiła
zmusilam	zmusiłam
zmusilas	zmusiłaś
zmusilem	zmusiłem
zmusiles	zmusiłeś
zmusilo	zmusiło
zmusily	zmusiły
zmuszac	zmuszać
zmuszaja	zmuszają
zmuszajac	zmuszając
zmuszal	zmuszał
zmusze	zmuszę
zmyc	zmyć
zmyl	zmył
zmylic	zmylić
zmylka	zmyłka
zmysl	zmysł
zmysla	zmyśla
zmyslach	zmysłach
zmyslam	zmyślam
zmyslasz	zmyślasz
zmyslilam	zmyśliłam
zmyslilem	zmyśliłem
zmyslone	zmyślone
zmyslow	zmysłów
zmyslu	zmysłu
zmysly	zmysły
zmywac	zmywać
znac	znać
znacza	znaczą
znaczace	znaczące
znaczacego	znaczącego
znaczaco	znacząco
znaczacy	znaczący
znaczacych	znaczących
znaczacym	znaczącym
znacze	znaczę
znaczkow	znaczków
znaczyc	znaczyć
znaczyl	znaczył
znaczyla	znaczyła
znaczylo	znaczyło
znaczyloby	znaczyłoby
znaczyly	znaczyły
znaja	znają
znajac	znając
znajda	znajdą
znajde	znajdę
znajdowac	znajdować
znajdowal	znajdował
znajdowala	znajdowała
znajdowalo	znajdowało
znajdowaly	znajdowały
znajduja	znajdują
znajdujac	znajdując
znajdujace	znajdujące
znajdujacych	znajdujących
znajdz	znajdź
znajdzcie	znajdźcie
znajdzmy	znajdźmy
znajomosc	znajomość
znajomosci	znajomości
znakow	znaków
znal	znał
znala	znała
znalam	znałam
znalas	znałaś
znalazl	znalazł
znalazla	znalazła
znalazlam	znalazłam
znalazlas	znalazłaś
znalazlby	znalazłby
znalazlbym	znalazłbym
znalazlbys	znalazłbyś
znalazlem	znalazłem
znalazles	znalazłeś
znalazlo	znalazło
znalazly	znalazły
znalazlysmy	znalazłyśmy
znalem	znałem
znales	znałeś
znalesc	znaleść
znalezc	znaleźć
znalezli	znaleźli
znalezlibysmy	znaleźlibyśmy
znalezliscie	znaleźliście
znalezlismy	znaleźliśmy
znaliscie	znaliście
znalismy	znaliśmy
znaly	znały
znamie	znamię
znecac	znęcać
znecal	znęcał
znecania	znęcania
znecanie	znęcanie
zneutralizowac	zneutralizować
zniechecic	zniechęcić
znienawidza	znienawidzą
znienawidzic	znienawidzić
zniesc	znieść
znieslawienie	zniesławienie
zniewage	zniewagę
znikac	znikać
znikad	znikąd
znikaja	znikają
znikal	znikał
znikl	znikł
znikla	znikła
zniklo	znikło
znikly	znikły
znikna	znikną
zniknac	zniknąć
zniknal	zniknął
zniknalem	zniknąłem
zniknales	zniknąłeś
znikne	zniknę
zniknela	zniknęła
zniknelas	zniknęłaś
znikneli	zniknęli
zniknelo	zniknęło
zniknely	zniknęły
znikniecia	zniknięcia
znikniecie	zniknięcie
zniknieciem	zniknięciem
zniknieciu	zniknięciu
zniose	zniosę
zniosl	zniósł
zniosla	zniosła
znioslabym	zniosłabym
znioslbym	zniósłbym
zniszcza	zniszczą
zniszcze	zniszczę
zniszczen	zniszczeń
zniszczyc	zniszczyć
zniszczyl	zniszczył
zniszczyla	zniszczyła
zniszczylam	zniszczyłam
zniszczylas	zniszczyłaś
zniszczylem	zniszczyłem
zniszczyles	zniszczyłeś
zniszczyliscie	zniszczyliście
zniszczylismy	zniszczyliśmy
zniszczylo	zniszczyło
zniszczyly	zniszczyły
zniw	żniw
zniwa	żniwa
zniwo	żniwo
znizke	zniżkę
znizki	zniżki
znosic	znosić
znosil	znosił
znosilam	znosiłam
znosilem	znosiłem
znosza	znoszą
znosze	znoszę
znow	znów
znudzilo	znudziło
zobacza	zobaczą
zobacze	zobaczę
zobaczyc	zobaczyć
zobaczyl	zobaczył
zobaczyla	zobaczyła
zobaczylam	zobaczyłam
zobaczylas	zobaczyłaś
zobaczylem	zobaczyłem
zobaczyles	zobaczyłeś
zobaczylismy	zobaczyliśmy
zobaczyly	zobaczyły
zobowiazan	zobowiązań
zobowiazana	zobowiązana
zobowiazani	zobowiązani
zobowiazania	zobowiązania
zobowiazanie	zobowiązanie
zobowiazany	zobowiązany
zobowiazuje	zobowiązuje
zoladek	żołądek
zoladka	żołądka
zoladkiem	żołądkiem
zoladku	żołądku
zolci	żółci
zolnierz	żołnierz
zolnierza	żołnierza
zolnierzami	żołnierzami
zolnierze	żołnierze
zolnierzem	żołnierzem
zolnierzom	żołnierzom
zolnierzu	żołnierzu
zolnierzy	żołnierzy
zolte	żółte
zoltego	żółtego
zoltej	żółtej
zoltki	żółtki
zoltodziob	żółtodziób
zolty	żółty
zoltych	żółtych
zoltym	żółtym
zolw	żółw
zolwi	żółwi
zolwia	żółwia
zolwie	żółwie
zolwik	żółwik
zolwiu	żółwiu
zon	żon
zona	żona
zonaci	żonaci
zonami	żonami
zonaty	żonaty
zonatym	żonatym
zone	żonę
zonie	żonie
zonka	żonka
zono	żono
zony	żony
zoperowac	zoperować
zorganizowac	zorganizować
zorganizowal	zorganizował
zorganizowala	zorganizowała
zorganizowalem	zorganizowałem
zorientowac	zorientować
zorientowal	zorientował
zorientowala	zorientowała
zorientowalam	zorientowałam
zorientowalem	zorientowałem
zorientuja	zorientują
zostac	zostać
zostaja	zostają
zostajac	zostając
zostal	został
zostala	została
zostalaby	zostałaby
zostalabym	zostałabym
zostalam	zostałam
zostalas	zostałaś
zostalby	zostałby
zostalbym	zostałbym
zostalbys	zostałbyś
zostalem	zostałem
zostales	zostałeś
zostaliscie	zostaliście
zostalismy	zostaliśmy
zostalo	zostało
zostaloby	zostałoby
zostaly	zostały
zostalysmy	zostałyśmy
zostan	zostań
zostana	zostaną
zostancie	zostańcie
zostane	zostanę
zostanmy	zostańmy
zostawac	zostawać
zostawal	zostawał
zostawiac	zostawiać
zostawiaja	zostawiają
zostawiajac	zostawiając
zostawial	zostawiał
zostawic	zostawić
zostawie	zostawię
zostawil	zostawił
zostawila	zostawiła
zostawilam	zostawiłam
zostawilas	zostawiłaś
zostawilby	zostawiłby
zostawilbym	zostawiłbym
zostawilem	zostawiłem
zostawiles	zostawiłeś
zostawiliscie	zostawiliście
zostawilismy	zostawiliśmy
zostawilo	zostawiło
zostawily	zostawiły
zowad	zowąd
zranic	zranić
zranie	zranię
zranil	zranił
zranila	zraniła
zranilam	zraniłam
zranilas	zraniłaś
zranilem	zraniłem
zraniles	zraniłeś
zranilo	zraniło
zrealizowac	zrealizować
zrec	żreć
zredukowac	zredukować
zrekompensowac	zrekompensować
zrelaksowac	zrelaksować
zrenice	źrenice
zresetowac	zresetować
zreszta	zresztą
zrewanzowac	zrewanżować
zrezygnowac	zrezygnować
zrezygnowal	zrezygnował
zrezygnowala	zrezygnowała
zrezygnowalam	zrezygnowałam
zrezygnowalas	zrezygnowałaś
zrezygnowalem	zrezygnowałem
zrezygnowales	zrezygnowałeś
zrob	zrób
zrobcie	zróbcie
zrobia	zrobią
zrobic	zrobić
zrobie	zrobię
zrobil	zrobił
zrobila	zrobiła
zrobilaby	zrobiłaby
zrobilabym	zrobiłabym
zrobilabys	zrobiłabyś
zrobilam	zrobiłam
zrobilas	zrobiłaś
zrobilby	zrobiłby
zrobilbym	zrobiłbym
zrobilbys	zrobiłbyś
zrobilem	zrobiłem
zrobiles	zrobiłeś
zrobilibysmy	zrobilibyśmy
zrobiliscie	zrobiliście
zrobilismy	zrobiliśmy
zrobilo	zrobiło
zrobiloby	zrobiłoby
zrobily	zrobiły
zrobilyscie	zrobiłyście
zrobilysmy	zrobiłyśmy
zrobmy	zróbmy
zrodel	źródeł
zrodla	źródła
zrodlem	źródłem
zrodlo	źródło
zrownac	zrównać
zrozumial	zrozumiał
zrozumiala	zrozumiała
zrozumialam	zrozumiałam
zrozumialas	zrozumiałaś
zrozumialbys	zrozumiałbyś
zrozumiale	zrozumiałe
zrozumialem	zrozumiałem
zrozumiales	zrozumiałeś
zrozumialy	zrozumiały
zrozumiec	zrozumieć
zrozumieja	zrozumieją
zrozumieliscie	zrozumieliście
zrozumielismy	zrozumieliśmy
zrujnowac	zrujnować
zrujnowal	zrujnował
zrujnowala	zrujnowała
zrujnowalas	zrujnowałaś
zrujnowalem	zrujnowałem
zrujnowales	zrujnowałeś
zrujnowalo	zrujnowało
zryj	żryj
zrywac	zrywać
zrzedliwy	zrzędliwy
zrzedzic	zrzędzić
zrzuc	zrzuć
zrzucac	zrzucać
zrzuce	zrzucę
zrzucic	zrzucić
zrzucil	zrzucił
zrzucila	zrzuciła
zrzucilem	zrzuciłem
zrzuciles	zrzuciłeś
zszedl	zszedł
zszedlem	zszedłem
zszyc	zszyć
zuc	żuć
zuchwaly	zuchwały
zucia	żucia
zupe	zupę
zupelne	zupełne
zupelnie	zupełnie
zupelnosci	zupełności
zupelny	zupełny
zuzycie	zużycie
zuzyte	zużyte
zuzywa	zużywa
zwa	zwą
zwabic	zwabić
zwabil	zwabił
zwalczac	zwalczać
zwalczyc	zwalczyć
zwalic	zwalić
zwalil	zwalił
zwalniac	zwalniać
zwalniaja	zwalniają
zwariowac	zwariować
zwariowal	zwariował
zwariowala	zwariowała
zwariowalam	zwariowałam
zwariowalas	zwariowałaś
zwariowalem	zwariowałem
zwariowales	zwariowałeś
zwariowaliscie	zwariowaliście
zwatpienia	zwątpienia
zwatpienie	zwątpienie
zwawo	żwawo
zwazaj	zważaj
zwazajac	zważając
zwazywszy	zważywszy
zwerbowac	zwerbować
zweryfikowac	zweryfikować
zwiac	zwiać
zwiadowcow	zwiadowców
zwial	zwiał
zwiala	zwiała
zwiaz	zwiąż
zwiazac	związać
zwiazal	związał
zwiazala	związała
zwiazana	związana
zwiazane	związane
zwiazanego	związanego
zwiazanej	związanej
zwiazani	związani
zwiazany	związany
zwiazanych	związanych
zwiazanym	związanym
zwiazanymi	związanymi
zwiazcie	zwiążcie
zwiaze	zwiążę
zwiazek	związek
zwiazkach	związkach
zwiazkami	związkami
zwiazki	związki
zwiazkiem	związkiem
zwiazkow	związków
zwiazkowi	związkowi
zwiazku	związku
zwiedzac	zwiedzać
zwiedzic	zwiedzić
zwieksz	zwiększ
zwieksza	zwiększa
zwiekszenia	zwiększenia
zwiekszenie	zwiększenie
zwiekszy	zwiększy
zwiekszyc	zwiększyć
zwiekszyl	zwiększył
zwiekszymy	zwiększymy
zwierzat	zwierząt
zwierzatka	zwierzątka
zwierzatko	zwierzątko
zwierze	zwierzę
zwierzece	zwierzęce
zwierzecia	zwierzęcia
zwierzeciem	zwierzęciem
zwierzeciu	zwierzęciu
zwierzecy	zwierzęcy
zwierzeta	zwierzęta
zwierzetach	zwierzętach
zwierzetami	zwierzętami
zwierzetom	zwierzętom
zwierzyc	zwierzyć
zwierzyne	zwierzynę
zwiesc	zwieść
zwiewac	zwiewać
zwijac	zwijać
zwinac	zwinąć
zwinal	zwinął
zwinalem	zwinąłem
zwineli	zwinęli
zwlaszcza	zwłaszcza
zwlekac	zwlekać
zwlok	zwłok
zwlokach	zwłokach
zwlokami	zwłokami
zwloke	zwłokę
zwloki	zwłoki
zwodzic	zwodzić
zwoj	zwój
zwolac	zwołać
zwolaj	zwołaj
zwolal	zwołał
zwolennikow	zwolenników
zwolnia	zwolnią
zwolnic	zwolnić
zwolnie	zwolnię
zwolnien	zwolnień
zwolnil	zwolnił
zwolnila	zwolniła
zwolnilam	zwolniłam
zwolnilem	zwolniłem
zwolniles	zwolniłeś
zwolnilo	zwolniło
zwracac	zwracać
zwracaja	zwracają
zwracajac	zwracając
zwracal	zwracał
zwroc	zwróć
zwroca	zwrócą
zwroccie	zwróćcie
zwroce	zwrócę
zwrocenie	zwrócenie
zwroci	zwróci
zwrocic	zwrócić
zwrocil	zwrócił
zwrocila	zwróciła
zwrocilam	zwróciłam
zwrocilem	zwróciłem
zwrociles	zwróciłeś
zwrocili	zwrócili
zwrocilo	zwróciło
zwrocimy	zwrócimy
zwrocisz	zwrócisz
zwrocone	zwrócone
zwrotow	zwrotów
zwycieski	zwycięski
zwyciestw	zwycięstw
zwyciestwa	zwycięstwa
zwyciestwem	zwycięstwem
zwyciestwie	zwycięstwie
zwyciestwo	zwycięstwo
zwycieza	zwycięża
zwyciezcami	zwycięzcami
zwyciezce	zwycięzcę
zwyciezcow	zwycięzców
zwyciezcy	zwycięzcy
zwyciezy	zwycięży
zwyciezyc	zwyciężyć
zwyciezyl	zwyciężył
zwyciezyla	zwyciężyła
zwyciezymy	zwyciężymy
zwyczajow	zwyczajów
zwykl	zwykł
zwykla	zwykła
zwyklego	zwykłego
zwyklej	zwykłej
zwyklem	zwykłem
zwykly	zwykły
zwyklych	zwykłych
zwyklym	zwykłym
zwyklymi	zwykłymi
zwymiotowac	zwymiotować
zwymiotowal	zwymiotował
zwymiotuje	zwymiotuję
zyc	żyć
zycia	życia
zyciach	życiach
zycie	życie
zyciem	życiem
zyciorys	życiorys
zyciowe	życiowe
zyciowego	życiowego
zyciowej	życiowej
zyciowy	życiowy
zyciowych	życiowych
zyciowym	życiowym
zyciu	życiu
zycz	życz
zycza	życzą
zyczcie	życzcie
zycze	życzę
zyczen	życzeń
zyczenia	życzenia
zyczeniami	życzeniami
zyczenie	życzenie
zyczeniem	życzeniem
zyczliwosc	życzliwość
zyczliwosci	życzliwości
zyczliwy	życzliwy
zyczy	życzy
zyczyc	życzyć
zyczyl	życzył
zyczyla	życzyła
zyczymy	życzymy
zyczysz	życzysz
zyd	żyd
zyda	żyda
zydami	żydami
zydem	żydem
zydom	żydom
zydow	żydów
zydowka	żydówką
zydowska	żydowska
zydowski	żydowski
zydowskich	żydowskich
zydowskie	żydowskie
zydowskiego	żydowskiego
zydowskiej	żydowskiej
zydowskim	żydowskim
zydzi	żydzi
zyj	żyj
zyja	żyją
zyjac	żyjąc
zyjace	żyjące
zyjacego	żyjącego
zyjacy	żyjący
zyjacych	żyjących
zyjacym	żyjącym
zyje	żyje
zyjecie	żyjecie
zyjemy	żyjemy
zyjesz	żyjesz
zyl	żył
zyla	żyła
zylach	żyłach
zylam	żyłam
zylas	żyłaś
zyle	żyłę
zylem	żyłem
zyles	żyłeś
zyli	żyli
zylismy	żyliśmy
zylo	żyło
zyly	żyły
zyrandol	żyrandol
zyskac	zyskać
zyskal	zyskał
zyskala	zyskała
zyskalem	zyskałem
zyskales	zyskałeś
zyskalismy	zyskaliśmy
zyskow	zysków
zywcem	żywcem
zywe	żywe
zywego	żywego
zywej	żywej
zywi	żywi
zywia	żywią
zywic	żywić
zywie	żywię
zywil	żywił
zywiol	żywioł
zywisz	żywisz
zywnosc	żywność
zywnosci	żywności
zywnoscia	żywnością
zywnosciowe	żywnościowe
zywo	żywo
zywot	żywot
zywota	żywota
zywy	żywy
zywych	żywych
zywym	żywym
zywymi	żywymi
zzera	zżera
zzyci	zżyci
